timestamp,sensor,value,lower_fence,upper_fence
2025-08-01 01:09:00,sump_flow_lpm,0.0866829267917464,-0.03364186846979148,0.07285400828325314
2025-08-01 02:34:00,sump_flow_lpm,0.0848807396523051,-0.03364186846979148,0.07285400828325314
2025-08-01 04:21:00,sump_flow_lpm,0.0922113949569263,-0.03364186846979148,0.07285400828325314
2025-08-01 05:05:00,sump_flow_lpm,0.0744711401739998,-0.03364186846979148,0.07285400828325314
2025-08-01 06:30:00,sump_flow_lpm,0.0931400978028046,-0.03364186846979148,0.07285400828325314
2025-08-01 07:21:00,sump_flow_lpm,0.0863091712411618,-0.03364186846979148,0.07285400828325314
2025-08-01 07:26:00,sump_flow_lpm,0.0853754787920396,-0.03364186846979148,0.07285400828325314
2025-08-01 07:55:00,sump_flow_lpm,0.0991365721585206,-0.03364186846979148,0.07285400828325314
2025-08-01 08:18:00,sump_flow_lpm,0.0732992024504513,-0.03364186846979148,0.07285400828325314
2025-08-01 08:19:00,sump_flow_lpm,0.0856773115110507,-0.03364186846979148,0.07285400828325314
2025-08-01 08:38:00,sump_flow_lpm,0.0872855093644033,-0.03364186846979148,0.07285400828325314
2025-08-01 08:51:00,sump_flow_lpm,0.1634489119563616,-0.03364186846979148,0.07285400828325314
2025-08-01 08:52:00,sump_flow_lpm,0.1138974680148866,-0.03364186846979148,0.07285400828325314
2025-08-01 09:41:00,sump_flow_lpm,0.0782730619516118,-0.03364186846979148,0.07285400828325314
2025-08-01 11:01:00,sump_flow_lpm,0.0861239154433962,-0.03364186846979148,0.07285400828325314
2025-08-01 11:15:00,sump_flow_lpm,0.0807728433203184,-0.03364186846979148,0.07285400828325314
2025-08-01 11:45:00,sump_flow_lpm,0.0920240262279065,-0.03364186846979148,0.07285400828325314
2025-08-01 13:30:00,sump_flow_lpm,0.0837834797824141,-0.03364186846979148,0.07285400828325314
2025-08-01 14:07:00,sump_flow_lpm,0.1153616323030151,-0.03364186846979148,0.07285400828325314
2025-08-01 15:32:00,sump_flow_lpm,0.0832124832637446,-0.03364186846979148,0.07285400828325314
2025-08-01 16:51:00,sump_flow_lpm,0.0879111683481065,-0.03364186846979148,0.07285400828325314
2025-08-01 17:34:00,sump_flow_lpm,0.1236438882169465,-0.03364186846979148,0.07285400828325314
2025-08-01 17:41:00,sump_flow_lpm,0.0828079407368261,-0.03364186846979148,0.07285400828325314
2025-08-01 17:54:00,sump_flow_lpm,0.087999559582246,-0.03364186846979148,0.07285400828325314
2025-08-01 18:08:00,sump_flow_lpm,0.0945888937218562,-0.03364186846979148,0.07285400828325314
2025-08-01 18:24:00,sump_flow_lpm,0.1056009953809941,-0.03364186846979148,0.07285400828325314
2025-08-01 19:31:00,sump_flow_lpm,0.0794632693594881,-0.03364186846979148,0.07285400828325314
2025-08-01 20:09:00,sump_flow_lpm,0.1170305752331395,-0.03364186846979148,0.07285400828325314
2025-08-01 20:28:00,sump_flow_lpm,0.0826754105826354,-0.03364186846979148,0.07285400828325314
2025-08-01 21:17:00,sump_flow_lpm,0.0863436531045886,-0.03364186846979148,0.07285400828325314
2025-08-01 22:04:00,sump_flow_lpm,0.0744820561886818,-0.03364186846979148,0.07285400828325314
2025-08-01 22:13:00,sump_flow_lpm,0.1121726246409541,-0.03364186846979148,0.07285400828325314
2025-08-01 22:14:00,sump_flow_lpm,0.0736127995578019,-0.03364186846979148,0.07285400828325314
2025-08-01 22:28:00,sump_flow_lpm,0.08788127783033,-0.03364186846979148,0.07285400828325314
2025-08-01 23:44:00,sump_flow_lpm,0.0862950216906675,-0.03364186846979148,0.07285400828325314
2025-08-02 00:24:00,sump_flow_lpm,0.1488344581940881,-0.03364186846979148,0.07285400828325314
2025-08-02 00:26:00,sump_flow_lpm,0.0755972622512445,-0.03364186846979148,0.07285400828325314
2025-08-02 02:24:00,sump_flow_lpm,0.0881026632676265,-0.03364186846979148,0.07285400828325314
2025-08-02 02:31:00,sump_flow_lpm,0.0947877361572874,-0.03364186846979148,0.07285400828325314
2025-08-02 02:32:00,sump_flow_lpm,0.0947877361572874,-0.03364186846979148,0.07285400828325314
2025-08-02 02:56:00,sump_flow_lpm,0.1027899334941461,-0.03364186846979148,0.07285400828325314
2025-08-02 03:18:00,sump_flow_lpm,0.0978130992409611,-0.03364186846979148,0.07285400828325314
2025-08-02 03:44:00,sump_flow_lpm,0.0969652653072047,-0.03364186846979148,0.07285400828325314
2025-08-02 04:01:00,sump_flow_lpm,0.0742718060425416,-0.03364186846979148,0.07285400828325314
2025-08-02 04:35:00,sump_flow_lpm,0.1054386395347333,-0.03364186846979148,0.07285400828325314
2025-08-02 04:38:00,sump_flow_lpm,0.082305961553139,-0.03364186846979148,0.07285400828325314
2025-08-02 04:47:00,sump_flow_lpm,0.1142575977359987,-0.03364186846979148,0.07285400828325314
2025-08-02 05:14:00,sump_flow_lpm,0.0744891004628575,-0.03364186846979148,0.07285400828325314
2025-08-02 06:30:00,sump_flow_lpm,0.0782108114543443,-0.03364186846979148,0.07285400828325314
2025-08-02 07:04:00,sump_flow_lpm,0.0835585319003389,-0.03364186846979148,0.07285400828325314
2025-08-02 07:29:00,sump_flow_lpm,0.0960967088177227,-0.03364186846979148,0.07285400828325314
2025-08-02 07:52:00,sump_flow_lpm,0.1121749246141811,-0.03364186846979148,0.07285400828325314
2025-08-02 08:34:00,sump_flow_lpm,0.1281094576126828,-0.03364186846979148,0.07285400828325314
2025-08-02 09:47:00,sump_flow_lpm,0.0795815235768336,-0.03364186846979148,0.07285400828325314
2025-08-02 10:38:00,sump_flow_lpm,0.083980314498599,-0.03364186846979148,0.07285400828325314
2025-08-02 11:09:00,sump_flow_lpm,0.0821139424456347,-0.03364186846979148,0.07285400828325314
2025-08-02 11:24:00,sump_flow_lpm,0.0828417075290234,-0.03364186846979148,0.07285400828325314
2025-08-02 12:05:00,sump_flow_lpm,0.0773648483318978,-0.03364186846979148,0.07285400828325314
2025-08-02 12:40:00,sump_flow_lpm,0.0752723432070467,-0.03364186846979148,0.07285400828325314
2025-08-02 13:23:00,sump_flow_lpm,0.1077977621772016,-0.03364186846979148,0.07285400828325314
2025-08-02 14:34:00,sump_flow_lpm,0.0987203148395622,-0.03364186846979148,0.07285400828325314
2025-08-02 16:08:00,sump_flow_lpm,0.0885170061872906,-0.03364186846979148,0.07285400828325314
2025-08-02 16:32:00,sump_flow_lpm,0.0827197919200056,-0.03364186846979148,0.07285400828325314
2025-08-02 17:00:00,sump_flow_lpm,0.1018208252788492,-0.03364186846979148,0.07285400828325314
2025-08-02 17:25:00,sump_flow_lpm,0.0792530442628594,-0.03364186846979148,0.07285400828325314
2025-08-02 17:38:00,sump_flow_lpm,0.0789938158267136,-0.03364186846979148,0.07285400828325314
2025-08-02 18:09:00,sump_flow_lpm,0.1225764598780817,-0.03364186846979148,0.07285400828325314
2025-08-02 18:56:00,sump_flow_lpm,0.0772466793595264,-0.03364186846979148,0.07285400828325314
2025-08-02 21:01:00,sump_flow_lpm,0.0746055516907168,-0.03364186846979148,0.07285400828325314
2025-08-02 21:17:00,sump_flow_lpm,0.0731433090857036,-0.03364186846979148,0.07285400828325314
2025-08-02 21:36:00,sump_flow_lpm,0.0949528896671988,-0.03364186846979148,0.07285400828325314
2025-08-02 22:22:00,sump_flow_lpm,0.0794700220639048,-0.03364186846979148,0.07285400828325314
2025-08-02 22:29:00,sump_flow_lpm,0.1052562786397859,-0.03364186846979148,0.07285400828325314
2025-08-02 22:31:00,sump_flow_lpm,0.0794181977885289,-0.03364186846979148,0.07285400828325314
2025-08-02 22:38:00,sump_flow_lpm,0.0794544041575077,-0.03364186846979148,0.07285400828325314
2025-08-02 22:45:00,sump_flow_lpm,0.0757147756971871,-0.03364186846979148,0.07285400828325314
2025-08-02 23:16:00,sump_flow_lpm,0.099979121518047,-0.03364186846979148,0.07285400828325314
2025-08-03 00:47:00,sump_flow_lpm,0.0838061907736475,-0.03364186846979148,0.07285400828325314
2025-08-03 01:23:00,sump_flow_lpm,0.0768177524450523,-0.03364186846979148,0.07285400828325314
2025-08-03 02:37:00,sump_flow_lpm,0.0786126426655931,-0.03364186846979148,0.07285400828325314
2025-08-03 03:36:00,sump_flow_lpm,0.0754512695137133,-0.03364186846979148,0.07285400828325314
2025-08-03 07:01:00,sump_flow_lpm,0.1174370691992186,-0.03364186846979148,0.07285400828325314
2025-08-03 08:35:00,sump_flow_lpm,0.1112335447229674,-0.03364186846979148,0.07285400828325314
2025-08-03 08:42:00,sump_flow_lpm,0.1361150243977856,-0.03364186846979148,0.07285400828325314
2025-08-03 08:47:00,sump_flow_lpm,0.1208829437208646,-0.03364186846979148,0.07285400828325314
2025-08-03 09:11:00,sump_flow_lpm,0.093510044215741,-0.03364186846979148,0.07285400828325314
2025-08-03 09:23:00,sump_flow_lpm,0.1086649238402963,-0.03364186846979148,0.07285400828325314
2025-08-03 09:24:00,sump_flow_lpm,0.0793908262464862,-0.03364186846979148,0.07285400828325314
2025-08-03 10:22:00,sump_flow_lpm,0.117835279682047,-0.03364186846979148,0.07285400828325314
2025-08-03 10:32:00,sump_flow_lpm,0.0740539971319493,-0.03364186846979148,0.07285400828325314
2025-08-03 11:33:00,sump_flow_lpm,0.0910347325057145,-0.03364186846979148,0.07285400828325314
2025-08-03 12:49:00,sump_flow_lpm,0.1544705904412492,-0.03364186846979148,0.07285400828325314
2025-08-03 13:54:00,sump_flow_lpm,0.0923222893083594,-0.03364186846979148,0.07285400828325314
2025-08-03 13:55:00,sump_flow_lpm,0.2437396053155054,-0.03364186846979148,0.07285400828325314
2025-08-03 13:56:00,sump_flow_lpm,0.48083701820866,-0.03364186846979148,0.07285400828325314
2025-08-03 13:57:00,sump_flow_lpm,0.7104359318862673,-0.03364186846979148,0.07285400828325314
2025-08-03 13:58:00,sump_flow_lpm,0.9567516777023588,-0.03364186846979148,0.07285400828325314
2025-08-03 13:59:00,sump_flow_lpm,1.1873693653073307,-0.03364186846979148,0.07285400828325314
2025-08-03 14:00:00,sump_flow_lpm,1.4259958862021926,-0.03364186846979148,0.07285400828325314
2025-08-03 14:01:00,sump_flow_lpm,1.6898308258575985,-0.03364186846979148,0.07285400828325314
2025-08-03 14:02:00,sump_flow_lpm,1.944927247367337,-0.03364186846979148,0.07285400828325314
2025-08-03 14:03:00,sump_flow_lpm,2.130483369563397,-0.03364186846979148,0.07285400828325314
2025-08-03 14:04:00,sump_flow_lpm,2.371958326450473,-0.03364186846979148,0.07285400828325314
2025-08-03 14:05:00,sump_flow_lpm,2.651699301421768,-0.03364186846979148,0.07285400828325314
2025-08-03 14:06:00,sump_flow_lpm,2.8364413945640794,-0.03364186846979148,0.07285400828325314
2025-08-03 14:07:00,sump_flow_lpm,3.0733673132356736,-0.03364186846979148,0.07285400828325314
2025-08-03 14:08:00,sump_flow_lpm,3.3112465639741773,-0.03364186846979148,0.07285400828325314
2025-08-03 14:09:00,sump_flow_lpm,3.562044591754253,-0.03364186846979148,0.07285400828325314
2025-08-03 14:10:00,sump_flow_lpm,3.783481989325757,-0.03364186846979148,0.07285400828325314
2025-08-03 14:11:00,sump_flow_lpm,4.085372459345492,-0.03364186846979148,0.07285400828325314
2025-08-03 14:12:00,sump_flow_lpm,4.264585681013936,-0.03364186846979148,0.07285400828325314
2025-08-03 14:13:00,sump_flow_lpm,4.502935592654324,-0.03364186846979148,0.07285400828325314
2025-08-03 14:14:00,sump_flow_lpm,4.730940355004934,-0.03364186846979148,0.07285400828325314
2025-08-03 14:15:00,sump_flow_lpm,4.974273234453025,-0.03364186846979148,0.07285400828325314
2025-08-03 14:16:00,sump_flow_lpm,5.219492258987322,-0.03364186846979148,0.07285400828325314
2025-08-03 14:17:00,sump_flow_lpm,5.461887242702513,-0.03364186846979148,0.07285400828325314
2025-08-03 14:18:00,sump_flow_lpm,5.698368495835618,-0.03364186846979148,0.07285400828325314
2025-08-03 14:19:00,sump_flow_lpm,5.923844363473503,-0.03364186846979148,0.07285400828325314
2025-08-03 14:20:00,sump_flow_lpm,6.1898015406817,-0.03364186846979148,0.07285400828325314
2025-08-03 14:21:00,sump_flow_lpm,6.413132091711004,-0.03364186846979148,0.07285400828325314
2025-08-03 14:22:00,sump_flow_lpm,6.643683704092546,-0.03364186846979148,0.07285400828325314
2025-08-03 14:23:00,sump_flow_lpm,6.852793874302865,-0.03364186846979148,0.07285400828325314
2025-08-03 14:24:00,sump_flow_lpm,7.08805146334212,-0.03364186846979148,0.07285400828325314
2025-08-03 14:25:00,sump_flow_lpm,7.328953709034087,-0.03364186846979148,0.07285400828325314
2025-08-03 14:26:00,sump_flow_lpm,7.582225535737217,-0.03364186846979148,0.07285400828325314
2025-08-03 14:27:00,sump_flow_lpm,7.807298060674482,-0.03364186846979148,0.07285400828325314
2025-08-03 14:28:00,sump_flow_lpm,8.043265435086452,-0.03364186846979148,0.07285400828325314
2025-08-03 14:29:00,sump_flow_lpm,8.312417079886009,-0.03364186846979148,0.07285400828325314
2025-08-03 14:30:00,sump_flow_lpm,8.550679510745047,-0.03364186846979148,0.07285400828325314
2025-08-03 14:31:00,sump_flow_lpm,8.789736367749374,-0.03364186846979148,0.07285400828325314
2025-08-03 14:32:00,sump_flow_lpm,8.985557675268424,-0.03364186846979148,0.07285400828325314
2025-08-03 14:33:00,sump_flow_lpm,9.237779350352808,-0.03364186846979148,0.07285400828325314
2025-08-03 14:34:00,sump_flow_lpm,9.456890248187792,-0.03364186846979148,0.07285400828325314
2025-08-03 14:35:00,sump_flow_lpm,9.6910445033376,-0.03364186846979148,0.07285400828325314
2025-08-03 14:36:00,sump_flow_lpm,9.927161126291546,-0.03364186846979148,0.07285400828325314
2025-08-03 14:37:00,sump_flow_lpm,10.167716859728502,-0.03364186846979148,0.07285400828325314
2025-08-03 14:38:00,sump_flow_lpm,10.406847253711826,-0.03364186846979148,0.07285400828325314
2025-08-03 14:39:00,sump_flow_lpm,10.667421260206364,-0.03364186846979148,0.07285400828325314
2025-08-03 14:40:00,sump_flow_lpm,10.87068811667732,-0.03364186846979148,0.07285400828325314
2025-08-03 14:41:00,sump_flow_lpm,11.13095261862386,-0.03364186846979148,0.07285400828325314
2025-08-03 14:42:00,sump_flow_lpm,11.355823945116828,-0.03364186846979148,0.07285400828325314
2025-08-03 14:43:00,sump_flow_lpm,11.583717279219936,-0.03364186846979148,0.07285400828325314
2025-08-03 14:44:00,sump_flow_lpm,11.826766817882335,-0.03364186846979148,0.07285400828325314
2025-08-03 14:45:00,sump_flow_lpm,12.056584672849306,-0.03364186846979148,0.07285400828325314
2025-08-03 14:46:00,sump_flow_lpm,12.303847475635074,-0.03364186846979148,0.07285400828325314
2025-08-03 14:47:00,sump_flow_lpm,12.533358100657244,-0.03364186846979148,0.07285400828325314
2025-08-03 14:48:00,sump_flow_lpm,12.761836409261008,-0.03364186846979148,0.07285400828325314
2025-08-03 14:49:00,sump_flow_lpm,12.99698711330981,-0.03364186846979148,0.07285400828325314
2025-08-03 14:50:00,sump_flow_lpm,13.246595565771011,-0.03364186846979148,0.07285400828325314
2025-08-03 14:51:00,sump_flow_lpm,13.513575741466962,-0.03364186846979148,0.07285400828325314
2025-08-03 14:52:00,sump_flow_lpm,13.711729895582192,-0.03364186846979148,0.07285400828325314
2025-08-03 14:53:00,sump_flow_lpm,13.965973217188887,-0.03364186846979148,0.07285400828325314
2025-08-03 14:54:00,sump_flow_lpm,14.19732446171682,-0.03364186846979148,0.07285400828325314
2025-08-03 14:55:00,sump_flow_lpm,14.465725109148645,-0.03364186846979148,0.07285400828325314
2025-08-03 14:56:00,sump_flow_lpm,14.68275968823408,-0.03364186846979148,0.07285400828325314
2025-08-03 14:57:00,sump_flow_lpm,14.901340327073196,-0.03364186846979148,0.07285400828325314
2025-08-03 14:58:00,sump_flow_lpm,15.142284256592616,-0.03364186846979148,0.07285400828325314
2025-08-03 14:59:00,sump_flow_lpm,15.402877333512238,-0.03364186846979148,0.07285400828325314
2025-08-03 15:00:00,sump_flow_lpm,15.603610021868684,-0.03364186846979148,0.07285400828325314
2025-08-03 15:01:00,sump_flow_lpm,15.837587423490945,-0.03364186846979148,0.07285400828325314
2025-08-03 15:02:00,sump_flow_lpm,16.066154504362558,-0.03364186846979148,0.07285400828325314
2025-08-03 15:03:00,sump_flow_lpm,16.337238328336998,-0.03364186846979148,0.07285400828325314
2025-08-03 15:04:00,sump_flow_lpm,16.57075173684653,-0.03364186846979148,0.07285400828325314
2025-08-03 15:05:00,sump_flow_lpm,16.776934893674664,-0.03364186846979148,0.07285400828325314
2025-08-03 15:06:00,sump_flow_lpm,17.028193149175234,-0.03364186846979148,0.07285400828325314
2025-08-03 15:07:00,sump_flow_lpm,17.259727749676312,-0.03364186846979148,0.07285400828325314
2025-08-03 15:08:00,sump_flow_lpm,17.486047141362224,-0.03364186846979148,0.07285400828325314
2025-08-03 15:09:00,sump_flow_lpm,17.798600487578977,-0.03364186846979148,0.07285400828325314
2025-08-03 15:10:00,sump_flow_lpm,17.96088103773034,-0.03364186846979148,0.07285400828325314
2025-08-03 15:11:00,sump_flow_lpm,18.193703156188235,-0.03364186846979148,0.07285400828325314
2025-08-03 15:12:00,sump_flow_lpm,18.44664474386212,-0.03364186846979148,0.07285400828325314
2025-08-03 15:13:00,sump_flow_lpm,18.691693179711365,-0.03364186846979148,0.07285400828325314
2025-08-03 15:14:00,sump_flow_lpm,18.901762104984943,-0.03364186846979148,0.07285400828325314
2025-08-03 15:15:00,sump_flow_lpm,19.15886716001317,-0.03364186846979148,0.07285400828325314
2025-08-03 15:16:00,sump_flow_lpm,19.38882825575052,-0.03364186846979148,0.07285400828325314
2025-08-03 15:17:00,sump_flow_lpm,19.61207371782208,-0.03364186846979148,0.07285400828325314
2025-08-03 15:18:00,sump_flow_lpm,19.849945101319594,-0.03364186846979148,0.07285400828325314
2025-08-03 15:19:00,sump_flow_lpm,20.09920678566321,-0.03364186846979148,0.07285400828325314
2025-08-03 15:20:00,sump_flow_lpm,20.32571486322645,-0.03364186846979148,0.07285400828325314
2025-08-03 15:21:00,sump_flow_lpm,20.61066346971538,-0.03364186846979148,0.07285400828325314
2025-08-03 15:22:00,sump_flow_lpm,20.8253692062456,-0.03364186846979148,0.07285400828325314
2025-08-03 15:23:00,sump_flow_lpm,21.109646032356707,-0.03364186846979148,0.07285400828325314
2025-08-03 15:24:00,sump_flow_lpm,21.26975349415016,-0.03364186846979148,0.07285400828325314
2025-08-03 15:25:00,sump_flow_lpm,21.56995182414533,-0.03364186846979148,0.07285400828325314
2025-08-03 15:26:00,sump_flow_lpm,21.747553567450915,-0.03364186846979148,0.07285400828325314
2025-08-03 15:27:00,sump_flow_lpm,21.981071088352014,-0.03364186846979148,0.07285400828325314
2025-08-03 15:28:00,sump_flow_lpm,22.209828636112498,-0.03364186846979148,0.07285400828325314
2025-08-03 15:29:00,sump_flow_lpm,22.446143358104923,-0.03364186846979148,0.07285400828325314
2025-08-03 15:30:00,sump_flow_lpm,22.70487681317096,-0.03364186846979148,0.07285400828325314
2025-08-03 15:31:00,sump_flow_lpm,22.929833918884476,-0.03364186846979148,0.07285400828325314
2025-08-03 15:32:00,sump_flow_lpm,23.158987685616115,-0.03364186846979148,0.07285400828325314
2025-08-03 15:33:00,sump_flow_lpm,23.409151134934326,-0.03364186846979148,0.07285400828325314
2025-08-03 15:34:00,sump_flow_lpm,23.6322080997085,-0.03364186846979148,0.07285400828325314
2025-08-03 15:35:00,sump_flow_lpm,23.87987943164917,-0.03364186846979148,0.07285400828325314
2025-08-03 15:36:00,sump_flow_lpm,24.10780668877093,-0.03364186846979148,0.07285400828325314
2025-08-03 15:37:00,sump_flow_lpm,24.36986404602193,-0.03364186846979148,0.07285400828325314
2025-08-03 15:38:00,sump_flow_lpm,24.605806689751255,-0.03364186846979148,0.07285400828325314
2025-08-03 15:39:00,sump_flow_lpm,24.820673881322755,-0.03364186846979148,0.07285400828325314
2025-08-03 15:40:00,sump_flow_lpm,25.052601659529305,-0.03364186846979148,0.07285400828325314
2025-08-03 15:41:00,sump_flow_lpm,25.289230459008955,-0.03364186846979148,0.07285400828325314
2025-08-03 15:42:00,sump_flow_lpm,25.549256877560587,-0.03364186846979148,0.07285400828325314
2025-08-03 15:43:00,sump_flow_lpm,25.76070740606767,-0.03364186846979148,0.07285400828325314
2025-08-03 15:44:00,sump_flow_lpm,25.993706553309025,-0.03364186846979148,0.07285400828325314
2025-08-03 15:45:00,sump_flow_lpm,26.227049499993228,-0.03364186846979148,0.07285400828325314
2025-08-03 15:46:00,sump_flow_lpm,26.474116632966663,-0.03364186846979148,0.07285400828325314
2025-08-03 15:47:00,sump_flow_lpm,26.710967950411533,-0.03364186846979148,0.07285400828325314
2025-08-03 15:48:00,sump_flow_lpm,26.970836571506275,-0.03364186846979148,0.07285400828325314
2025-08-03 15:49:00,sump_flow_lpm,27.17533582448559,-0.03364186846979148,0.07285400828325314
2025-08-03 15:50:00,sump_flow_lpm,27.416191309746218,-0.03364186846979148,0.07285400828325314
2025-08-03 15:51:00,sump_flow_lpm,27.67590987985672,-0.03364186846979148,0.07285400828325314
2025-08-03 15:52:00,sump_flow_lpm,27.91382885333421,-0.03364186846979148,0.07285400828325314
2025-08-03 15:53:00,sump_flow_lpm,28.12509995073841,-0.03364186846979148,0.07285400828325314
2025-08-03 15:54:00,sump_flow_lpm,28.36394502090749,-0.03364186846979148,0.07285400828325314
2025-08-03 15:55:00,sump_flow_lpm,28.595145098891564,-0.03364186846979148,0.07285400828325314
2025-08-03 15:56:00,sump_flow_lpm,28.8781100978463,-0.03364186846979148,0.07285400828325314
2025-08-03 15:57:00,sump_flow_lpm,29.062970925952293,-0.03364186846979148,0.07285400828325314
2025-08-03 15:58:00,sump_flow_lpm,29.35099506135676,-0.03364186846979148,0.07285400828325314
2025-08-03 15:59:00,sump_flow_lpm,29.55600443090171,-0.03364186846979148,0.07285400828325314
2025-08-03 16:00:00,sump_flow_lpm,29.78440386512617,-0.03364186846979148,0.07285400828325314
2025-08-03 16:01:00,sump_flow_lpm,30.006164267577404,-0.03364186846979148,0.07285400828325314
2025-08-03 16:02:00,sump_flow_lpm,30.254673828412024,-0.03364186846979148,0.07285400828325314
2025-08-03 16:03:00,sump_flow_lpm,30.48850420879668,-0.03364186846979148,0.07285400828325314
2025-08-03 16:04:00,sump_flow_lpm,30.717807633181724,-0.03364186846979148,0.07285400828325314
2025-08-03 16:05:00,sump_flow_lpm,30.971921406772758,-0.03364186846979148,0.07285400828325314
2025-08-03 16:06:00,sump_flow_lpm,31.257732621711497,-0.03364186846979148,0.07285400828325314
2025-08-03 16:07:00,sump_flow_lpm,31.43960221865873,-0.03364186846979148,0.07285400828325314
2025-08-03 16:08:00,sump_flow_lpm,31.684434664410315,-0.03364186846979148,0.07285400828325314
2025-08-03 16:09:00,sump_flow_lpm,31.89702854782833,-0.03364186846979148,0.07285400828325314
2025-08-03 16:10:00,sump_flow_lpm,32.14268846725825,-0.03364186846979148,0.07285400828325314
2025-08-03 16:11:00,sump_flow_lpm,32.370612068261124,-0.03364186846979148,0.07285400828325314
2025-08-03 16:12:00,sump_flow_lpm,32.62337783609314,-0.03364186846979148,0.07285400828325314
2025-08-03 16:13:00,sump_flow_lpm,32.89643411440686,-0.03364186846979148,0.07285400828325314
2025-08-03 16:14:00,sump_flow_lpm,33.09861037471822,-0.03364186846979148,0.07285400828325314
2025-08-03 16:15:00,sump_flow_lpm,33.314791369315024,-0.03364186846979148,0.07285400828325314
2025-08-03 16:16:00,sump_flow_lpm,33.5582166482621,-0.03364186846979148,0.07285400828325314
2025-08-03 16:17:00,sump_flow_lpm,33.80172033674433,-0.03364186846979148,0.07285400828325314
2025-08-03 16:18:00,sump_flow_lpm,34.03230818302529,-0.03364186846979148,0.07285400828325314
2025-08-03 16:19:00,sump_flow_lpm,34.29412074489163,-0.03364186846979148,0.07285400828325314
2025-08-03 16:20:00,sump_flow_lpm,34.52822447402894,-0.03364186846979148,0.07285400828325314
2025-08-03 16:21:00,sump_flow_lpm,34.74970209176249,-0.03364186846979148,0.07285400828325314
2025-08-03 16:22:00,sump_flow_lpm,34.97639036994918,-0.03364186846979148,0.07285400828325314
2025-08-03 16:23:00,sump_flow_lpm,35.20919981672606,-0.03364186846979148,0.07285400828325314
2025-08-03 16:24:00,sump_flow_lpm,35.44180532286916,-0.03364186846979148,0.07285400828325314
2025-08-03 16:25:00,sump_flow_lpm,35.68459785212051,-0.03364186846979148,0.07285400828325314
2025-08-03 16:26:00,sump_flow_lpm,35.92275519416774,-0.03364186846979148,0.07285400828325314
2025-08-03 16:27:00,sump_flow_lpm,36.17088779485432,-0.03364186846979148,0.07285400828325314
2025-08-03 16:28:00,sump_flow_lpm,36.406090507588736,-0.03364186846979148,0.07285400828325314
2025-08-03 16:29:00,sump_flow_lpm,36.622339788652994,-0.03364186846979148,0.07285400828325314
2025-08-03 16:30:00,sump_flow_lpm,36.867208940706846,-0.03364186846979148,0.07285400828325314
2025-08-03 16:31:00,sump_flow_lpm,37.09742606390974,-0.03364186846979148,0.07285400828325314
2025-08-03 16:32:00,sump_flow_lpm,37.333088715348445,-0.03364186846979148,0.07285400828325314
2025-08-03 16:33:00,sump_flow_lpm,37.60106540775895,-0.03364186846979148,0.07285400828325314
2025-08-03 16:34:00,sump_flow_lpm,37.80306133397897,-0.03364186846979148,0.07285400828325314
2025-08-03 16:35:00,sump_flow_lpm,38.04933512149347,-0.03364186846979148,0.07285400828325314
2025-08-03 17:13:00,sump_flow_lpm,0.0766594192030704,-0.03364186846979148,0.07285400828325314
2025-08-03 17:24:00,sump_flow_lpm,0.0927793047845917,-0.03364186846979148,0.07285400828325314
2025-08-03 17:52:00,sump_flow_lpm,0.0735315850925084,-0.03364186846979148,0.07285400828325314
2025-08-03 19:13:00,sump_flow_lpm,0.0980763646113508,-0.03364186846979148,0.07285400828325314
2025-08-03 19:14:00,sump_flow_lpm,0.0980763646113508,-0.03364186846979148,0.07285400828325314
2025-08-03 19:15:00,sump_flow_lpm,0.0891712329003755,-0.03364186846979148,0.07285400828325314
2025-08-03 19:16:00,sump_flow_lpm,0.07569013434215,-0.03364186846979148,0.07285400828325314
2025-08-03 19:39:00,sump_flow_lpm,0.0964733590106286,-0.03364186846979148,0.07285400828325314
2025-08-03 19:47:00,sump_flow_lpm,0.0774095183736071,-0.03364186846979148,0.07285400828325314
2025-08-03 21:31:00,sump_flow_lpm,0.0873800895711178,-0.03364186846979148,0.07285400828325314
2025-08-03 21:35:00,sump_flow_lpm,0.1083821505897536,-0.03364186846979148,0.07285400828325314
2025-08-03 22:56:00,sump_flow_lpm,0.1219310709721432,-0.03364186846979148,0.07285400828325314
2025-08-04 00:07:00,sump_flow_lpm,0.0809354138985967,-0.03364186846979148,0.07285400828325314
2025-08-04 01:24:00,sump_flow_lpm,0.0911377618445723,-0.03364186846979148,0.07285400828325314
2025-08-04 01:58:00,sump_flow_lpm,0.0978960703166898,-0.03364186846979148,0.07285400828325314
2025-08-04 02:05:00,sump_flow_lpm,0.076535877129288,-0.03364186846979148,0.07285400828325314
2025-08-04 02:22:00,sump_flow_lpm,0.1132507500721089,-0.03364186846979148,0.07285400828325314
2025-08-04 02:31:00,sump_flow_lpm,0.0954310509726902,-0.03364186846979148,0.07285400828325314
2025-08-04 03:59:00,sump_flow_lpm,0.1158484538807213,-0.03364186846979148,0.07285400828325314
2025-08-04 04:18:00,sump_flow_lpm,0.0750670994469363,-0.03364186846979148,0.07285400828325314
2025-08-04 06:09:00,sump_flow_lpm,0.0744105552413777,-0.03364186846979148,0.07285400828325314
2025-08-04 06:19:00,sump_flow_lpm,0.0811867399041864,-0.03364186846979148,0.07285400828325314
2025-08-04 06:37:00,sump_flow_lpm,0.1091436926126764,-0.03364186846979148,0.07285400828325314
2025-08-04 07:03:00,sump_flow_lpm,0.103452390927828,-0.03364186846979148,0.07285400828325314
2025-08-04 07:19:00,sump_flow_lpm,0.0899093565423557,-0.03364186846979148,0.07285400828325314
2025-08-04 07:21:00,sump_flow_lpm,0.0866966716864078,-0.03364186846979148,0.07285400828325314
2025-08-04 07:25:00,sump_flow_lpm,0.0969082810530772,-0.03364186846979148,0.07285400828325314
2025-08-04 08:50:00,sump_flow_lpm,0.0795393147156404,-0.03364186846979148,0.07285400828325314
2025-08-04 11:00:00,sump_flow_lpm,0.0756935594584246,-0.03364186846979148,0.07285400828325314
2025-08-04 11:10:00,sump_flow_lpm,0.0741086075095695,-0.03364186846979148,0.07285400828325314
2025-08-04 14:05:00,sump_flow_lpm,0.0835386309446106,-0.03364186846979148,0.07285400828325314
2025-08-04 14:41:00,sump_flow_lpm,0.0814284414935727,-0.03364186846979148,0.07285400828325314
2025-08-04 14:44:00,sump_flow_lpm,0.0751154654445492,-0.03364186846979148,0.07285400828325314
2025-08-04 15:20:00,sump_flow_lpm,0.0772950044014104,-0.03364186846979148,0.07285400828325314
2025-08-04 16:00:00,sump_flow_lpm,0.0886648423548463,-0.03364186846979148,0.07285400828325314
2025-08-04 16:06:00,sump_flow_lpm,0.0823460210022464,-0.03364186846979148,0.07285400828325314
2025-08-04 16:43:00,sump_flow_lpm,0.1343912832304754,-0.03364186846979148,0.07285400828325314
2025-08-04 17:11:00,sump_flow_lpm,0.107727733369941,-0.03364186846979148,0.07285400828325314
2025-08-04 17:17:00,sump_flow_lpm,0.0758462261135613,-0.03364186846979148,0.07285400828325314
2025-08-04 17:25:00,sump_flow_lpm,0.0926820351046067,-0.03364186846979148,0.07285400828325314
2025-08-04 18:22:00,sump_flow_lpm,0.0737011535763777,-0.03364186846979148,0.07285400828325314
2025-08-04 18:26:00,sump_flow_lpm,0.0818958153322013,-0.03364186846979148,0.07285400828325314
2025-08-04 18:58:00,sump_flow_lpm,0.0749781351073351,-0.03364186846979148,0.07285400828325314
2025-08-04 19:25:00,sump_flow_lpm,0.0874311878572798,-0.03364186846979148,0.07285400828325314
2025-08-04 20:41:00,sump_flow_lpm,0.1212571768340296,-0.03364186846979148,0.07285400828325314
2025-08-04 20:49:00,sump_flow_lpm,0.073333993590216,-0.03364186846979148,0.07285400828325314
2025-08-04 20:50:00,sump_flow_lpm,0.0742650160747506,-0.03364186846979148,0.07285400828325314
2025-08-04 20:57:00,sump_flow_lpm,0.0808911899782915,-0.03364186846979148,0.07285400828325314
2025-08-04 22:58:00,sump_flow_lpm,0.0828154749118366,-0.03364186846979148,0.07285400828325314
2025-08-04 23:43:00,sump_flow_lpm,0.0956485150391513,-0.03364186846979148,0.07285400828325314
2025-08-04 23:47:00,sump_flow_lpm,0.0781959570167162,-0.03364186846979148,0.07285400828325314
2025-08-04 23:48:00,sump_flow_lpm,0.0848115608528722,-0.03364186846979148,0.07285400828325314
2025-08-05 00:28:00,sump_flow_lpm,0.1467800113375066,-0.03364186846979148,0.07285400828325314
2025-08-05 00:37:00,sump_flow_lpm,0.0758299273636082,-0.03364186846979148,0.07285400828325314
2025-08-05 00:47:00,sump_flow_lpm,0.0796739618181135,-0.03364186846979148,0.07285400828325314
2025-08-05 00:51:00,sump_flow_lpm,0.0856281348492404,-0.03364186846979148,0.07285400828325314
2025-08-05 01:10:00,sump_flow_lpm,0.1115844122497334,-0.03364186846979148,0.07285400828325314
2025-08-05 02:03:00,sump_flow_lpm,0.1087294247532688,-0.03364186846979148,0.07285400828325314
2025-08-05 02:36:00,sump_flow_lpm,0.083436476455657,-0.03364186846979148,0.07285400828325314
2025-08-05 02:53:00,sump_flow_lpm,0.0884802562408778,-0.03364186846979148,0.07285400828325314
2025-08-05 04:12:00,sump_flow_lpm,0.0772145822827442,-0.03364186846979148,0.07285400828325314
2025-08-05 05:50:00,sump_flow_lpm,0.0750063000685683,-0.03364186846979148,0.07285400828325314
2025-08-05 05:57:00,sump_flow_lpm,0.0904263609153943,-0.03364186846979148,0.07285400828325314
2025-08-05 06:03:00,sump_flow_lpm,0.1505040687206437,-0.03364186846979148,0.07285400828325314
2025-08-05 06:47:00,sump_flow_lpm,0.0862045270502209,-0.03364186846979148,0.07285400828325314
2025-08-05 07:47:00,sump_flow_lpm,0.0852801345857944,-0.03364186846979148,0.07285400828325314
2025-08-05 08:23:00,sump_flow_lpm,0.0735865692765203,-0.03364186846979148,0.07285400828325314
2025-08-05 08:26:00,sump_flow_lpm,0.0797149247942405,-0.03364186846979148,0.07285400828325314
2025-08-05 09:47:00,sump_flow_lpm,0.0782459240516787,-0.03364186846979148,0.07285400828325314
2025-08-05 10:34:00,sump_flow_lpm,0.0934320492836917,-0.03364186846979148,0.07285400828325314
2025-08-05 11:00:00,sump_flow_lpm,0.0890843208584543,-0.03364186846979148,0.07285400828325314
2025-08-05 11:31:00,sump_flow_lpm,0.1152025127942419,-0.03364186846979148,0.07285400828325314
2025-08-05 11:55:00,sump_flow_lpm,0.8454846165546844,-0.03364186846979148,0.07285400828325314
2025-08-05 11:56:00,sump_flow_lpm,1.6021004428627026,-0.03364186846979148,0.07285400828325314
2025-08-05 11:57:00,sump_flow_lpm,2.383800372943585,-0.03364186846979148,0.07285400828325314
2025-08-05 11:58:00,sump_flow_lpm,3.190103474341621,-0.03364186846979148,0.07285400828325314
2025-08-05 11:59:00,sump_flow_lpm,3.9715640018371294,-0.03364186846979148,0.07285400828325314
2025-08-05 12:00:00,sump_flow_lpm,4.780574591618399,-0.03364186846979148,0.07285400828325314
2025-08-05 12:01:00,sump_flow_lpm,5.569565375738425,-0.03364186846979148,0.07285400828325314
2025-08-05 12:02:00,sump_flow_lpm,6.369648522165648,-0.03364186846979148,0.07285400828325314
2025-08-05 12:03:00,sump_flow_lpm,7.144132892947165,-0.03364186846979148,0.07285400828325314
2025-08-05 12:04:00,sump_flow_lpm,7.942035338700664,-0.03364186846979148,0.07285400828325314
2025-08-05 12:05:00,sump_flow_lpm,8.74499027837574,-0.03364186846979148,0.07285400828325314
2025-08-05 12:06:00,sump_flow_lpm,9.585358340726309,-0.03364186846979148,0.07285400828325314
2025-08-05 12:07:00,sump_flow_lpm,10.328688830422609,-0.03364186846979148,0.07285400828325314
2025-08-05 12:08:00,sump_flow_lpm,11.123827331814306,-0.03364186846979148,0.07285400828325314
2025-08-05 12:09:00,sump_flow_lpm,11.931635568075649,-0.03364186846979148,0.07285400828325314
2025-08-05 12:10:00,sump_flow_lpm,12.718838023236014,-0.03364186846979148,0.07285400828325314
2025-08-05 12:11:00,sump_flow_lpm,13.501194611031725,-0.03364186846979148,0.07285400828325314
2025-08-05 12:12:00,sump_flow_lpm,14.2984422226229,-0.03364186846979148,0.07285400828325314
2025-08-05 12:13:00,sump_flow_lpm,15.086542312775896,-0.03364186846979148,0.07285400828325314
2025-08-05 12:14:00,sump_flow_lpm,15.086542312775896,-0.03364186846979148,0.07285400828325314
2025-08-05 12:15:00,sump_flow_lpm,16.671972016706114,-0.03364186846979148,0.07285400828325314
2025-08-05 12:16:00,sump_flow_lpm,17.472241395659417,-0.03364186846979148,0.07285400828325314
2025-08-05 12:17:00,sump_flow_lpm,18.257235968054072,-0.03364186846979148,0.07285400828325314
2025-08-05 12:18:00,sump_flow_lpm,19.05549740623237,-0.03364186846979148,0.07285400828325314
2025-08-05 12:19:00,sump_flow_lpm,19.87457803438452,-0.03364186846979148,0.07285400828325314
2025-08-05 12:20:00,sump_flow_lpm,20.64251498059982,-0.03364186846979148,0.07285400828325314
2025-08-05 12:21:00,sump_flow_lpm,21.43346182182819,-0.03364186846979148,0.07285400828325314
2025-08-05 12:22:00,sump_flow_lpm,22.238429235332557,-0.03364186846979148,0.07285400828325314
2025-08-05 12:23:00,sump_flow_lpm,23.01953340473569,-0.03364186846979148,0.07285400828325314
2025-08-05 12:24:00,sump_flow_lpm,23.8148746371997,-0.03364186846979148,0.07285400828325314
2025-08-05 12:25:00,sump_flow_lpm,24.639839491912465,-0.03364186846979148,0.07285400828325314
2025-08-05 12:26:00,sump_flow_lpm,25.43016538034976,-0.03364186846979148,0.07285400828325314
2025-08-05 12:27:00,sump_flow_lpm,26.243748206792706,-0.03364186846979148,0.07285400828325314
2025-08-05 12:28:00,sump_flow_lpm,27.02673724587265,-0.03364186846979148,0.07285400828325314
2025-08-05 12:29:00,sump_flow_lpm,27.80494179397529,-0.03364186846979148,0.07285400828325314
2025-08-05 12:30:00,sump_flow_lpm,28.576798787454997,-0.03364186846979148,0.07285400828325314
2025-08-05 12:31:00,sump_flow_lpm,29.40003706361704,-0.03364186846979148,0.07285400828325314
2025-08-05 12:32:00,sump_flow_lpm,30.20061657978824,-0.03364186846979148,0.07285400828325314
2025-08-05 12:33:00,sump_flow_lpm,30.989131243544342,-0.03364186846979148,0.07285400828325314
2025-08-05 12:34:00,sump_flow_lpm,31.76500917858413,-0.03364186846979148,0.07285400828325314
2025-08-05 12:35:00,sump_flow_lpm,32.54987707908802,-0.03364186846979148,0.07285400828325314
2025-08-05 12:36:00,sump_flow_lpm,33.37567359924667,-0.03364186846979148,0.07285400828325314
2025-08-05 12:37:00,sump_flow_lpm,34.15809207792082,-0.03364186846979148,0.07285400828325314
2025-08-05 12:38:00,sump_flow_lpm,35.004901078845656,-0.03364186846979148,0.07285400828325314
2025-08-05 12:39:00,sump_flow_lpm,35.72303945807738,-0.03364186846979148,0.07285400828325314
2025-08-05 12:40:00,sump_flow_lpm,36.51853979247916,-0.03364186846979148,0.07285400828325314
2025-08-05 12:45:00,sump_flow_lpm,0.1308734490246759,-0.03364186846979148,0.07285400828325314
2025-08-05 16:25:00,sump_flow_lpm,0.1042951800636704,-0.03364186846979148,0.07285400828325314
2025-08-05 16:28:00,sump_flow_lpm,0.0987629394857909,-0.03364186846979148,0.07285400828325314
2025-08-05 16:38:00,sump_flow_lpm,0.142801287705215,-0.03364186846979148,0.07285400828325314
2025-08-05 16:46:00,sump_flow_lpm,0.0738474467087005,-0.03364186846979148,0.07285400828325314
2025-08-05 16:58:00,sump_flow_lpm,0.0907127800535909,-0.03364186846979148,0.07285400828325314
2025-08-05 17:42:00,sump_flow_lpm,0.0739741803546337,-0.03364186846979148,0.07285400828325314
2025-08-05 19:11:00,sump_flow_lpm,0.0762016909182269,-0.03364186846979148,0.07285400828325314
2025-08-05 21:07:00,sump_flow_lpm,0.0831099094379766,-0.03364186846979148,0.07285400828325314
2025-08-05 23:36:00,sump_flow_lpm,0.0957966264919753,-0.03364186846979148,0.07285400828325314
2025-08-06 01:35:00,sump_flow_lpm,0.0765770548235323,-0.03364186846979148,0.07285400828325314
2025-08-06 01:55:00,sump_flow_lpm,0.0908429951602447,-0.03364186846979148,0.07285400828325314
2025-08-06 02:36:00,sump_flow_lpm,0.083899802138903,-0.03364186846979148,0.07285400828325314
2025-08-06 03:02:00,sump_flow_lpm,0.0870106925684185,-0.03364186846979148,0.07285400828325314
2025-08-06 04:15:00,sump_flow_lpm,0.1363345352865113,-0.03364186846979148,0.07285400828325314
2025-08-06 05:11:00,sump_flow_lpm,0.1080008487831937,-0.03364186846979148,0.07285400828325314
2025-08-06 05:43:00,sump_flow_lpm,0.0905951020078209,-0.03364186846979148,0.07285400828325314
2025-08-06 06:35:00,sump_flow_lpm,0.0925534998323892,-0.03364186846979148,0.07285400828325314
2025-08-06 06:38:00,sump_flow_lpm,0.1192221139487593,-0.03364186846979148,0.07285400828325314
2025-08-06 07:13:00,sump_flow_lpm,0.0822061861526115,-0.03364186846979148,0.07285400828325314
2025-08-06 08:20:00,sump_flow_lpm,0.1141755662701518,-0.03364186846979148,0.07285400828325314
2025-08-06 08:39:00,sump_flow_lpm,0.0847054475714865,-0.03364186846979148,0.07285400828325314
2025-08-06 10:02:00,sump_flow_lpm,0.0858802022450153,-0.03364186846979148,0.07285400828325314
2025-08-06 12:50:00,sump_flow_lpm,0.0810860354646645,-0.03364186846979148,0.07285400828325314
2025-08-06 14:53:00,sump_flow_lpm,0.0746594127928436,-0.03364186846979148,0.07285400828325314
2025-08-06 15:01:00,sump_flow_lpm,0.0888986729266482,-0.03364186846979148,0.07285400828325314
2025-08-06 15:05:00,sump_flow_lpm,72.09554019531961,-0.03364186846979148,0.07285400828325314
2025-08-06 15:06:00,sump_flow_lpm,72.0814206121132,-0.03364186846979148,0.07285400828325314
2025-08-06 15:07:00,sump_flow_lpm,72.09065128083009,-0.03364186846979148,0.07285400828325314
2025-08-06 15:08:00,sump_flow_lpm,72.1041141148738,-0.03364186846979148,0.07285400828325314
2025-08-06 15:09:00,sump_flow_lpm,72.10642349554473,-0.03364186846979148,0.07285400828325314
2025-08-06 15:10:00,sump_flow_lpm,72.09084182239206,-0.03364186846979148,0.07285400828325314
2025-08-06 15:11:00,sump_flow_lpm,72.08427717962974,-0.03364186846979148,0.07285400828325314
2025-08-06 15:12:00,sump_flow_lpm,72.14979027129661,-0.03364186846979148,0.07285400828325314
2025-08-06 15:13:00,sump_flow_lpm,72.09876911497616,-0.03364186846979148,0.07285400828325314
2025-08-06 15:14:00,sump_flow_lpm,72.08748713527386,-0.03364186846979148,0.07285400828325314
2025-08-06 15:15:00,sump_flow_lpm,72.08357708929894,-0.03364186846979148,0.07285400828325314
2025-08-06 15:16:00,sump_flow_lpm,72.10326267266201,-0.03364186846979148,0.07285400828325314
2025-08-06 15:17:00,sump_flow_lpm,72.08254041518522,-0.03364186846979148,0.07285400828325314
2025-08-06 15:18:00,sump_flow_lpm,72.08076197510069,-0.03364186846979148,0.07285400828325314
2025-08-06 15:19:00,sump_flow_lpm,72.09208752085907,-0.03364186846979148,0.07285400828325314
2025-08-06 15:20:00,sump_flow_lpm,72.0838435875248,-0.03364186846979148,0.07285400828325314
2025-08-06 15:21:00,sump_flow_lpm,72.0838435875248,-0.03364186846979148,0.07285400828325314
2025-08-06 15:22:00,sump_flow_lpm,72.07950401039493,-0.03364186846979148,0.07285400828325314
2025-08-06 15:23:00,sump_flow_lpm,72.09827493978193,-0.03364186846979148,0.07285400828325314
2025-08-06 15:24:00,sump_flow_lpm,72.0836559983108,-0.03364186846979148,0.07285400828325314
2025-08-06 15:25:00,sump_flow_lpm,72.07699899575846,-0.03364186846979148,0.07285400828325314
2025-08-06 15:26:00,sump_flow_lpm,72.0797090661088,-0.03364186846979148,0.07285400828325314
2025-08-06 15:27:00,sump_flow_lpm,72.13123993334398,-0.03364186846979148,0.07285400828325314
2025-08-06 15:28:00,sump_flow_lpm,72.1173956599117,-0.03364186846979148,0.07285400828325314
2025-08-06 15:29:00,sump_flow_lpm,72.08231539322772,-0.03364186846979148,0.07285400828325314
2025-08-06 15:30:00,sump_flow_lpm,72.10712922743157,-0.03364186846979148,0.07285400828325314
2025-08-06 15:31:00,sump_flow_lpm,72.09575318946295,-0.03364186846979148,0.07285400828325314
2025-08-06 15:32:00,sump_flow_lpm,72.14773771694763,-0.03364186846979148,0.07285400828325314
2025-08-06 15:33:00,sump_flow_lpm,72.08634963986675,-0.03364186846979148,0.07285400828325314
2025-08-06 15:34:00,sump_flow_lpm,72.0998743194005,-0.03364186846979148,0.07285400828325314
2025-08-06 15:35:00,sump_flow_lpm,72.07830701452814,-0.03364186846979148,0.07285400828325314
2025-08-06 15:36:00,sump_flow_lpm,72.08708595006986,-0.03364186846979148,0.07285400828325314
2025-08-06 15:37:00,sump_flow_lpm,72.14337781962607,-0.03364186846979148,0.07285400828325314
2025-08-06 15:38:00,sump_flow_lpm,72.09248045147456,-0.03364186846979148,0.07285400828325314
2025-08-06 15:39:00,sump_flow_lpm,72.0837842993795,-0.03364186846979148,0.07285400828325314
2025-08-06 15:40:00,sump_flow_lpm,72.07955696311092,-0.03364186846979148,0.07285400828325314
2025-08-06 15:41:00,sump_flow_lpm,72.10131020942974,-0.03364186846979148,0.07285400828325314
2025-08-06 15:42:00,sump_flow_lpm,72.09769877768427,-0.03364186846979148,0.07285400828325314
2025-08-06 15:43:00,sump_flow_lpm,72.08636027670116,-0.03364186846979148,0.07285400828325314
2025-08-06 15:44:00,sump_flow_lpm,72.13728891239728,-0.03364186846979148,0.07285400828325314
2025-08-06 15:45:00,sump_flow_lpm,72.0774431965934,-0.03364186846979148,0.07285400828325314
2025-08-06 15:46:00,sump_flow_lpm,72.08423431512833,-0.03364186846979148,0.07285400828325314
2025-08-06 15:47:00,sump_flow_lpm,72.12777788421909,-0.03364186846979148,0.07285400828325314
2025-08-06 15:48:00,sump_flow_lpm,72.08473491792884,-0.03364186846979148,0.07285400828325314
2025-08-06 15:49:00,sump_flow_lpm,72.08280794390595,-0.03364186846979148,0.07285400828325314
2025-08-06 15:50:00,sump_flow_lpm,72.09227499126816,-0.03364186846979148,0.07285400828325314
2025-08-06 15:51:00,sump_flow_lpm,72.11171704641897,-0.03364186846979148,0.07285400828325314
2025-08-06 15:52:00,sump_flow_lpm,72.07917139734607,-0.03364186846979148,0.07285400828325314
2025-08-06 15:53:00,sump_flow_lpm,72.1342954845652,-0.03364186846979148,0.07285400828325314
2025-08-06 15:54:00,sump_flow_lpm,72.10869615409975,-0.03364186846979148,0.07285400828325314
2025-08-06 15:55:00,sump_flow_lpm,72.08099367256263,-0.03364186846979148,0.07285400828325314
2025-08-06 15:56:00,sump_flow_lpm,72.10189058532505,-0.03364186846979148,0.07285400828325314
2025-08-06 15:57:00,sump_flow_lpm,72.0867154543948,-0.03364186846979148,0.07285400828325314
2025-08-06 15:58:00,sump_flow_lpm,72.08728728486324,-0.03364186846979148,0.07285400828325314
2025-08-06 15:59:00,sump_flow_lpm,72.10757804950578,-0.03364186846979148,0.07285400828325314
2025-08-06 16:00:00,sump_flow_lpm,72.14281490074862,-0.03364186846979148,0.07285400828325314
2025-08-06 16:01:00,sump_flow_lpm,72.07970264871223,-0.03364186846979148,0.07285400828325314
2025-08-06 16:02:00,sump_flow_lpm,72.08791042411039,-0.03364186846979148,0.07285400828325314
2025-08-06 16:03:00,sump_flow_lpm,72.09010891435223,-0.03364186846979148,0.07285400828325314
2025-08-06 16:04:00,sump_flow_lpm,72.08643623132282,-0.03364186846979148,0.07285400828325314
2025-08-06 16:05:00,sump_flow_lpm,72.08601978777963,-0.03364186846979148,0.07285400828325314
2025-08-06 16:06:00,sump_flow_lpm,72.0780678209094,-0.03364186846979148,0.07285400828325314
2025-08-06 16:07:00,sump_flow_lpm,72.10013201668477,-0.03364186846979148,0.07285400828325314
2025-08-06 16:08:00,sump_flow_lpm,72.08845576191882,-0.03364186846979148,0.07285400828325314
2025-08-06 16:09:00,sump_flow_lpm,72.08132727425108,-0.03364186846979148,0.07285400828325314
2025-08-06 16:10:00,sump_flow_lpm,72.1108541687931,-0.03364186846979148,0.07285400828325314
2025-08-06 16:11:00,sump_flow_lpm,72.10944062303015,-0.03364186846979148,0.07285400828325314
2025-08-06 16:12:00,sump_flow_lpm,72.09032002100528,-0.03364186846979148,0.07285400828325314
2025-08-06 16:13:00,sump_flow_lpm,72.08408341745056,-0.03364186846979148,0.07285400828325314
2025-08-06 16:14:00,sump_flow_lpm,72.09732148145103,-0.03364186846979148,0.07285400828325314
2025-08-06 16:15:00,sump_flow_lpm,72.08379195776442,-0.03364186846979148,0.07285400828325314
2025-08-06 16:16:00,sump_flow_lpm,72.08237809387698,-0.03364186846979148,0.07285400828325314
2025-08-06 16:17:00,sump_flow_lpm,72.10321896177905,-0.03364186846979148,0.07285400828325314
2025-08-06 16:18:00,sump_flow_lpm,72.07781735334548,-0.03364186846979148,0.07285400828325314
2025-08-06 16:19:00,sump_flow_lpm,72.07898542717732,-0.03364186846979148,0.07285400828325314
2025-08-06 16:20:00,sump_flow_lpm,72.077130362849,-0.03364186846979148,0.07285400828325314
2025-08-06 16:21:00,sump_flow_lpm,72.08031388668749,-0.03364186846979148,0.07285400828325314
2025-08-06 16:22:00,sump_flow_lpm,72.0784238418791,-0.03364186846979148,0.07285400828325314
2025-08-06 16:23:00,sump_flow_lpm,72.18645882987524,-0.03364186846979148,0.07285400828325314
2025-08-06 16:24:00,sump_flow_lpm,72.08381044874703,-0.03364186846979148,0.07285400828325314
2025-08-06 16:25:00,sump_flow_lpm,72.08022729924988,-0.03364186846979148,0.07285400828325314
2025-08-06 16:26:00,sump_flow_lpm,72.08250910790794,-0.03364186846979148,0.07285400828325314
2025-08-06 16:27:00,sump_flow_lpm,72.13201086004528,-0.03364186846979148,0.07285400828325314
2025-08-06 16:28:00,sump_flow_lpm,72.09168019705491,-0.03364186846979148,0.07285400828325314
2025-08-06 16:29:00,sump_flow_lpm,72.08607101365159,-0.03364186846979148,0.07285400828325314
2025-08-06 16:30:00,sump_flow_lpm,72.11832724244904,-0.03364186846979148,0.07285400828325314
2025-08-06 16:31:00,sump_flow_lpm,72.08704435126637,-0.03364186846979148,0.07285400828325314
2025-08-06 16:32:00,sump_flow_lpm,72.08515375899077,-0.03364186846979148,0.07285400828325314
2025-08-06 16:33:00,sump_flow_lpm,72.08163990430712,-0.03364186846979148,0.07285400828325314
2025-08-06 16:34:00,sump_flow_lpm,72.08648390827786,-0.03364186846979148,0.07285400828325314
2025-08-06 16:35:00,sump_flow_lpm,72.08461010413363,-0.03364186846979148,0.07285400828325314
2025-08-06 16:36:00,sump_flow_lpm,72.09961502546518,-0.03364186846979148,0.07285400828325314
2025-08-06 16:37:00,sump_flow_lpm,72.08383219131346,-0.03364186846979148,0.07285400828325314
2025-08-06 16:38:00,sump_flow_lpm,72.09421124498408,-0.03364186846979148,0.07285400828325314
2025-08-06 16:39:00,sump_flow_lpm,72.07835740432789,-0.03364186846979148,0.07285400828325314
2025-08-06 16:40:00,sump_flow_lpm,72.08124041349262,-0.03364186846979148,0.07285400828325314
2025-08-06 16:41:00,sump_flow_lpm,72.08124041349262,-0.03364186846979148,0.07285400828325314
2025-08-06 16:42:00,sump_flow_lpm,72.13227044414577,-0.03364186846979148,0.07285400828325314
2025-08-06 16:43:00,sump_flow_lpm,72.08646640274888,-0.03364186846979148,0.07285400828325314
2025-08-06 16:44:00,sump_flow_lpm,72.09881143132277,-0.03364186846979148,0.07285400828325314
2025-08-06 16:45:00,sump_flow_lpm,72.08288389937015,-0.03364186846979148,0.07285400828325314
2025-08-06 16:46:00,sump_flow_lpm,72.07971130016615,-0.03364186846979148,0.07285400828325314
2025-08-06 16:47:00,sump_flow_lpm,72.07820053259675,-0.03364186846979148,0.07285400828325314
2025-08-06 16:48:00,sump_flow_lpm,72.08428290792769,-0.03364186846979148,0.07285400828325314
2025-08-06 16:49:00,sump_flow_lpm,72.08042559177454,-0.03364186846979148,0.07285400828325314
2025-08-06 16:50:00,sump_flow_lpm,72.08081759956892,-0.03364186846979148,0.07285400828325314
2025-08-06 16:51:00,sump_flow_lpm,72.10559983959818,-0.03364186846979148,0.07285400828325314
2025-08-06 16:52:00,sump_flow_lpm,72.07731343314792,-0.03364186846979148,0.07285400828325314
2025-08-06 16:53:00,sump_flow_lpm,72.09331445466677,-0.03364186846979148,0.07285400828325314
2025-08-06 16:54:00,sump_flow_lpm,72.08653748522153,-0.03364186846979148,0.07285400828325314
2025-08-06 16:55:00,sump_flow_lpm,72.09112081132308,-0.03364186846979148,0.07285400828325314
2025-08-06 16:56:00,sump_flow_lpm,72.0935428102021,-0.03364186846979148,0.07285400828325314
2025-08-06 16:57:00,sump_flow_lpm,72.0845132634313,-0.03364186846979148,0.07285400828325314
2025-08-06 16:58:00,sump_flow_lpm,72.08398837447353,-0.03364186846979148,0.07285400828325314
2025-08-06 16:59:00,sump_flow_lpm,72.08398837447353,-0.03364186846979148,0.07285400828325314
2025-08-06 17:00:00,sump_flow_lpm,72.11799598403722,-0.03364186846979148,0.07285400828325314
2025-08-06 17:01:00,sump_flow_lpm,72.08127240291597,-0.03364186846979148,0.07285400828325314
2025-08-06 17:02:00,sump_flow_lpm,72.07904850024059,-0.03364186846979148,0.07285400828325314
2025-08-06 17:03:00,sump_flow_lpm,72.12260978785366,-0.03364186846979148,0.07285400828325314
2025-08-06 17:04:00,sump_flow_lpm,72.0856065785568,-0.03364186846979148,0.07285400828325314
2025-08-06 17:05:00,sump_flow_lpm,72.09302292697221,-0.03364186846979148,0.07285400828325314
2025-08-06 17:06:00,sump_flow_lpm,72.08590560689152,-0.03364186846979148,0.07285400828325314
2025-08-06 17:07:00,sump_flow_lpm,72.0796831118617,-0.03364186846979148,0.07285400828325314
2025-08-06 17:08:00,sump_flow_lpm,72.09479352272423,-0.03364186846979148,0.07285400828325314
2025-08-06 17:09:00,sump_flow_lpm,72.09188887745874,-0.03364186846979148,0.07285400828325314
2025-08-06 17:10:00,sump_flow_lpm,72.08153198685767,-0.03364186846979148,0.07285400828325314
2025-08-06 17:11:00,sump_flow_lpm,72.08901895749891,-0.03364186846979148,0.07285400828325314
2025-08-06 17:12:00,sump_flow_lpm,72.10887995112877,-0.03364186846979148,0.07285400828325314
2025-08-06 17:13:00,sump_flow_lpm,72.09484689519107,-0.03364186846979148,0.07285400828325314
2025-08-06 17:14:00,sump_flow_lpm,72.07903296000191,-0.03364186846979148,0.07285400828325314
2025-08-06 17:15:00,sump_flow_lpm,72.09287654968995,-0.03364186846979148,0.07285400828325314
2025-08-06 17:16:00,sump_flow_lpm,72.10125698409927,-0.03364186846979148,0.07285400828325314
2025-08-06 17:17:00,sump_flow_lpm,72.10846623025773,-0.03364186846979148,0.07285400828325314
2025-08-06 17:18:00,sump_flow_lpm,72.09683154028247,-0.03364186846979148,0.07285400828325314
2025-08-06 17:19:00,sump_flow_lpm,72.08030715811891,-0.03364186846979148,0.07285400828325314
2025-08-06 17:20:00,sump_flow_lpm,72.10176357659068,-0.03364186846979148,0.07285400828325314
2025-08-06 17:21:00,sump_flow_lpm,72.09961737374361,-0.03364186846979148,0.07285400828325314
2025-08-06 17:22:00,sump_flow_lpm,72.07748873984569,-0.03364186846979148,0.07285400828325314
2025-08-06 17:23:00,sump_flow_lpm,72.0876061222072,-0.03364186846979148,0.07285400828325314
2025-08-06 17:24:00,sump_flow_lpm,72.08509194935127,-0.03364186846979148,0.07285400828325314
2025-08-06 17:25:00,sump_flow_lpm,72.09913178820463,-0.03364186846979148,0.07285400828325314
2025-08-06 17:26:00,sump_flow_lpm,72.08186452655202,-0.03364186846979148,0.07285400828325314
2025-08-06 17:31:00,sump_flow_lpm,0.0767995982824121,-0.03364186846979148,0.07285400828325314
2025-08-06 17:37:00,sump_flow_lpm,0.0792973912838939,-0.03364186846979148,0.07285400828325314
2025-08-06 19:46:00,sump_flow_lpm,0.0742039650854462,-0.03364186846979148,0.07285400828325314
2025-08-06 20:11:00,sump_flow_lpm,0.0788994170309077,-0.03364186846979148,0.07285400828325314
2025-08-06 20:27:00,sump_flow_lpm,0.0851727465667941,-0.03364186846979148,0.07285400828325314
2025-08-06 21:04:00,sump_flow_lpm,0.1085421229932106,-0.03364186846979148,0.07285400828325314
2025-08-06 21:35:00,sump_flow_lpm,0.0763282789860492,-0.03364186846979148,0.07285400828325314
2025-08-06 21:36:00,sump_flow_lpm,0.1033036712227233,-0.03364186846979148,0.07285400828325314
2025-08-06 23:32:00,sump_flow_lpm,0.0997102864900918,-0.03364186846979148,0.07285400828325314
2025-08-06 23:40:00,sump_flow_lpm,0.1104932376209015,-0.03364186846979148,0.07285400828325314
2025-08-07 01:35:00,sump_flow_lpm,0.0804338320127926,-0.03364186846979148,0.07285400828325314
2025-08-07 02:43:00,sump_flow_lpm,0.0966062381383731,-0.03364186846979148,0.07285400828325314
2025-08-07 03:01:00,sump_flow_lpm,0.0986845386298821,-0.03364186846979148,0.07285400828325314
2025-08-07 04:12:00,sump_flow_lpm,0.0787168876807096,-0.03364186846979148,0.07285400828325314
2025-08-07 04:29:00,sump_flow_lpm,0.085974335773007,-0.03364186846979148,0.07285400828325314
2025-08-07 04:49:00,sump_flow_lpm,0.0782924706538841,-0.03364186846979148,0.07285400828325314
2025-08-07 05:57:00,sump_flow_lpm,0.0760748666361674,-0.03364186846979148,0.07285400828325314
2025-08-07 06:42:00,sump_flow_lpm,0.0746529373357045,-0.03364186846979148,0.07285400828325314
2025-08-07 07:27:00,sump_flow_lpm,0.0781550754142463,-0.03364186846979148,0.07285400828325314
2025-08-07 07:57:00,sump_flow_lpm,0.0853619228535761,-0.03364186846979148,0.07285400828325314
2025-08-07 11:37:00,sump_flow_lpm,0.0746056370063551,-0.03364186846979148,0.07285400828325314
2025-08-07 11:45:00,sump_flow_lpm,0.1290222340293754,-0.03364186846979148,0.07285400828325314
2025-08-07 12:31:00,sump_flow_lpm,0.1316746205956681,-0.03364186846979148,0.07285400828325314
2025-08-07 13:56:00,sump_flow_lpm,0.0771279963906215,-0.03364186846979148,0.07285400828325314
2025-08-07 16:14:00,sump_flow_lpm,0.0811273843204736,-0.03364186846979148,0.07285400828325314
2025-08-07 18:37:00,sump_flow_lpm,0.0957651675274375,-0.03364186846979148,0.07285400828325314
2025-08-07 18:48:00,sump_flow_lpm,0.0854138962589219,-0.03364186846979148,0.07285400828325314
2025-08-07 18:57:00,sump_flow_lpm,0.1066143741239754,-0.03364186846979148,0.07285400828325314
2025-08-07 19:28:00,sump_flow_lpm,0.0859275087018341,-0.03364186846979148,0.07285400828325314
2025-08-07 19:53:00,sump_flow_lpm,0.108146796424442,-0.03364186846979148,0.07285400828325314
2025-08-07 20:01:00,sump_flow_lpm,0.0955767515604996,-0.03364186846979148,0.07285400828325314
2025-08-07 21:27:00,sump_flow_lpm,0.1522267223676563,-0.03364186846979148,0.07285400828325314
2025-08-07 22:11:00,sump_flow_lpm,0.0746605446430824,-0.03364186846979148,0.07285400828325314
2025-08-07 23:11:00,sump_flow_lpm,0.0838235853404414,-0.03364186846979148,0.07285400828325314
2025-08-07 23:29:00,sump_flow_lpm,0.0842724642950971,-0.03364186846979148,0.07285400828325314
2025-08-07 23:54:00,sump_flow_lpm,0.0814261453483065,-0.03364186846979148,0.07285400828325314
2025-08-07 23:59:00,sump_flow_lpm,0.0767888983971781,-0.03364186846979148,0.07285400828325314
2025-08-08 00:22:00,sump_flow_lpm,0.0797087863114188,-0.03364186846979148,0.07285400828325314
2025-08-08 00:50:00,sump_flow_lpm,0.1007238638355589,-0.03364186846979148,0.07285400828325314
2025-08-08 02:10:00,sump_flow_lpm,0.0745799667445408,-0.03364186846979148,0.07285400828325314
2025-08-08 02:48:00,sump_flow_lpm,0.0829106008061859,-0.03364186846979148,0.07285400828325314
2025-08-08 03:12:00,sump_flow_lpm,0.0775156206485479,-0.03364186846979148,0.07285400828325314
2025-08-08 03:35:00,sump_flow_lpm,0.0765807566202466,-0.03364186846979148,0.07285400828325314
2025-08-08 03:43:00,sump_flow_lpm,0.1234610178426894,-0.03364186846979148,0.07285400828325314
2025-08-08 03:50:00,sump_flow_lpm,0.0749413798894319,-0.03364186846979148,0.07285400828325314
2025-08-08 04:54:00,sump_flow_lpm,0.1199395596591871,-0.03364186846979148,0.07285400828325314
2025-08-08 04:55:00,sump_flow_lpm,0.1199395596591871,-0.03364186846979148,0.07285400828325314
2025-08-08 05:07:00,sump_flow_lpm,0.0742675159623968,-0.03364186846979148,0.07285400828325314
2025-08-08 06:09:00,sump_flow_lpm,0.1015775421366065,-0.03364186846979148,0.07285400828325314
2025-08-08 06:22:00,sump_flow_lpm,0.0730172084631114,-0.03364186846979148,0.07285400828325314
2025-08-08 06:54:00,sump_flow_lpm,0.093288203243035,-0.03364186846979148,0.07285400828325314
2025-08-08 06:55:00,sump_flow_lpm,0.1523327945562555,-0.03364186846979148,0.07285400828325314
2025-08-08 06:56:00,sump_flow_lpm,0.2380761353458406,-0.03364186846979148,0.07285400828325314
2025-08-08 06:57:00,sump_flow_lpm,0.3152161804969847,-0.03364186846979148,0.07285400828325314
2025-08-08 06:58:00,sump_flow_lpm,0.3788007982291101,-0.03364186846979148,0.07285400828325314
2025-08-08 06:59:00,sump_flow_lpm,0.4467816969409459,-0.03364186846979148,0.07285400828325314
2025-08-08 07:00:00,sump_flow_lpm,0.5211717525317561,-0.03364186846979148,0.07285400828325314
2025-08-08 07:01:00,sump_flow_lpm,0.5952910891888342,-0.03364186846979148,0.07285400828325314
2025-08-08 07:02:00,sump_flow_lpm,0.695975963626406,-0.03364186846979148,0.07285400828325314
2025-08-08 07:03:00,sump_flow_lpm,0.7511011424386739,-0.03364186846979148,0.07285400828325314
2025-08-08 07:04:00,sump_flow_lpm,0.8496131373307085,-0.03364186846979148,0.07285400828325314
2025-08-08 07:05:00,sump_flow_lpm,0.9034388863041964,-0.03364186846979148,0.07285400828325314
2025-08-08 07:06:00,sump_flow_lpm,0.9785463091316146,-0.03364186846979148,0.07285400828325314
2025-08-08 07:07:00,sump_flow_lpm,1.0552098860281378,-0.03364186846979148,0.07285400828325314
2025-08-08 07:08:00,sump_flow_lpm,1.140137171589302,-0.03364186846979148,0.07285400828325314
2025-08-08 07:09:00,sump_flow_lpm,1.1959045674780786,-0.03364186846979148,0.07285400828325314
2025-08-08 07:10:00,sump_flow_lpm,1.2664515633381777,-0.03364186846979148,0.07285400828325314
2025-08-08 07:11:00,sump_flow_lpm,1.354444618911437,-0.03364186846979148,0.07285400828325314
2025-08-08 07:12:00,sump_flow_lpm,1.420467590301356,-0.03364186846979148,0.07285400828325314
2025-08-08 07:13:00,sump_flow_lpm,1.498578234728526,-0.03364186846979148,0.07285400828325314
2025-08-08 07:14:00,sump_flow_lpm,1.58206005068316,-0.03364186846979148,0.07285400828325314
2025-08-08 07:15:00,sump_flow_lpm,1.649211302730578,-0.03364186846979148,0.07285400828325314
2025-08-08 07:16:00,sump_flow_lpm,1.7292929549507057,-0.03364186846979148,0.07285400828325314
2025-08-08 07:17:00,sump_flow_lpm,1.7999852523326725,-0.03364186846979148,0.07285400828325314
2025-08-08 07:18:00,sump_flow_lpm,1.8855416789307329,-0.03364186846979148,0.07285400828325314
2025-08-08 07:19:00,sump_flow_lpm,1.9574396970568384,-0.03364186846979148,0.07285400828325314
2025-08-08 07:20:00,sump_flow_lpm,2.0225846770422007,-0.03364186846979148,0.07285400828325314
2025-08-08 07:21:00,sump_flow_lpm,2.1043700088781647,-0.03364186846979148,0.07285400828325314
2025-08-08 07:22:00,sump_flow_lpm,2.197354086625279,-0.03364186846979148,0.07285400828325314
2025-08-08 07:23:00,sump_flow_lpm,2.2416612681197035,-0.03364186846979148,0.07285400828325314
2025-08-08 07:24:00,sump_flow_lpm,2.315330209120188,-0.03364186846979148,0.07285400828325314
2025-08-08 07:25:00,sump_flow_lpm,2.4079276009737605,-0.03364186846979148,0.07285400828325314
2025-08-08 07:26:00,sump_flow_lpm,2.47084493375031,-0.03364186846979148,0.07285400828325314
2025-08-08 07:27:00,sump_flow_lpm,2.5291906511838254,-0.03364186846979148,0.07285400828325314
2025-08-08 07:28:00,sump_flow_lpm,2.6465954444018256,-0.03364186846979148,0.07285400828325314
2025-08-08 07:29:00,sump_flow_lpm,2.6770321806035566,-0.03364186846979148,0.07285400828325314
2025-08-08 07:30:00,sump_flow_lpm,2.778349483472049,-0.03364186846979148,0.07285400828325314
2025-08-08 07:31:00,sump_flow_lpm,2.853538203186723,-0.03364186846979148,0.07285400828325314
2025-08-08 07:32:00,sump_flow_lpm,2.960640226947805,-0.03364186846979148,0.07285400828325314
2025-08-08 07:33:00,sump_flow_lpm,2.974898477676628,-0.03364186846979148,0.07285400828325314
2025-08-08 07:34:00,sump_flow_lpm,3.066299288121201,-0.03364186846979148,0.07285400828325314
2025-08-08 07:35:00,sump_flow_lpm,3.133641402819072,-0.03364186846979148,0.07285400828325314
2025-08-08 07:36:00,sump_flow_lpm,3.2048477397226525,-0.03364186846979148,0.07285400828325314
2025-08-08 07:37:00,sump_flow_lpm,3.2730571359673784,-0.03364186846979148,0.07285400828325314
2025-08-08 07:38:00,sump_flow_lpm,3.3620491725441064,-0.03364186846979148,0.07285400828325314
2025-08-08 07:39:00,sump_flow_lpm,3.432894857081302,-0.03364186846979148,0.07285400828325314
2025-08-08 07:40:00,sump_flow_lpm,3.496406500900571,-0.03364186846979148,0.07285400828325314
2025-08-08 07:41:00,sump_flow_lpm,3.5875027050349595,-0.03364186846979148,0.07285400828325314
2025-08-08 07:42:00,sump_flow_lpm,3.669671729752454,-0.03364186846979148,0.07285400828325314
2025-08-08 07:43:00,sump_flow_lpm,3.74638996636475,-0.03364186846979148,0.07285400828325314
2025-08-08 07:44:00,sump_flow_lpm,3.838732650035754,-0.03364186846979148,0.07285400828325314
2025-08-08 07:45:00,sump_flow_lpm,3.8764557180899817,-0.03364186846979148,0.07285400828325314
2025-08-08 07:46:00,sump_flow_lpm,4.001448773613334,-0.03364186846979148,0.07285400828325314
2025-08-08 07:47:00,sump_flow_lpm,4.054723592209409,-0.03364186846979148,0.07285400828325314
2025-08-08 07:48:00,sump_flow_lpm,4.095988692495372,-0.03364186846979148,0.07285400828325314
2025-08-08 07:49:00,sump_flow_lpm,4.166769538809746,-0.03364186846979148,0.07285400828325314
2025-08-08 07:50:00,sump_flow_lpm,4.249076548509283,-0.03364186846979148,0.07285400828325314
2025-08-08 07:51:00,sump_flow_lpm,4.322268706501981,-0.03364186846979148,0.07285400828325314
2025-08-08 07:52:00,sump_flow_lpm,4.403480638490926,-0.03364186846979148,0.07285400828325314
2025-08-08 07:53:00,sump_flow_lpm,4.478189986551301,-0.03364186846979148,0.07285400828325314
2025-08-08 07:54:00,sump_flow_lpm,4.562747553032716,-0.03364186846979148,0.07285400828325314
2025-08-08 07:55:00,sump_flow_lpm,4.623629847926267,-0.03364186846979148,0.07285400828325314
2025-08-08 07:56:00,sump_flow_lpm,4.68592664439172,-0.03364186846979148,0.07285400828325314
2025-08-08 07:57:00,sump_flow_lpm,4.797136250412193,-0.03364186846979148,0.07285400828325314
2025-08-08 07:58:00,sump_flow_lpm,4.839815696314726,-0.03364186846979148,0.07285400828325314
2025-08-08 07:59:00,sump_flow_lpm,4.977761273121867,-0.03364186846979148,0.07285400828325314
2025-08-08 08:00:00,sump_flow_lpm,4.983598606854207,-0.03364186846979148,0.07285400828325314
2025-08-08 08:01:00,sump_flow_lpm,5.11895682693356,-0.03364186846979148,0.07285400828325314
2025-08-08 08:02:00,sump_flow_lpm,5.131688246840161,-0.03364186846979148,0.07285400828325314
2025-08-08 08:03:00,sump_flow_lpm,5.2093786439867085,-0.03364186846979148,0.07285400828325314
2025-08-08 08:04:00,sump_flow_lpm,5.279423046410722,-0.03364186846979148,0.07285400828325314
2025-08-08 08:05:00,sump_flow_lpm,5.377236957872442,-0.03364186846979148,0.07285400828325314
2025-08-08 08:06:00,sump_flow_lpm,5.465140592488234,-0.03364186846979148,0.07285400828325314
2025-08-08 08:07:00,sump_flow_lpm,5.512888691970854,-0.03364186846979148,0.07285400828325314
2025-08-08 08:08:00,sump_flow_lpm,5.6286149229902165,-0.03364186846979148,0.07285400828325314
2025-08-08 08:09:00,sump_flow_lpm,5.668038781730906,-0.03364186846979148,0.07285400828325314
2025-08-08 08:10:00,sump_flow_lpm,5.744422290867569,-0.03364186846979148,0.07285400828325314
2025-08-08 08:11:00,sump_flow_lpm,5.836222261298793,-0.03364186846979148,0.07285400828325314
2025-08-08 08:12:00,sump_flow_lpm,5.880268413264392,-0.03364186846979148,0.07285400828325314
2025-08-08 08:13:00,sump_flow_lpm,5.956318107184622,-0.03364186846979148,0.07285400828325314
2025-08-08 08:14:00,sump_flow_lpm,6.069194380454313,-0.03364186846979148,0.07285400828325314
2025-08-08 08:15:00,sump_flow_lpm,6.142505367803357,-0.03364186846979148,0.07285400828325314
2025-08-08 08:16:00,sump_flow_lpm,6.245605110919686,-0.03364186846979148,0.07285400828325314
2025-08-08 08:17:00,sump_flow_lpm,6.291372088039049,-0.03364186846979148,0.07285400828325314
2025-08-08 08:18:00,sump_flow_lpm,6.322018855471084,-0.03364186846979148,0.07285400828325314
2025-08-08 08:19:00,sump_flow_lpm,6.428352689644316,-0.03364186846979148,0.07285400828325314
2025-08-08 08:20:00,sump_flow_lpm,6.478530385385046,-0.03364186846979148,0.07285400828325314
2025-08-08 08:21:00,sump_flow_lpm,6.636101823478248,-0.03364186846979148,0.07285400828325314
2025-08-08 08:22:00,sump_flow_lpm,6.629456299521772,-0.03364186846979148,0.07285400828325314
2025-08-08 08:23:00,sump_flow_lpm,6.707158486066183,-0.03364186846979148,0.07285400828325314
2025-08-08 08:24:00,sump_flow_lpm,6.707158486066183,-0.03364186846979148,0.07285400828325314
2025-08-08 08:25:00,sump_flow_lpm,6.8474707819134775,-0.03364186846979148,0.07285400828325314
2025-08-08 08:26:00,sump_flow_lpm,6.915610720794287,-0.03364186846979148,0.07285400828325314
2025-08-08 08:27:00,sump_flow_lpm,7.033595975635718,-0.03364186846979148,0.07285400828325314
2025-08-08 08:28:00,sump_flow_lpm,7.095198427066587,-0.03364186846979148,0.07285400828325314
2025-08-08 08:29:00,sump_flow_lpm,7.140090371704196,-0.03364186846979148,0.07285400828325314
2025-08-08 08:30:00,sump_flow_lpm,7.2414204486301585,-0.03364186846979148,0.07285400828325314
2025-08-08 08:31:00,sump_flow_lpm,7.305435976704436,-0.03364186846979148,0.07285400828325314
2025-08-08 08:32:00,sump_flow_lpm,7.37064247135356,-0.03364186846979148,0.07285400828325314
2025-08-08 08:33:00,sump_flow_lpm,7.440324614735642,-0.03364186846979148,0.07285400828325314
2025-08-08 08:34:00,sump_flow_lpm,7.548091638088558,-0.03364186846979148,0.07285400828325314
2025-08-08 08:35:00,sump_flow_lpm,7.548091638088558,-0.03364186846979148,0.07285400828325314
2025-08-08 08:36:00,sump_flow_lpm,7.67336731463898,-0.03364186846979148,0.07285400828325314
2025-08-08 08:37:00,sump_flow_lpm,7.75065204887916,-0.03364186846979148,0.07285400828325314
2025-08-08 08:38:00,sump_flow_lpm,7.808096286760294,-0.03364186846979148,0.07285400828325314
2025-08-08 08:39:00,sump_flow_lpm,7.8933772920429295,-0.03364186846979148,0.07285400828325314
2025-08-08 08:40:00,sump_flow_lpm,7.959181891151084,-0.03364186846979148,0.07285400828325314
2025-08-08 08:41:00,sump_flow_lpm,8.033894099439152,-0.03364186846979148,0.07285400828325314
2025-08-08 08:42:00,sump_flow_lpm,8.125218209380678,-0.03364186846979148,0.07285400828325314
2025-08-08 08:43:00,sump_flow_lpm,8.125218209380678,-0.03364186846979148,0.07285400828325314
2025-08-08 08:44:00,sump_flow_lpm,8.262596560580837,-0.03364186846979148,0.07285400828325314
2025-08-08 08:45:00,sump_flow_lpm,8.331256615906163,-0.03364186846979148,0.07285400828325314
2025-08-08 08:46:00,sump_flow_lpm,8.421868669967163,-0.03364186846979148,0.07285400828325314
2025-08-08 08:47:00,sump_flow_lpm,8.516276215704552,-0.03364186846979148,0.07285400828325314
2025-08-08 08:48:00,sump_flow_lpm,8.577224813798665,-0.03364186846979148,0.07285400828325314
2025-08-08 08:49:00,sump_flow_lpm,8.664591736193112,-0.03364186846979148,0.07285400828325314
2025-08-08 08:50:00,sump_flow_lpm,8.713703578427856,-0.03364186846979148,0.07285400828325314
2025-08-08 08:51:00,sump_flow_lpm,8.800543428752409,-0.03364186846979148,0.07285400828325314
2025-08-08 08:52:00,sump_flow_lpm,8.850029469672556,-0.03364186846979148,0.07285400828325314
2025-08-08 08:53:00,sump_flow_lpm,8.929918784882346,-0.03364186846979148,0.07285400828325314
2025-08-08 08:54:00,sump_flow_lpm,9.00557192992762,-0.03364186846979148,0.07285400828325314
2025-08-08 08:55:00,sump_flow_lpm,9.084365369476044,-0.03364186846979148,0.07285400828325314
2025-08-08 08:56:00,sump_flow_lpm,9.197313078152698,-0.03364186846979148,0.07285400828325314
2025-08-08 08:57:00,sump_flow_lpm,9.260211279124308,-0.03364186846979148,0.07285400828325314
2025-08-08 08:58:00,sump_flow_lpm,9.295968864862774,-0.03364186846979148,0.07285400828325314
2025-08-08 08:59:00,sump_flow_lpm,9.371217877541577,-0.03364186846979148,0.07285400828325314
2025-08-08 09:00:00,sump_flow_lpm,9.450620731580578,-0.03364186846979148,0.07285400828325314
2025-08-08 09:01:00,sump_flow_lpm,9.52298399244684,-0.03364186846979148,0.07285400828325314
2025-08-08 09:02:00,sump_flow_lpm,9.60953619975081,-0.03364186846979148,0.07285400828325314
2025-08-08 09:03:00,sump_flow_lpm,9.71141725391175,-0.03364186846979148,0.07285400828325314
2025-08-08 09:04:00,sump_flow_lpm,9.804704541956836,-0.03364186846979148,0.07285400828325314
2025-08-08 09:05:00,sump_flow_lpm,9.834695151997153,-0.03364186846979148,0.07285400828325314
2025-08-08 09:06:00,sump_flow_lpm,9.924259237055136,-0.03364186846979148,0.07285400828325314
2025-08-08 09:07:00,sump_flow_lpm,9.977078353569356,-0.03364186846979148,0.07285400828325314
2025-08-08 09:08:00,sump_flow_lpm,10.04119779878721,-0.03364186846979148,0.07285400828325314
2025-08-08 09:09:00,sump_flow_lpm,10.125745991956228,-0.03364186846979148,0.07285400828325314
2025-08-08 09:10:00,sump_flow_lpm,10.201412264893532,-0.03364186846979148,0.07285400828325314
2025-08-08 09:11:00,sump_flow_lpm,10.286690982195688,-0.03364186846979148,0.07285400828325314
2025-08-08 09:12:00,sump_flow_lpm,10.33887042841857,-0.03364186846979148,0.07285400828325314
2025-08-08 09:13:00,sump_flow_lpm,10.417435978140348,-0.03364186846979148,0.07285400828325314
2025-08-08 09:14:00,sump_flow_lpm,10.491645468497817,-0.03364186846979148,0.07285400828325314
2025-08-08 09:15:00,sump_flow_lpm,10.621037363952365,-0.03364186846979148,0.07285400828325314
2025-08-08 09:16:00,sump_flow_lpm,10.64302049938584,-0.03364186846979148,0.07285400828325314
2025-08-08 09:17:00,sump_flow_lpm,10.733764987619107,-0.03364186846979148,0.07285400828325314
2025-08-08 09:18:00,sump_flow_lpm,10.807762911815804,-0.03364186846979148,0.07285400828325314
2025-08-08 09:19:00,sump_flow_lpm,10.860489151891729,-0.03364186846979148,0.07285400828325314
2025-08-08 09:20:00,sump_flow_lpm,10.94562783091678,-0.03364186846979148,0.07285400828325314
2025-08-08 09:21:00,sump_flow_lpm,11.047949467333394,-0.03364186846979148,0.07285400828325314
2025-08-08 09:22:00,sump_flow_lpm,11.090245220603007,-0.03364186846979148,0.07285400828325314
2025-08-08 09:23:00,sump_flow_lpm,11.209746398757291,-0.03364186846979148,0.07285400828325314
2025-08-08 09:24:00,sump_flow_lpm,11.23086744868014,-0.03364186846979148,0.07285400828325314
2025-08-08 09:25:00,sump_flow_lpm,11.30192550790306,-0.03364186846979148,0.07285400828325314
2025-08-08 09:26:00,sump_flow_lpm,11.419140686133566,-0.03364186846979148,0.07285400828325314
2025-08-08 09:27:00,sump_flow_lpm,11.486709310849182,-0.03364186846979148,0.07285400828325314
2025-08-08 09:28:00,sump_flow_lpm,11.621516515870711,-0.03364186846979148,0.07285400828325314
2025-08-08 09:29:00,sump_flow_lpm,11.620513803026334,-0.03364186846979148,0.07285400828325314
2025-08-08 09:30:00,sump_flow_lpm,11.727301207740137,-0.03364186846979148,0.07285400828325314
2025-08-08 09:31:00,sump_flow_lpm,11.781535639064266,-0.03364186846979148,0.07285400828325314
2025-08-08 09:32:00,sump_flow_lpm,11.858009610452934,-0.03364186846979148,0.07285400828325314
2025-08-08 09:33:00,sump_flow_lpm,11.911981040894808,-0.03364186846979148,0.07285400828325314
2025-08-08 09:34:00,sump_flow_lpm,76.51841789529597,-0.03364186846979148,0.07285400828325314
2025-08-08 09:35:00,sump_flow_lpm,76.63765723330614,-0.03364186846979148,0.07285400828325314
2025-08-08 09:36:00,sump_flow_lpm,76.66878682871408,-0.03364186846979148,0.07285400828325314
2025-08-08 09:37:00,sump_flow_lpm,76.74729396941554,-0.03364186846979148,0.07285400828325314
2025-08-08 09:38:00,sump_flow_lpm,76.81797523314579,-0.03364186846979148,0.07285400828325314
2025-08-08 09:39:00,sump_flow_lpm,76.89714376212653,-0.03364186846979148,0.07285400828325314
2025-08-08 09:40:00,sump_flow_lpm,76.96756519746813,-0.03364186846979148,0.07285400828325314
2025-08-08 09:41:00,sump_flow_lpm,77.03017632124184,-0.03364186846979148,0.07285400828325314
2025-08-08 09:42:00,sump_flow_lpm,77.14628741430866,-0.03364186846979148,0.07285400828325314
2025-08-08 09:43:00,sump_flow_lpm,77.18963637783393,-0.03364186846979148,0.07285400828325314
2025-08-08 09:44:00,sump_flow_lpm,77.270007600826,-0.03364186846979148,0.07285400828325314
2025-08-08 09:45:00,sump_flow_lpm,77.32956931445527,-0.03364186846979148,0.07285400828325314
2025-08-08 09:46:00,sump_flow_lpm,77.40098424259114,-0.03364186846979148,0.07285400828325314
2025-08-08 09:47:00,sump_flow_lpm,77.48088944180918,-0.03364186846979148,0.07285400828325314
2025-08-08 09:48:00,sump_flow_lpm,77.57399319218784,-0.03364186846979148,0.07285400828325314
2025-08-08 09:49:00,sump_flow_lpm,77.62603959320823,-0.03364186846979148,0.07285400828325314
2025-08-08 09:50:00,sump_flow_lpm,77.74620810112233,-0.03364186846979148,0.07285400828325314
2025-08-08 09:51:00,sump_flow_lpm,77.77748154955178,-0.03364186846979148,0.07285400828325314
2025-08-08 09:52:00,sump_flow_lpm,77.85156222020444,-0.03364186846979148,0.07285400828325314
2025-08-08 09:53:00,sump_flow_lpm,77.92533464457324,-0.03364186846979148,0.07285400828325314
2025-08-08 09:54:00,sump_flow_lpm,77.99595505448602,-0.03364186846979148,0.07285400828325314
2025-08-08 09:55:00,sump_flow_lpm,78.09956921757764,-0.03364186846979148,0.07285400828325314
2025-08-08 09:56:00,sump_flow_lpm,78.18595707260779,-0.03364186846979148,0.07285400828325314
2025-08-08 09:57:00,sump_flow_lpm,78.23775414070812,-0.03364186846979148,0.07285400828325314
2025-08-08 09:58:00,sump_flow_lpm,78.29722201013492,-0.03364186846979148,0.07285400828325314
2025-08-08 09:59:00,sump_flow_lpm,78.37411385201231,-0.03364186846979148,0.07285400828325314
2025-08-08 10:00:00,sump_flow_lpm,78.45466372845617,-0.03364186846979148,0.07285400828325314
2025-08-08 10:01:00,sump_flow_lpm,78.57781914857773,-0.03364186846979148,0.07285400828325314
2025-08-08 10:02:00,sump_flow_lpm,78.59611365904736,-0.03364186846979148,0.07285400828325314
2025-08-08 10:03:00,sump_flow_lpm,78.69108411613291,-0.03364186846979148,0.07285400828325314
2025-08-08 10:04:00,sump_flow_lpm,78.75069646564003,-0.03364186846979148,0.07285400828325314
2025-08-08 10:05:00,sump_flow_lpm,78.82053651580772,-0.03364186846979148,0.07285400828325314
2025-08-08 10:06:00,sump_flow_lpm,78.89998209175752,-0.03364186846979148,0.07285400828325314
2025-08-08 10:07:00,sump_flow_lpm,78.9636310775908,-0.03364186846979148,0.07285400828325314
2025-08-08 10:08:00,sump_flow_lpm,79.06855625472494,-0.03364186846979148,0.07285400828325314
2025-08-08 10:09:00,sump_flow_lpm,79.11641878411481,-0.03364186846979148,0.07285400828325314
2025-08-08 10:10:00,sump_flow_lpm,79.11641878411481,-0.03364186846979148,0.07285400828325314
2025-08-08 10:11:00,sump_flow_lpm,79.26094816060011,-0.03364186846979148,0.07285400828325314
2025-08-08 10:12:00,sump_flow_lpm,79.39594257523771,-0.03364186846979148,0.07285400828325314
2025-08-08 10:13:00,sump_flow_lpm,79.41251050682075,-0.03364186846979148,0.07285400828325314
2025-08-08 10:14:00,sump_flow_lpm,79.52543372363138,-0.03364186846979148,0.07285400828325314
2025-08-08 10:15:00,sump_flow_lpm,79.59007002154785,-0.03364186846979148,0.07285400828325314
2025-08-08 10:16:00,sump_flow_lpm,79.7000084379732,-0.03364186846979148,0.07285400828325314
2025-08-08 10:17:00,sump_flow_lpm,79.71859760640851,-0.03364186846979148,0.07285400828325314
2025-08-08 10:18:00,sump_flow_lpm,79.80593947257658,-0.03364186846979148,0.07285400828325314
2025-08-08 10:19:00,sump_flow_lpm,79.86355259293352,-0.03364186846979148,0.07285400828325314
2025-08-08 10:20:00,sump_flow_lpm,79.9327097909673,-0.03364186846979148,0.07285400828325314
2025-08-08 10:21:00,sump_flow_lpm,80.01468510701339,-0.03364186846979148,0.07285400828325314
2025-08-08 10:22:00,sump_flow_lpm,80.08094763371355,-0.03364186846979148,0.07285400828325314
2025-08-08 10:23:00,sump_flow_lpm,80.23206516148657,-0.03364186846979148,0.07285400828325314
2025-08-08 10:24:00,sump_flow_lpm,80.22803645563351,-0.03364186846979148,0.07285400828325314
2025-08-08 10:25:00,sump_flow_lpm,80.31815066450456,-0.03364186846979148,0.07285400828325314
2025-08-08 10:26:00,sump_flow_lpm,80.39439656237752,-0.03364186846979148,0.07285400828325314
2025-08-08 10:27:00,sump_flow_lpm,80.46449363826778,-0.03364186846979148,0.07285400828325314
2025-08-08 10:28:00,sump_flow_lpm,80.54509621119054,-0.03364186846979148,0.07285400828325314
2025-08-08 10:29:00,sump_flow_lpm,80.60020571055942,-0.03364186846979148,0.07285400828325314
2025-08-08 10:30:00,sump_flow_lpm,80.68827474292561,-0.03364186846979148,0.07285400828325314
2025-08-08 10:31:00,sump_flow_lpm,80.75319636574979,-0.03364186846979148,0.07285400828325314
2025-08-08 10:32:00,sump_flow_lpm,80.87709654788384,-0.03364186846979148,0.07285400828325314
2025-08-08 10:33:00,sump_flow_lpm,80.92382990835823,-0.03364186846979148,0.07285400828325314
2025-08-08 10:34:00,sump_flow_lpm,81.0413407493298,-0.03364186846979148,0.07285400828325314
2025-08-08 10:35:00,sump_flow_lpm,81.04456905250687,-0.03364186846979148,0.07285400828325314
2025-08-08 10:36:00,sump_flow_lpm,81.12486127792515,-0.03364186846979148,0.07285400828325314
2025-08-08 10:37:00,sump_flow_lpm,81.19684149404897,-0.03364186846979148,0.07285400828325314
2025-08-08 10:38:00,sump_flow_lpm,81.26706171208082,-0.03364186846979148,0.07285400828325314
2025-08-08 10:39:00,sump_flow_lpm,81.34673203547666,-0.03364186846979148,0.07285400828325314
2025-08-08 10:40:00,sump_flow_lpm,81.43823896641058,-0.03364186846979148,0.07285400828325314
2025-08-08 10:41:00,sump_flow_lpm,81.4951268693727,-0.03364186846979148,0.07285400828325314
2025-08-08 10:42:00,sump_flow_lpm,81.4951268693727,-0.03364186846979148,0.07285400828325314
2025-08-08 10:43:00,sump_flow_lpm,81.68231321449078,-0.03364186846979148,0.07285400828325314
2025-08-08 10:44:00,sump_flow_lpm,81.73657276160115,-0.03364186846979148,0.07285400828325314
2025-08-08 10:45:00,sump_flow_lpm,81.79728808657087,-0.03364186846979148,0.07285400828325314
2025-08-08 10:46:00,sump_flow_lpm,81.87091368527695,-0.03364186846979148,0.07285400828325314
2025-08-08 10:47:00,sump_flow_lpm,81.94810548790919,-0.03364186846979148,0.07285400828325314
2025-08-08 10:48:00,sump_flow_lpm,82.0141807008354,-0.03364186846979148,0.07285400828325314
2025-08-08 10:49:00,sump_flow_lpm,82.10473082755928,-0.03364186846979148,0.07285400828325314
2025-08-08 10:50:00,sump_flow_lpm,82.16802892177634,-0.03364186846979148,0.07285400828325314
2025-08-08 10:51:00,sump_flow_lpm,82.27157790846078,-0.03364186846979148,0.07285400828325314
2025-08-08 10:52:00,sump_flow_lpm,82.33591934279526,-0.03364186846979148,0.07285400828325314
2025-08-08 10:53:00,sump_flow_lpm,82.4008653891115,-0.03364186846979148,0.07285400828325314
2025-08-08 10:54:00,sump_flow_lpm,82.46540901394678,-0.03364186846979148,0.07285400828325314
2025-08-08 10:55:00,sump_flow_lpm,82.5354088749259,-0.03364186846979148,0.07285400828325314
2025-08-08 10:56:00,sump_flow_lpm,82.63497653693909,-0.03364186846979148,0.07285400828325314
2025-08-08 10:57:00,sump_flow_lpm,82.69271198790184,-0.03364186846979148,0.07285400828325314
2025-08-08 10:58:00,sump_flow_lpm,82.75882145299096,-0.03364186846979148,0.07285400828325314
2025-08-08 10:59:00,sump_flow_lpm,82.83241729089126,-0.03364186846979148,0.07285400828325314
2025-08-08 11:00:00,sump_flow_lpm,82.90603540256065,-0.03364186846979148,0.07285400828325314
2025-08-08 11:01:00,sump_flow_lpm,83.0067900936475,-0.03364186846979148,0.07285400828325314
2025-08-08 11:02:00,sump_flow_lpm,83.0563096014456,-0.03364186846979148,0.07285400828325314
2025-08-08 11:03:00,sump_flow_lpm,83.14041130754265,-0.03364186846979148,0.07285400828325314
2025-08-08 11:04:00,sump_flow_lpm,83.21181091535584,-0.03364186846979148,0.07285400828325314
2025-08-08 11:05:00,sump_flow_lpm,83.29147399070001,-0.03364186846979148,0.07285400828325314
2025-08-08 11:06:00,sump_flow_lpm,83.39042375531562,-0.03364186846979148,0.07285400828325314
2025-08-08 11:07:00,sump_flow_lpm,83.46329259793384,-0.03364186846979148,0.07285400828325314
2025-08-08 11:08:00,sump_flow_lpm,83.50917231122958,-0.03364186846979148,0.07285400828325314
2025-08-08 11:09:00,sump_flow_lpm,83.57183074824499,-0.03364186846979148,0.07285400828325314
2025-08-08 11:10:00,sump_flow_lpm,83.65698365933243,-0.03364186846979148,0.07285400828325314
2025-08-08 11:11:00,sump_flow_lpm,83.73884822066789,-0.03364186846979148,0.07285400828325314
2025-08-08 11:12:00,sump_flow_lpm,83.81087320755228,-0.03364186846979148,0.07285400828325314
2025-08-08 11:13:00,sump_flow_lpm,83.8899725132025,-0.03364186846979148,0.07285400828325314
2025-08-08 11:14:00,sump_flow_lpm,83.94659071908382,-0.03364186846979148,0.07285400828325314
2025-08-08 11:15:00,sump_flow_lpm,84.03838826655013,-0.03364186846979148,0.07285400828325314
2025-08-08 11:16:00,sump_flow_lpm,84.0959672765287,-0.03364186846979148,0.07285400828325314
2025-08-08 11:17:00,sump_flow_lpm,84.19404596354346,-0.03364186846979148,0.07285400828325314
2025-08-08 11:18:00,sump_flow_lpm,84.24890542830555,-0.03364186846979148,0.07285400828325314
2025-08-08 11:19:00,sump_flow_lpm,84.3397176598869,-0.03364186846979148,0.07285400828325314
2025-08-08 11:20:00,sump_flow_lpm,84.39029299903021,-0.03364186846979148,0.07285400828325314
2025-08-08 11:21:00,sump_flow_lpm,84.47413689661677,-0.03364186846979148,0.07285400828325314
2025-08-08 11:22:00,sump_flow_lpm,84.56241922566477,-0.03364186846979148,0.07285400828325314
2025-08-08 11:23:00,sump_flow_lpm,84.61749209585291,-0.03364186846979148,0.07285400828325314
2025-08-08 11:24:00,sump_flow_lpm,84.71841348565735,-0.03364186846979148,0.07285400828325314
2025-08-08 11:25:00,sump_flow_lpm,84.78096242788266,-0.03364186846979148,0.07285400828325314
2025-08-08 11:26:00,sump_flow_lpm,84.85309320145036,-0.03364186846979148,0.07285400828325314
2025-08-08 11:27:00,sump_flow_lpm,84.91844961230694,-0.03364186846979148,0.07285400828325314
2025-08-08 11:28:00,sump_flow_lpm,84.99724213345561,-0.03364186846979148,0.07285400828325314
2025-08-08 11:29:00,sump_flow_lpm,85.07660744526694,-0.03364186846979148,0.07285400828325314
2025-08-08 11:30:00,sump_flow_lpm,85.14554905479967,-0.03364186846979148,0.07285400828325314
2025-08-08 11:31:00,sump_flow_lpm,85.23107032338964,-0.03364186846979148,0.07285400828325314
2025-08-08 11:32:00,sump_flow_lpm,85.29282014980191,-0.03364186846979148,0.07285400828325314
2025-08-08 11:33:00,sump_flow_lpm,85.3603120480023,-0.03364186846979148,0.07285400828325314
2025-08-08 11:34:00,sump_flow_lpm,85.43495118596681,-0.03364186846979148,0.07285400828325314
2025-08-08 11:35:00,sump_flow_lpm,85.50459794914548,-0.03364186846979148,0.07285400828325314
2025-08-08 11:36:00,sump_flow_lpm,85.58598705108014,-0.03364186846979148,0.07285400828325314
2025-08-08 11:37:00,sump_flow_lpm,85.68081029006711,-0.03364186846979148,0.07285400828325314
2025-08-08 11:38:00,sump_flow_lpm,85.75912882466714,-0.03364186846979148,0.07285400828325314
2025-08-08 11:39:00,sump_flow_lpm,85.8063847287001,-0.03364186846979148,0.07285400828325314
2025-08-08 11:40:00,sump_flow_lpm,85.94010984598754,-0.03364186846979148,0.07285400828325314
2025-08-08 11:41:00,sump_flow_lpm,85.96450862990105,-0.03364186846979148,0.07285400828325314
2025-08-08 11:42:00,sump_flow_lpm,86.07466715077368,-0.03364186846979148,0.07285400828325314
2025-08-08 11:43:00,sump_flow_lpm,86.12377425005181,-0.03364186846979148,0.07285400828325314
2025-08-08 11:44:00,sump_flow_lpm,86.1992171356467,-0.03364186846979148,0.07285400828325314
2025-08-08 11:45:00,sump_flow_lpm,86.24970545880556,-0.03364186846979148,0.07285400828325314
2025-08-08 11:46:00,sump_flow_lpm,86.32724151525085,-0.03364186846979148,0.07285400828325314
2025-08-08 11:47:00,sump_flow_lpm,86.39679422839589,-0.03364186846979148,0.07285400828325314
2025-08-08 11:48:00,sump_flow_lpm,86.49614639626503,-0.03364186846979148,0.07285400828325314
2025-08-08 11:49:00,sump_flow_lpm,86.55375167592233,-0.03364186846979148,0.07285400828325314
2025-08-08 11:50:00,sump_flow_lpm,86.65054771499722,-0.03364186846979148,0.07285400828325314
2025-08-08 11:51:00,sump_flow_lpm,86.70227378735713,-0.03364186846979148,0.07285400828325314
2025-08-08 11:52:00,sump_flow_lpm,86.8025624005324,-0.03364186846979148,0.07285400828325314
2025-08-08 11:53:00,sump_flow_lpm,86.84548625697164,-0.03364186846979148,0.07285400828325314
2025-08-08 11:54:00,sump_flow_lpm,86.92083762997419,-0.03364186846979148,0.07285400828325314
2025-08-08 11:55:00,sump_flow_lpm,86.99971111479142,-0.03364186846979148,0.07285400828325314
2025-08-08 11:56:00,sump_flow_lpm,87.07622030649867,-0.03364186846979148,0.07285400828325314
2025-08-08 11:57:00,sump_flow_lpm,87.14863928011941,-0.03364186846979148,0.07285400828325314
2025-08-08 11:58:00,sump_flow_lpm,87.24325670940507,-0.03364186846979148,0.07285400828325314
2025-08-08 11:59:00,sump_flow_lpm,87.29079234258384,-0.03364186846979148,0.07285400828325314
2025-08-08 12:00:00,sump_flow_lpm,87.37175053934062,-0.03364186846979148,0.07285400828325314
2025-08-08 12:01:00,sump_flow_lpm,87.47375160475931,-0.03364186846979148,0.07285400828325314
2025-08-08 12:02:00,sump_flow_lpm,87.51316932038114,-0.03364186846979148,0.07285400828325314
2025-08-08 12:03:00,sump_flow_lpm,87.64319635123144,-0.03364186846979148,0.07285400828325314
2025-08-08 12:04:00,sump_flow_lpm,87.74630772863354,-0.03364186846979148,0.07285400828325314
2025-08-08 12:05:00,sump_flow_lpm,87.73667534148129,-0.03364186846979148,0.07285400828325314
2025-08-08 12:06:00,sump_flow_lpm,87.81605089044704,-0.03364186846979148,0.07285400828325314
2025-08-08 12:07:00,sump_flow_lpm,87.89282690733832,-0.03364186846979148,0.07285400828325314
2025-08-08 12:08:00,sump_flow_lpm,87.9878116342268,-0.03364186846979148,0.07285400828325314
2025-08-08 12:09:00,sump_flow_lpm,88.05032229522007,-0.03364186846979148,0.07285400828325314
2025-08-08 12:10:00,sump_flow_lpm,88.12722079106929,-0.03364186846979148,0.07285400828325314
2025-08-08 12:11:00,sump_flow_lpm,88.20922426063495,-0.03364186846979148,0.07285400828325314
2025-08-08 12:12:00,sump_flow_lpm,88.25774380192054,-0.03364186846979148,0.07285400828325314
2025-08-08 12:13:00,sump_flow_lpm,88.36539797793552,-0.03364186846979148,0.07285400828325314
2025-08-08 12:14:00,sump_flow_lpm,88.42837994602213,-0.03364186846979148,0.07285400828325314
2025-08-08 12:15:00,sump_flow_lpm,88.4954907430315,-0.03364186846979148,0.07285400828325314
2025-08-08 12:16:00,sump_flow_lpm,88.59670898693791,-0.03364186846979148,0.07285400828325314
2025-08-08 12:17:00,sump_flow_lpm,88.65105607648017,-0.03364186846979148,0.07285400828325314
2025-08-08 12:18:00,sump_flow_lpm,88.70580623621814,-0.03364186846979148,0.07285400828325314
2025-08-08 12:19:00,sump_flow_lpm,88.7868789018098,-0.03364186846979148,0.07285400828325314
2025-08-08 12:20:00,sump_flow_lpm,88.86361615660174,-0.03364186846979148,0.07285400828325314
2025-08-08 12:21:00,sump_flow_lpm,88.92547073794965,-0.03364186846979148,0.07285400828325314
2025-08-08 12:22:00,sump_flow_lpm,89.06054075509303,-0.03364186846979148,0.07285400828325314
2025-08-08 12:23:00,sump_flow_lpm,89.07577655502767,-0.03364186846979148,0.07285400828325314
2025-08-08 12:24:00,sump_flow_lpm,89.17127954750651,-0.03364186846979148,0.07285400828325314
2025-08-08 12:25:00,sump_flow_lpm,89.23582701381014,-0.03364186846979148,0.07285400828325314
2025-08-08 12:26:00,sump_flow_lpm,89.29657722683484,-0.03364186846979148,0.07285400828325314
2025-08-08 12:27:00,sump_flow_lpm,89.42214064843313,-0.03364186846979148,0.07285400828325314
2025-08-08 12:28:00,sump_flow_lpm,89.4829359857143,-0.03364186846979148,0.07285400828325314
2025-08-08 12:29:00,sump_flow_lpm,89.53394938960362,-0.03364186846979148,0.07285400828325314
2025-08-08 12:30:00,sump_flow_lpm,89.59863627775032,-0.03364186846979148,0.07285400828325314
2025-08-08 12:31:00,sump_flow_lpm,89.67037465530919,-0.03364186846979148,0.07285400828325314
2025-08-08 12:32:00,sump_flow_lpm,89.75115774350017,-0.03364186846979148,0.07285400828325314
2025-08-08 12:33:00,sump_flow_lpm,89.82236926102642,-0.03364186846979148,0.07285400828325314
2025-08-08 12:34:00,sump_flow_lpm,89.90494737225005,-0.03364186846979148,0.07285400828325314
2025-08-08 12:35:00,sump_flow_lpm,90.03302972652628,-0.03364186846979148,0.07285400828325314
2025-08-08 12:36:00,sump_flow_lpm,90.05661537642212,-0.03364186846979148,0.07285400828325314
2025-08-08 12:37:00,sump_flow_lpm,64.583427561811,-0.03364186846979148,0.07285400828325314
2025-08-08 12:38:00,sump_flow_lpm,64.56034131984383,-0.03364186846979148,0.07285400828325314
2025-08-08 12:39:00,sump_flow_lpm,64.55219112893577,-0.03364186846979148,0.07285400828325314
2025-08-08 12:40:00,sump_flow_lpm,64.57786096948388,-0.03364186846979148,0.07285400828325314
2025-08-08 12:41:00,sump_flow_lpm,64.55204385390898,-0.03364186846979148,0.07285400828325314
2025-08-08 12:42:00,sump_flow_lpm,64.57988906658046,-0.03364186846979148,0.07285400828325314
2025-08-08 12:43:00,sump_flow_lpm,64.57988906658046,-0.03364186846979148,0.07285400828325314
2025-08-08 12:44:00,sump_flow_lpm,64.54205256919505,-0.03364186846979148,0.07285400828325314
2025-08-08 12:45:00,sump_flow_lpm,64.57795844714092,-0.03364186846979148,0.07285400828325314
2025-08-08 12:46:00,sump_flow_lpm,64.55700086352964,-0.03364186846979148,0.07285400828325314
2025-08-08 12:47:00,sump_flow_lpm,64.5832757517328,-0.03364186846979148,0.07285400828325314
2025-08-08 12:48:00,sump_flow_lpm,64.59485135064088,-0.03364186846979148,0.07285400828325314
2025-08-08 12:49:00,sump_flow_lpm,64.54039699421418,-0.03364186846979148,0.07285400828325314
2025-08-08 12:50:00,sump_flow_lpm,64.55319634822926,-0.03364186846979148,0.07285400828325314
2025-08-08 12:51:00,sump_flow_lpm,64.5486935331007,-0.03364186846979148,0.07285400828325314
2025-08-08 12:52:00,sump_flow_lpm,64.55895701362854,-0.03364186846979148,0.07285400828325314
2025-08-08 12:53:00,sump_flow_lpm,64.57085252685464,-0.03364186846979148,0.07285400828325314
2025-08-08 12:54:00,sump_flow_lpm,64.54588107786434,-0.03364186846979148,0.07285400828325314
2025-08-08 12:55:00,sump_flow_lpm,64.555569204877,-0.03364186846979148,0.07285400828325314
2025-08-08 12:56:00,sump_flow_lpm,64.56396458954154,-0.03364186846979148,0.07285400828325314
2025-08-08 12:57:00,sump_flow_lpm,64.54218196052405,-0.03364186846979148,0.07285400828325314
2025-08-08 12:58:00,sump_flow_lpm,64.57294196250113,-0.03364186846979148,0.07285400828325314
2025-08-08 12:59:00,sump_flow_lpm,64.55792824652517,-0.03364186846979148,0.07285400828325314
2025-08-08 13:00:00,sump_flow_lpm,64.59902506584531,-0.03364186846979148,0.07285400828325314
2025-08-08 13:01:00,sump_flow_lpm,64.5475906337067,-0.03364186846979148,0.07285400828325314
2025-08-08 13:02:00,sump_flow_lpm,64.5415836503587,-0.03364186846979148,0.07285400828325314
2025-08-08 13:03:00,sump_flow_lpm,64.5534192919897,-0.03364186846979148,0.07285400828325314
2025-08-08 13:04:00,sump_flow_lpm,64.54108894882954,-0.03364186846979148,0.07285400828325314
2025-08-08 13:05:00,sump_flow_lpm,64.60911256673094,-0.03364186846979148,0.07285400828325314
2025-08-08 13:06:00,sump_flow_lpm,64.54008365684803,-0.03364186846979148,0.07285400828325314
2025-08-08 13:07:00,sump_flow_lpm,64.56730277714558,-0.03364186846979148,0.07285400828325314
2025-08-08 13:08:00,sump_flow_lpm,64.5541877163777,-0.03364186846979148,0.07285400828325314
2025-08-08 13:09:00,sump_flow_lpm,64.54849156316223,-0.03364186846979148,0.07285400828325314
2025-08-08 13:10:00,sump_flow_lpm,64.54065679223886,-0.03364186846979148,0.07285400828325314
2025-08-08 13:11:00,sump_flow_lpm,64.558760650498,-0.03364186846979148,0.07285400828325314
2025-08-08 13:12:00,sump_flow_lpm,64.55689475119186,-0.03364186846979148,0.07285400828325314
2025-08-08 13:13:00,sump_flow_lpm,64.54588922667757,-0.03364186846979148,0.07285400828325314
2025-08-08 13:14:00,sump_flow_lpm,64.58750283484706,-0.03364186846979148,0.07285400828325314
2025-08-08 13:15:00,sump_flow_lpm,64.54654586866657,-0.03364186846979148,0.07285400828325314
2025-08-08 13:16:00,sump_flow_lpm,64.55124135235067,-0.03364186846979148,0.07285400828325314
2025-08-08 13:17:00,sump_flow_lpm,64.55498942841527,-0.03364186846979148,0.07285400828325314
2025-08-08 13:18:00,sump_flow_lpm,64.54140695873866,-0.03364186846979148,0.07285400828325314
2025-08-08 13:19:00,sump_flow_lpm,64.59310716751327,-0.03364186846979148,0.07285400828325314
2025-08-08 13:20:00,sump_flow_lpm,64.5486798298818,-0.03364186846979148,0.07285400828325314
2025-08-08 13:21:00,sump_flow_lpm,64.54097917370173,-0.03364186846979148,0.07285400828325314
2025-08-08 13:22:00,sump_flow_lpm,64.54909190398787,-0.03364186846979148,0.07285400828325314
2025-08-08 13:23:00,sump_flow_lpm,64.5576305394703,-0.03364186846979148,0.07285400828325314
2025-08-08 13:24:00,sump_flow_lpm,64.55371123977923,-0.03364186846979148,0.07285400828325314
2025-08-08 13:25:00,sump_flow_lpm,64.56301345300058,-0.03364186846979148,0.07285400828325314
2025-08-08 13:26:00,sump_flow_lpm,64.54043624672661,-0.03364186846979148,0.07285400828325314
2025-08-08 13:27:00,sump_flow_lpm,64.54599120370301,-0.03364186846979148,0.07285400828325314
2025-08-08 13:28:00,sump_flow_lpm,64.57350525421357,-0.03364186846979148,0.07285400828325314
2025-08-08 13:29:00,sump_flow_lpm,64.54095991609056,-0.03364186846979148,0.07285400828325314
2025-08-08 13:30:00,sump_flow_lpm,64.54095991609056,-0.03364186846979148,0.07285400828325314
2025-08-08 13:31:00,sump_flow_lpm,64.54122252433102,-0.03364186846979148,0.07285400828325314
2025-08-08 13:32:00,sump_flow_lpm,64.57526474441812,-0.03364186846979148,0.07285400828325314
2025-08-08 13:33:00,sump_flow_lpm,64.54824498968719,-0.03364186846979148,0.07285400828325314
2025-08-08 13:34:00,sump_flow_lpm,64.55824037306131,-0.03364186846979148,0.07285400828325314
2025-08-08 13:35:00,sump_flow_lpm,64.54261302126736,-0.03364186846979148,0.07285400828325314
2025-08-08 13:36:00,sump_flow_lpm,64.54066378493957,-0.03364186846979148,0.07285400828325314
2025-08-08 13:37:00,sump_flow_lpm,64.54415994371993,-0.03364186846979148,0.07285400828325314
2025-08-08 13:38:00,sump_flow_lpm,64.54203055949543,-0.03364186846979148,0.07285400828325314
2025-08-08 13:39:00,sump_flow_lpm,64.54678572656735,-0.03364186846979148,0.07285400828325314
2025-08-08 13:40:00,sump_flow_lpm,64.55374130569797,-0.03364186846979148,0.07285400828325314
2025-08-08 13:41:00,sump_flow_lpm,64.55706613469074,-0.03364186846979148,0.07285400828325314
2025-08-08 13:42:00,sump_flow_lpm,64.57049499261954,-0.03364186846979148,0.07285400828325314
2025-08-08 13:43:00,sump_flow_lpm,64.56065081949272,-0.03364186846979148,0.07285400828325314
2025-08-08 13:44:00,sump_flow_lpm,64.55806319122604,-0.03364186846979148,0.07285400828325314
2025-08-08 13:45:00,sump_flow_lpm,64.54990774887766,-0.03364186846979148,0.07285400828325314
2025-08-08 13:46:00,sump_flow_lpm,64.55213639372234,-0.03364186846979148,0.07285400828325314
2025-08-08 13:47:00,sump_flow_lpm,64.55000108835254,-0.03364186846979148,0.07285400828325314
2025-08-08 13:48:00,sump_flow_lpm,64.57621882734584,-0.03364186846979148,0.07285400828325314
2025-08-08 13:49:00,sump_flow_lpm,64.54452190195043,-0.03364186846979148,0.07285400828325314
2025-08-08 13:50:00,sump_flow_lpm,64.53940934208829,-0.03364186846979148,0.07285400828325314
2025-08-08 13:51:00,sump_flow_lpm,64.56036660267499,-0.03364186846979148,0.07285400828325314
2025-08-08 13:52:00,sump_flow_lpm,64.54381911544948,-0.03364186846979148,0.07285400828325314
2025-08-08 13:53:00,sump_flow_lpm,64.58346103801486,-0.03364186846979148,0.07285400828325314
2025-08-08 13:54:00,sump_flow_lpm,64.57848107535479,-0.03364186846979148,0.07285400828325314
2025-08-08 13:55:00,sump_flow_lpm,64.54089120924125,-0.03364186846979148,0.07285400828325314
2025-08-08 13:56:00,sump_flow_lpm,64.54154427603663,-0.03364186846979148,0.07285400828325314
2025-08-08 13:57:00,sump_flow_lpm,64.55296532879471,-0.03364186846979148,0.07285400828325314
2025-08-08 13:58:00,sump_flow_lpm,64.55808694193732,-0.03364186846979148,0.07285400828325314
2025-08-08 13:59:00,sump_flow_lpm,64.54572373893443,-0.03364186846979148,0.07285400828325314
2025-08-08 14:00:00,sump_flow_lpm,64.56452647200709,-0.03364186846979148,0.07285400828325314
2025-08-08 14:01:00,sump_flow_lpm,64.55736781246553,-0.03364186846979148,0.07285400828325314
2025-08-08 14:02:00,sump_flow_lpm,64.5471502357913,-0.03364186846979148,0.07285400828325314
2025-08-08 14:03:00,sump_flow_lpm,64.53980857279254,-0.03364186846979148,0.07285400828325314
2025-08-08 14:04:00,sump_flow_lpm,64.56703250825447,-0.03364186846979148,0.07285400828325314
2025-08-08 14:05:00,sump_flow_lpm,64.5441297510918,-0.03364186846979148,0.07285400828325314
2025-08-08 14:06:00,sump_flow_lpm,64.57526710385275,-0.03364186846979148,0.07285400828325314
2025-08-08 14:07:00,sump_flow_lpm,64.55019914989477,-0.03364186846979148,0.07285400828325314
2025-08-08 14:08:00,sump_flow_lpm,64.55650591883732,-0.03364186846979148,0.07285400828325314
2025-08-08 14:09:00,sump_flow_lpm,64.58055788644164,-0.03364186846979148,0.07285400828325314
2025-08-08 14:10:00,sump_flow_lpm,64.57914123843798,-0.03364186846979148,0.07285400828325314
2025-08-08 14:11:00,sump_flow_lpm,64.54858360286141,-0.03364186846979148,0.07285400828325314
2025-08-08 14:12:00,sump_flow_lpm,64.5439809320482,-0.03364186846979148,0.07285400828325314
2025-08-08 14:13:00,sump_flow_lpm,64.56914068135265,-0.03364186846979148,0.07285400828325314
2025-08-08 14:14:00,sump_flow_lpm,64.55064534366964,-0.03364186846979148,0.07285400828325314
2025-08-08 14:15:00,sump_flow_lpm,64.543559498794,-0.03364186846979148,0.07285400828325314
2025-08-08 14:16:00,sump_flow_lpm,64.58625154653456,-0.03364186846979148,0.07285400828325314
2025-08-08 14:29:00,sump_flow_lpm,0.1605235647156204,-0.03364186846979148,0.07285400828325314
2025-08-08 16:14:00,sump_flow_lpm,0.088799035702734,-0.03364186846979148,0.07285400828325314
2025-08-08 16:40:00,sump_flow_lpm,0.1111689416354242,-0.03364186846979148,0.07285400828325314
2025-08-08 16:59:00,sump_flow_lpm,0.0908125461002165,-0.03364186846979148,0.07285400828325314
2025-08-08 17:39:00,sump_flow_lpm,0.0853373035776581,-0.03364186846979148,0.07285400828325314
2025-08-08 18:17:00,sump_flow_lpm,0.0754200671956605,-0.03364186846979148,0.07285400828325314
2025-08-08 18:25:00,sump_flow_lpm,0.092490708252568,-0.03364186846979148,0.07285400828325314
2025-08-08 21:27:00,sump_flow_lpm,0.079667270101129,-0.03364186846979148,0.07285400828325314
2025-08-08 21:48:00,sump_flow_lpm,0.0918888828045109,-0.03364186846979148,0.07285400828325314
2025-08-08 22:32:00,sump_flow_lpm,0.0776685876850749,-0.03364186846979148,0.07285400828325314
2025-08-08 22:54:00,sump_flow_lpm,0.0853173279760659,-0.03364186846979148,0.07285400828325314
2025-08-08 23:12:00,sump_flow_lpm,0.1308656947871939,-0.03364186846979148,0.07285400828325314
2025-08-08 23:39:00,sump_flow_lpm,0.1463181648562656,-0.03364186846979148,0.07285400828325314
2025-08-09 02:00:00,sump_flow_lpm,0.0856332201711854,-0.03364186846979148,0.07285400828325314
2025-08-09 02:17:00,sump_flow_lpm,0.1336927848219992,-0.03364186846979148,0.07285400828325314
2025-08-09 02:21:00,sump_flow_lpm,0.1315895740970332,-0.03364186846979148,0.07285400828325314
2025-08-09 03:07:00,sump_flow_lpm,0.1144823790901407,-0.03364186846979148,0.07285400828325314
2025-08-09 03:43:00,sump_flow_lpm,0.0839114312804445,-0.03364186846979148,0.07285400828325314
2025-08-09 04:02:00,sump_flow_lpm,0.1645507223072644,-0.03364186846979148,0.07285400828325314
2025-08-09 04:03:00,sump_flow_lpm,0.301497281596539,-0.03364186846979148,0.07285400828325314
2025-08-09 04:04:00,sump_flow_lpm,0.4549704531108218,-0.03364186846979148,0.07285400828325314
2025-08-09 04:05:00,sump_flow_lpm,0.6116621887976035,-0.03364186846979148,0.07285400828325314
2025-08-09 04:06:00,sump_flow_lpm,0.7453870432638776,-0.03364186846979148,0.07285400828325314
2025-08-09 04:07:00,sump_flow_lpm,0.8884074046067348,-0.03364186846979148,0.07285400828325314
2025-08-09 04:08:00,sump_flow_lpm,1.0354304635848874,-0.03364186846979148,0.07285400828325314
2025-08-09 04:09:00,sump_flow_lpm,1.183562154288179,-0.03364186846979148,0.07285400828325314
2025-08-09 04:10:00,sump_flow_lpm,1.3311709226139878,-0.03364186846979148,0.07285400828325314
2025-08-09 04:11:00,sump_flow_lpm,1.4812311309130457,-0.03364186846979148,0.07285400828325314
2025-08-09 04:12:00,sump_flow_lpm,1.6322570081747283,-0.03364186846979148,0.07285400828325314
2025-08-09 04:13:00,sump_flow_lpm,1.7796715416493094,-0.03364186846979148,0.07285400828325314
2025-08-09 04:14:00,sump_flow_lpm,2.009105825775913,-0.03364186846979148,0.07285400828325314
2025-08-09 04:15:00,sump_flow_lpm,2.077755306188588,-0.03364186846979148,0.07285400828325314
2025-08-09 04:16:00,sump_flow_lpm,2.221064748021692,-0.03364186846979148,0.07285400828325314
2025-08-09 04:17:00,sump_flow_lpm,2.3820018584303506,-0.03364186846979148,0.07285400828325314
2025-08-09 04:18:00,sump_flow_lpm,2.5531497792623274,-0.03364186846979148,0.07285400828325314
2025-08-09 04:19:00,sump_flow_lpm,2.684674278685872,-0.03364186846979148,0.07285400828325314
2025-08-09 04:20:00,sump_flow_lpm,2.8169175716443147,-0.03364186846979148,0.07285400828325314
2025-08-09 04:21:00,sump_flow_lpm,2.974278156491156,-0.03364186846979148,0.07285400828325314
2025-08-09 04:22:00,sump_flow_lpm,3.130769413267108,-0.03364186846979148,0.07285400828325314
2025-08-09 04:23:00,sump_flow_lpm,3.279610192225469,-0.03364186846979148,0.07285400828325314
2025-08-09 04:24:00,sump_flow_lpm,3.423417245223192,-0.03364186846979148,0.07285400828325314
2025-08-09 04:25:00,sump_flow_lpm,3.590271425632741,-0.03364186846979148,0.07285400828325314
2025-08-09 04:26:00,sump_flow_lpm,3.738051833007768,-0.03364186846979148,0.07285400828325314
2025-08-09 04:27:00,sump_flow_lpm,3.862419868240144,-0.03364186846979148,0.07285400828325314
2025-08-09 04:28:00,sump_flow_lpm,4.004247019649296,-0.03364186846979148,0.07285400828325314
2025-08-09 04:29:00,sump_flow_lpm,4.161419382164134,-0.03364186846979148,0.07285400828325314
2025-08-09 04:30:00,sump_flow_lpm,4.322886457442199,-0.03364186846979148,0.07285400828325314
2025-08-09 04:31:00,sump_flow_lpm,4.4367907853593564,-0.03364186846979148,0.07285400828325314
2025-08-09 04:32:00,sump_flow_lpm,4.681125468691086,-0.03364186846979148,0.07285400828325314
2025-08-09 04:33:00,sump_flow_lpm,4.736495640849047,-0.03364186846979148,0.07285400828325314
2025-08-09 04:34:00,sump_flow_lpm,4.893052128191498,-0.03364186846979148,0.07285400828325314
2025-08-09 04:35:00,sump_flow_lpm,5.069353559179706,-0.03364186846979148,0.07285400828325314
2025-08-09 04:36:00,sump_flow_lpm,5.181222547264945,-0.03364186846979148,0.07285400828325314
2025-08-09 04:37:00,sump_flow_lpm,5.336968554113909,-0.03364186846979148,0.07285400828325314
2025-08-09 04:38:00,sump_flow_lpm,5.474746844605516,-0.03364186846979148,0.07285400828325314
2025-08-09 04:39:00,sump_flow_lpm,5.629844461679817,-0.03364186846979148,0.07285400828325314
2025-08-09 04:40:00,sump_flow_lpm,5.7715799229375175,-0.03364186846979148,0.07285400828325314
2025-08-09 04:41:00,sump_flow_lpm,5.924609328511463,-0.03364186846979148,0.07285400828325314
2025-08-09 04:42:00,sump_flow_lpm,6.072810132011847,-0.03364186846979148,0.07285400828325314
2025-08-09 04:43:00,sump_flow_lpm,6.311079316016096,-0.03364186846979148,0.07285400828325314
2025-08-09 04:44:00,sump_flow_lpm,6.464469747708618,-0.03364186846979148,0.07285400828325314
2025-08-09 04:45:00,sump_flow_lpm,6.5095654098682445,-0.03364186846979148,0.07285400828325314
2025-08-09 04:46:00,sump_flow_lpm,6.680906398586696,-0.03364186846979148,0.07285400828325314
2025-08-09 04:47:00,sump_flow_lpm,6.803968027933829,-0.03364186846979148,0.07285400828325314
2025-08-09 04:48:00,sump_flow_lpm,6.95140777234624,-0.03364186846979148,0.07285400828325314
2025-08-09 04:49:00,sump_flow_lpm,7.100909970075397,-0.03364186846979148,0.07285400828325314
2025-08-09 04:50:00,sump_flow_lpm,7.3139007296136995,-0.03364186846979148,0.07285400828325314
2025-08-09 04:51:00,sump_flow_lpm,7.451020526140859,-0.03364186846979148,0.07285400828325314
2025-08-09 04:52:00,sump_flow_lpm,7.546663258153955,-0.03364186846979148,0.07285400828325314
2025-08-09 04:53:00,sump_flow_lpm,7.693767790768602,-0.03364186846979148,0.07285400828325314
2025-08-09 04:54:00,sump_flow_lpm,7.843632936341159,-0.03364186846979148,0.07285400828325314
2025-08-09 04:55:00,sump_flow_lpm,8.000514057610378,-0.03364186846979148,0.07285400828325314
2025-08-09 04:56:00,sump_flow_lpm,8.150774276160268,-0.03364186846979148,0.07285400828325314
2025-08-09 04:57:00,sump_flow_lpm,8.286807981669144,-0.03364186846979148,0.07285400828325314
2025-08-09 04:58:00,sump_flow_lpm,8.457949957459357,-0.03364186846979148,0.07285400828325314
2025-08-09 04:59:00,sump_flow_lpm,8.584984676550224,-0.03364186846979148,0.07285400828325314
2025-08-09 05:00:00,sump_flow_lpm,8.776520228399331,-0.03364186846979148,0.07285400828325314
2025-08-09 05:01:00,sump_flow_lpm,8.89473917963028,-0.03364186846979148,0.07285400828325314
2025-08-09 05:02:00,sump_flow_lpm,9.032710570728574,-0.03364186846979148,0.07285400828325314
2025-08-09 05:03:00,sump_flow_lpm,9.200337915951437,-0.03364186846979148,0.07285400828325314
2025-08-09 05:04:00,sump_flow_lpm,9.351088179725329,-0.03364186846979148,0.07285400828325314
2025-08-09 05:05:00,sump_flow_lpm,9.47177521199763,-0.03364186846979148,0.07285400828325314
2025-08-09 05:06:00,sump_flow_lpm,9.621102742842524,-0.03364186846979148,0.07285400828325314
2025-08-09 05:07:00,sump_flow_lpm,9.815653764060135,-0.03364186846979148,0.07285400828325314
2025-08-09 05:08:00,sump_flow_lpm,9.912179846489678,-0.03364186846979148,0.07285400828325314
2025-08-09 05:09:00,sump_flow_lpm,10.0573301150347,-0.03364186846979148,0.07285400828325314
2025-08-09 05:10:00,sump_flow_lpm,10.216462824595371,-0.03364186846979148,0.07285400828325314
2025-08-09 05:11:00,sump_flow_lpm,10.384557435098792,-0.03364186846979148,0.07285400828325314
2025-08-09 05:12:00,sump_flow_lpm,10.529675667486494,-0.03364186846979148,0.07285400828325314
2025-08-09 05:13:00,sump_flow_lpm,10.698423387224798,-0.03364186846979148,0.07285400828325314
2025-08-09 05:14:00,sump_flow_lpm,10.81115217767375,-0.03364186846979148,0.07285400828325314
2025-08-09 05:15:00,sump_flow_lpm,10.945912956567916,-0.03364186846979148,0.07285400828325314
2025-08-09 05:16:00,sump_flow_lpm,11.109461668421671,-0.03364186846979148,0.07285400828325314
2025-08-09 05:17:00,sump_flow_lpm,11.269720034566184,-0.03364186846979148,0.07285400828325314
2025-08-09 05:18:00,sump_flow_lpm,11.389431544489764,-0.03364186846979148,0.07285400828325314
2025-08-09 05:19:00,sump_flow_lpm,11.539152026788576,-0.03364186846979148,0.07285400828325314
2025-08-09 05:20:00,sump_flow_lpm,11.683497882475065,-0.03364186846979148,0.07285400828325314
2025-08-09 05:21:00,sump_flow_lpm,11.849150728968311,-0.03364186846979148,0.07285400828325314
2025-08-09 05:22:00,sump_flow_lpm,12.022589435088102,-0.03364186846979148,0.07285400828325314
2025-08-09 05:23:00,sump_flow_lpm,12.149131782332164,-0.03364186846979148,0.07285400828325314
2025-08-09 05:24:00,sump_flow_lpm,12.355199797696896,-0.03364186846979148,0.07285400828325314
2025-08-09 05:25:00,sump_flow_lpm,12.423998941504983,-0.03364186846979148,0.07285400828325314
2025-08-09 05:26:00,sump_flow_lpm,12.617247140427214,-0.03364186846979148,0.07285400828325314
2025-08-09 05:27:00,sump_flow_lpm,12.752122794276854,-0.03364186846979148,0.07285400828325314
2025-08-09 05:28:00,sump_flow_lpm,12.873909121192128,-0.03364186846979148,0.07285400828325314
2025-08-09 05:29:00,sump_flow_lpm,13.086886033021011,-0.03364186846979148,0.07285400828325314
2025-08-09 05:30:00,sump_flow_lpm,13.16893481913355,-0.03364186846979148,0.07285400828325314
2025-08-09 05:31:00,sump_flow_lpm,13.354051750022665,-0.03364186846979148,0.07285400828325314
2025-08-09 05:32:00,sump_flow_lpm,13.50045193953182,-0.03364186846979148,0.07285400828325314
2025-08-09 05:33:00,sump_flow_lpm,13.634158837517589,-0.03364186846979148,0.07285400828325314
2025-08-09 05:34:00,sump_flow_lpm,13.77027799529034,-0.03364186846979148,0.07285400828325314
2025-08-09 05:35:00,sump_flow_lpm,13.904145987372626,-0.03364186846979148,0.07285400828325314
2025-08-09 05:36:00,sump_flow_lpm,14.064663036640995,-0.03364186846979148,0.07285400828325314
2025-08-09 05:37:00,sump_flow_lpm,14.206193627084469,-0.03364186846979148,0.07285400828325314
2025-08-09 05:38:00,sump_flow_lpm,14.376682223163373,-0.03364186846979148,0.07285400828325314
2025-08-09 05:39:00,sump_flow_lpm,14.52153327926082,-0.03364186846979148,0.07285400828325314
2025-08-09 05:40:00,sump_flow_lpm,14.689330984751232,-0.03364186846979148,0.07285400828325314
2025-08-09 05:41:00,sump_flow_lpm,14.789223566544113,-0.03364186846979148,0.07285400828325314
2025-08-09 05:42:00,sump_flow_lpm,14.969934437373286,-0.03364186846979148,0.07285400828325314
2025-08-09 05:43:00,sump_flow_lpm,15.140465262250306,-0.03364186846979148,0.07285400828325314
2025-08-09 05:44:00,sump_flow_lpm,15.263738926021857,-0.03364186846979148,0.07285400828325314
2025-08-09 05:45:00,sump_flow_lpm,15.383271443836149,-0.03364186846979148,0.07285400828325314
2025-08-09 05:46:00,sump_flow_lpm,15.530066437221556,-0.03364186846979148,0.07285400828325314
2025-08-09 05:47:00,sump_flow_lpm,15.676681537868848,-0.03364186846979148,0.07285400828325314
2025-08-09 05:48:00,sump_flow_lpm,15.843966808491544,-0.03364186846979148,0.07285400828325314
2025-08-09 05:49:00,sump_flow_lpm,15.991906080122304,-0.03364186846979148,0.07285400828325314
2025-08-09 05:50:00,sump_flow_lpm,16.206651778427023,-0.03364186846979148,0.07285400828325314
2025-08-09 05:51:00,sump_flow_lpm,16.277968607246628,-0.03364186846979148,0.07285400828325314
2025-08-09 05:52:00,sump_flow_lpm,16.423773000050115,-0.03364186846979148,0.07285400828325314
2025-08-09 05:53:00,sump_flow_lpm,16.583181649008612,-0.03364186846979148,0.07285400828325314
2025-08-09 05:54:00,sump_flow_lpm,16.746414028353684,-0.03364186846979148,0.07285400828325314
2025-08-09 05:55:00,sump_flow_lpm,16.914594983278175,-0.03364186846979148,0.07285400828325314
2025-08-09 05:56:00,sump_flow_lpm,17.03976709394717,-0.03364186846979148,0.07285400828325314
2025-08-09 05:57:00,sump_flow_lpm,17.1662787157805,-0.03364186846979148,0.07285400828325314
2025-08-09 05:58:00,sump_flow_lpm,17.323194407729023,-0.03364186846979148,0.07285400828325314
2025-08-09 05:59:00,sump_flow_lpm,17.323194407729023,-0.03364186846979148,0.07285400828325314
2025-08-09 06:00:00,sump_flow_lpm,17.61231125765699,-0.03364186846979148,0.07285400828325314
2025-08-09 06:01:00,sump_flow_lpm,17.751594139631823,-0.03364186846979148,0.07285400828325314
2025-08-09 06:02:00,sump_flow_lpm,17.898318866354096,-0.03364186846979148,0.07285400828325314
2025-08-09 06:03:00,sump_flow_lpm,18.04249134034283,-0.03364186846979148,0.07285400828325314
2025-08-09 06:04:00,sump_flow_lpm,18.215711282986263,-0.03364186846979148,0.07285400828325314
2025-08-09 06:05:00,sump_flow_lpm,18.340622027956403,-0.03364186846979148,0.07285400828325314
2025-08-09 06:06:00,sump_flow_lpm,18.491745949348644,-0.03364186846979148,0.07285400828325314
2025-08-09 06:07:00,sump_flow_lpm,18.64111808937217,-0.03364186846979148,0.07285400828325314
2025-08-09 06:08:00,sump_flow_lpm,18.798371307169603,-0.03364186846979148,0.07285400828325314
2025-08-09 06:09:00,sump_flow_lpm,18.939972207085447,-0.03364186846979148,0.07285400828325314
2025-08-09 06:10:00,sump_flow_lpm,19.10017146709936,-0.03364186846979148,0.07285400828325314
2025-08-09 06:11:00,sump_flow_lpm,19.22674709275878,-0.03364186846979148,0.07285400828325314
2025-08-09 06:12:00,sump_flow_lpm,19.37613780752993,-0.03364186846979148,0.07285400828325314
2025-08-09 06:13:00,sump_flow_lpm,19.53521208799481,-0.03364186846979148,0.07285400828325314
2025-08-09 06:14:00,sump_flow_lpm,19.677488450416423,-0.03364186846979148,0.07285400828325314
2025-08-09 06:15:00,sump_flow_lpm,19.824173391203335,-0.03364186846979148,0.07285400828325314
2025-08-09 06:16:00,sump_flow_lpm,19.96643600513879,-0.03364186846979148,0.07285400828325314
2025-08-09 06:17:00,sump_flow_lpm,20.15815100460088,-0.03364186846979148,0.07285400828325314
2025-08-09 06:18:00,sump_flow_lpm,20.28436822976413,-0.03364186846979148,0.07285400828325314
2025-08-09 06:19:00,sump_flow_lpm,20.411309621492933,-0.03364186846979148,0.07285400828325314
2025-08-09 06:20:00,sump_flow_lpm,20.557950549408403,-0.03364186846979148,0.07285400828325314
2025-08-09 06:21:00,sump_flow_lpm,20.77817051366748,-0.03364186846979148,0.07285400828325314
2025-08-09 06:22:00,sump_flow_lpm,20.87524599083677,-0.03364186846979148,0.07285400828325314
2025-08-09 06:23:00,sump_flow_lpm,21.011080147235337,-0.03364186846979148,0.07285400828325314
2025-08-09 06:24:00,sump_flow_lpm,21.172357574050515,-0.03364186846979148,0.07285400828325314
2025-08-09 06:25:00,sump_flow_lpm,21.324290583629352,-0.03364186846979148,0.07285400828325314
2025-08-09 06:26:00,sump_flow_lpm,21.47421999465659,-0.03364186846979148,0.07285400828325314
2025-08-09 06:35:00,sump_flow_lpm,0.0905348791273303,-0.03364186846979148,0.07285400828325314
2025-08-09 06:37:00,sump_flow_lpm,0.122244530689349,-0.03364186846979148,0.07285400828325314
2025-08-09 06:43:00,sump_flow_lpm,0.0776692101785319,-0.03364186846979148,0.07285400828325314
2025-08-09 07:10:00,sump_flow_lpm,0.100331422004289,-0.03364186846979148,0.07285400828325314
2025-08-09 07:54:00,sump_flow_lpm,0.0760027791822593,-0.03364186846979148,0.07285400828325314
2025-08-09 08:09:00,sump_flow_lpm,0.0775025216324948,-0.03364186846979148,0.07285400828325314
2025-08-09 08:23:00,sump_flow_lpm,0.0731806084598468,-0.03364186846979148,0.07285400828325314
2025-08-09 08:47:00,sump_flow_lpm,0.0817769179195676,-0.03364186846979148,0.07285400828325314
2025-08-09 09:07:00,sump_flow_lpm,0.0756563886618412,-0.03364186846979148,0.07285400828325314
2025-08-09 09:42:00,sump_flow_lpm,0.0776986294634674,-0.03364186846979148,0.07285400828325314
2025-08-09 09:54:00,sump_flow_lpm,0.1085626518054518,-0.03364186846979148,0.07285400828325314
2025-08-09 10:03:00,sump_flow_lpm,0.0729475220196852,-0.03364186846979148,0.07285400828325314
2025-08-09 10:07:00,sump_flow_lpm,0.0903330522461067,-0.03364186846979148,0.07285400828325314
2025-08-09 10:53:00,sump_flow_lpm,0.088428067515292,-0.03364186846979148,0.07285400828325314
2025-08-09 11:32:00,sump_flow_lpm,0.0955851758066404,-0.03364186846979148,0.07285400828325314
2025-08-09 11:33:00,sump_flow_lpm,0.0955851758066404,-0.03364186846979148,0.07285400828325314
2025-08-09 11:51:00,sump_flow_lpm,0.0756091426042267,-0.03364186846979148,0.07285400828325314
2025-08-09 11:59:00,sump_flow_lpm,0.0966626912229488,-0.03364186846979148,0.07285400828325314
2025-08-09 12:20:00,sump_flow_lpm,0.0800468522972317,-0.03364186846979148,0.07285400828325314
2025-08-09 12:41:00,sump_flow_lpm,0.0918401124825122,-0.03364186846979148,0.07285400828325314
2025-08-09 12:52:00,sump_flow_lpm,0.0891175606051491,-0.03364186846979148,0.07285400828325314
2025-08-09 13:31:00,sump_flow_lpm,0.0848572906088144,-0.03364186846979148,0.07285400828325314
2025-08-09 14:44:00,sump_flow_lpm,0.1328844776296944,-0.03364186846979148,0.07285400828325314
2025-08-09 14:49:00,sump_flow_lpm,0.0774927798672394,-0.03364186846979148,0.07285400828325314
2025-08-09 15:00:00,sump_flow_lpm,0.0762399227759445,-0.03364186846979148,0.07285400828325314
2025-08-09 15:10:00,sump_flow_lpm,0.0853339190231284,-0.03364186846979148,0.07285400828325314
2025-08-09 15:27:00,sump_flow_lpm,0.1276242411116551,-0.03364186846979148,0.07285400828325314
2025-08-09 15:42:00,sump_flow_lpm,0.092324185330816,-0.03364186846979148,0.07285400828325314
2025-08-09 16:15:00,sump_flow_lpm,0.0970002350376568,-0.03364186846979148,0.07285400828325314
2025-08-09 16:25:00,sump_flow_lpm,0.0808912704239316,-0.03364186846979148,0.07285400828325314
2025-08-09 16:31:00,sump_flow_lpm,0.0912514272358898,-0.03364186846979148,0.07285400828325314
2025-08-09 16:37:00,sump_flow_lpm,0.0858888085337119,-0.03364186846979148,0.07285400828325314
2025-08-09 18:43:00,sump_flow_lpm,0.0963836567926256,-0.03364186846979148,0.07285400828325314
2025-08-09 21:07:00,sump_flow_lpm,0.0827260317583826,-0.03364186846979148,0.07285400828325314
2025-08-09 22:29:00,sump_flow_lpm,74.66035727451998,-0.03364186846979148,0.07285400828325314
2025-08-09 22:30:00,sump_flow_lpm,74.6634184101316,-0.03364186846979148,0.07285400828325314
2025-08-09 22:31:00,sump_flow_lpm,74.68121190052179,-0.03364186846979148,0.07285400828325314
2025-08-09 22:32:00,sump_flow_lpm,74.64775060822183,-0.03364186846979148,0.07285400828325314
2025-08-09 22:33:00,sump_flow_lpm,74.64003949631463,-0.03364186846979148,0.07285400828325314
2025-08-09 22:34:00,sump_flow_lpm,74.7020409886706,-0.03364186846979148,0.07285400828325314
2025-08-09 22:35:00,sump_flow_lpm,74.6498916037522,-0.03364186846979148,0.07285400828325314
2025-08-09 22:36:00,sump_flow_lpm,74.65799645806983,-0.03364186846979148,0.07285400828325314
2025-08-09 22:37:00,sump_flow_lpm,74.66042316748464,-0.03364186846979148,0.07285400828325314
2025-08-09 22:38:00,sump_flow_lpm,74.6542883953519,-0.03364186846979148,0.07285400828325314
2025-08-09 22:39:00,sump_flow_lpm,74.6542883953519,-0.03364186846979148,0.07285400828325314
2025-08-09 22:40:00,sump_flow_lpm,74.66661421292056,-0.03364186846979148,0.07285400828325314
2025-08-09 22:41:00,sump_flow_lpm,74.67104011023122,-0.03364186846979148,0.07285400828325314
2025-08-09 22:42:00,sump_flow_lpm,74.65457543194984,-0.03364186846979148,0.07285400828325314
2025-08-09 22:43:00,sump_flow_lpm,74.65188313601635,-0.03364186846979148,0.07285400828325314
2025-08-09 22:44:00,sump_flow_lpm,74.64089196178234,-0.03364186846979148,0.07285400828325314
2025-08-09 22:45:00,sump_flow_lpm,74.64022631346909,-0.03364186846979148,0.07285400828325314
2025-08-09 22:46:00,sump_flow_lpm,74.6467697173072,-0.03364186846979148,0.07285400828325314
2025-08-09 22:47:00,sump_flow_lpm,74.64591840550627,-0.03364186846979148,0.07285400828325314
2025-08-09 22:48:00,sump_flow_lpm,74.69990605410115,-0.03364186846979148,0.07285400828325314
2025-08-09 22:49:00,sump_flow_lpm,74.66908722722091,-0.03364186846979148,0.07285400828325314
2025-08-09 22:50:00,sump_flow_lpm,74.66004433108394,-0.03364186846979148,0.07285400828325314
2025-08-09 22:51:00,sump_flow_lpm,74.65305421709198,-0.03364186846979148,0.07285400828325314
2025-08-09 22:52:00,sump_flow_lpm,74.64213584953157,-0.03364186846979148,0.07285400828325314
2025-08-09 22:53:00,sump_flow_lpm,74.7152263730707,-0.03364186846979148,0.07285400828325314
2025-08-09 22:54:00,sump_flow_lpm,74.7152263730707,-0.03364186846979148,0.07285400828325314
2025-08-09 22:55:00,sump_flow_lpm,74.64073429837379,-0.03364186846979148,0.07285400828325314
2025-08-09 22:56:00,sump_flow_lpm,74.65208901556797,-0.03364186846979148,0.07285400828325314
2025-08-09 22:57:00,sump_flow_lpm,74.67990174240698,-0.03364186846979148,0.07285400828325314
2025-08-09 22:58:00,sump_flow_lpm,74.68213151095813,-0.03364186846979148,0.07285400828325314
2025-08-09 22:59:00,sump_flow_lpm,74.63869312027917,-0.03364186846979148,0.07285400828325314
2025-08-09 23:00:00,sump_flow_lpm,74.68195567965478,-0.03364186846979148,0.07285400828325314
2025-08-09 23:01:00,sump_flow_lpm,74.6448075103649,-0.03364186846979148,0.07285400828325314
2025-08-09 23:02:00,sump_flow_lpm,74.63926763283781,-0.03364186846979148,0.07285400828325314
2025-08-09 23:03:00,sump_flow_lpm,74.67612250875968,-0.03364186846979148,0.07285400828325314
2025-08-09 23:04:00,sump_flow_lpm,74.6783550133307,-0.03364186846979148,0.07285400828325314
2025-08-09 23:05:00,sump_flow_lpm,74.65661084147028,-0.03364186846979148,0.07285400828325314
2025-08-09 23:06:00,sump_flow_lpm,74.65555928380196,-0.03364186846979148,0.07285400828325314
2025-08-09 23:07:00,sump_flow_lpm,74.67201839134381,-0.03364186846979148,0.07285400828325314
2025-08-09 23:08:00,sump_flow_lpm,74.66933712696394,-0.03364186846979148,0.07285400828325314
2025-08-09 23:09:00,sump_flow_lpm,74.68263727503403,-0.03364186846979148,0.07285400828325314
2025-08-09 23:10:00,sump_flow_lpm,74.65456522757539,-0.03364186846979148,0.07285400828325314
2025-08-09 23:11:00,sump_flow_lpm,74.70709361843919,-0.03364186846979148,0.07285400828325314
2025-08-09 23:12:00,sump_flow_lpm,74.74964977728233,-0.03364186846979148,0.07285400828325314
2025-08-09 23:13:00,sump_flow_lpm,74.64095088019796,-0.03364186846979148,0.07285400828325314
2025-08-09 23:14:00,sump_flow_lpm,74.67635425054543,-0.03364186846979148,0.07285400828325314
2025-08-09 23:15:00,sump_flow_lpm,74.65232842576538,-0.03364186846979148,0.07285400828325314
2025-08-09 23:16:00,sump_flow_lpm,74.64827888357799,-0.03364186846979148,0.07285400828325314
2025-08-09 23:17:00,sump_flow_lpm,74.6574629395939,-0.03364186846979148,0.07285400828325314
2025-08-09 23:18:00,sump_flow_lpm,74.63962444313186,-0.03364186846979148,0.07285400828325314
2025-08-09 23:19:00,sump_flow_lpm,74.65259566331123,-0.03364186846979148,0.07285400828325314
2025-08-09 23:20:00,sump_flow_lpm,74.67941448937789,-0.03364186846979148,0.07285400828325314
2025-08-09 23:21:00,sump_flow_lpm,74.64327486312388,-0.03364186846979148,0.07285400828325314
2025-08-09 23:22:00,sump_flow_lpm,74.64958869803372,-0.03364186846979148,0.07285400828325314
2025-08-09 23:23:00,sump_flow_lpm,74.69456851174672,-0.03364186846979148,0.07285400828325314
2025-08-09 23:24:00,sump_flow_lpm,74.64966464066453,-0.03364186846979148,0.07285400828325314
2025-08-09 23:25:00,sump_flow_lpm,74.6473473860877,-0.03364186846979148,0.07285400828325314
2025-08-09 23:26:00,sump_flow_lpm,74.65008813567958,-0.03364186846979148,0.07285400828325314
2025-08-09 23:27:00,sump_flow_lpm,74.65312918567507,-0.03364186846979148,0.07285400828325314
2025-08-09 23:28:00,sump_flow_lpm,74.65846556697501,-0.03364186846979148,0.07285400828325314
2025-08-09 23:29:00,sump_flow_lpm,74.6707307491923,-0.03364186846979148,0.07285400828325314
2025-08-09 23:30:00,sump_flow_lpm,74.65050592090681,-0.03364186846979148,0.07285400828325314
2025-08-09 23:31:00,sump_flow_lpm,74.67249060350397,-0.03364186846979148,0.07285400828325314
2025-08-09 23:32:00,sump_flow_lpm,74.65373199828664,-0.03364186846979148,0.07285400828325314
2025-08-09 23:33:00,sump_flow_lpm,74.64673690724237,-0.03364186846979148,0.07285400828325314
2025-08-09 23:34:00,sump_flow_lpm,74.65992860607736,-0.03364186846979148,0.07285400828325314
2025-08-09 23:35:00,sump_flow_lpm,74.66376986619075,-0.03364186846979148,0.07285400828325314
2025-08-09 23:36:00,sump_flow_lpm,74.65480371473355,-0.03364186846979148,0.07285400828325314
2025-08-09 23:37:00,sump_flow_lpm,74.63963820617519,-0.03364186846979148,0.07285400828325314
2025-08-09 23:38:00,sump_flow_lpm,74.6421963600585,-0.03364186846979148,0.07285400828325314
2025-08-09 23:39:00,sump_flow_lpm,74.645190374898,-0.03364186846979148,0.07285400828325314
2025-08-09 23:40:00,sump_flow_lpm,74.64511573872551,-0.03364186846979148,0.07285400828325314
2025-08-09 23:41:00,sump_flow_lpm,74.66085424633478,-0.03364186846979148,0.07285400828325314
2025-08-09 23:42:00,sump_flow_lpm,74.63884297230673,-0.03364186846979148,0.07285400828325314
2025-08-09 23:43:00,sump_flow_lpm,74.66665826480063,-0.03364186846979148,0.07285400828325314
2025-08-09 23:44:00,sump_flow_lpm,74.64463960739039,-0.03364186846979148,0.07285400828325314
2025-08-09 23:45:00,sump_flow_lpm,74.64589449744234,-0.03364186846979148,0.07285400828325314
2025-08-09 23:46:00,sump_flow_lpm,74.65348429596386,-0.03364186846979148,0.07285400828325314
2025-08-09 23:47:00,sump_flow_lpm,74.6433376179083,-0.03364186846979148,0.07285400828325314
2025-08-09 23:48:00,sump_flow_lpm,74.68163731883179,-0.03364186846979148,0.07285400828325314
2025-08-09 23:49:00,sump_flow_lpm,74.64025727723012,-0.03364186846979148,0.07285400828325314
2025-08-09 23:50:00,sump_flow_lpm,74.6502260890466,-0.03364186846979148,0.07285400828325314
2025-08-09 23:51:00,sump_flow_lpm,74.67633810750279,-0.03364186846979148,0.07285400828325314
2025-08-09 23:52:00,sump_flow_lpm,74.65760671626202,-0.03364186846979148,0.07285400828325314
2025-08-09 23:53:00,sump_flow_lpm,74.64538812481057,-0.03364186846979148,0.07285400828325314
2025-08-09 23:54:00,sump_flow_lpm,74.64939336534539,-0.03364186846979148,0.07285400828325314
2025-08-09 23:55:00,sump_flow_lpm,74.66300339344248,-0.03364186846979148,0.07285400828325314
2025-08-09 23:56:00,sump_flow_lpm,74.71090504072868,-0.03364186846979148,0.07285400828325314
2025-08-09 23:57:00,sump_flow_lpm,74.68319706496224,-0.03364186846979148,0.07285400828325314
2025-08-09 23:58:00,sump_flow_lpm,74.6468567571324,-0.03364186846979148,0.07285400828325314
2025-08-09 23:59:00,sump_flow_lpm,74.76484841326423,-0.03364186846979148,0.07285400828325314
2025-08-10 00:00:00,sump_flow_lpm,74.63854280696587,-0.03364186846979148,0.07285400828325314
2025-08-10 00:01:00,sump_flow_lpm,74.63903296332859,-0.03364186846979148,0.07285400828325314
2025-08-10 00:02:00,sump_flow_lpm,74.6731999011901,-0.03364186846979148,0.07285400828325314
2025-08-10 00:03:00,sump_flow_lpm,74.64292203328696,-0.03364186846979148,0.07285400828325314
2025-08-10 00:04:00,sump_flow_lpm,74.63972647276886,-0.03364186846979148,0.07285400828325314
2025-08-10 00:05:00,sump_flow_lpm,74.64388641725449,-0.03364186846979148,0.07285400828325314
2025-08-10 00:06:00,sump_flow_lpm,74.64957859822432,-0.03364186846979148,0.07285400828325314
2025-08-10 00:07:00,sump_flow_lpm,74.66470124698674,-0.03364186846979148,0.07285400828325314
2025-08-10 00:08:00,sump_flow_lpm,74.65805376841743,-0.03364186846979148,0.07285400828325314
2025-08-10 00:09:00,sump_flow_lpm,74.64389882572061,-0.03364186846979148,0.07285400828325314
2025-08-10 00:10:00,sump_flow_lpm,74.6524667818241,-0.03364186846979148,0.07285400828325314
2025-08-10 00:11:00,sump_flow_lpm,74.69060434449496,-0.03364186846979148,0.07285400828325314
2025-08-10 00:12:00,sump_flow_lpm,74.6722214204316,-0.03364186846979148,0.07285400828325314
2025-08-10 00:13:00,sump_flow_lpm,74.64627987813026,-0.03364186846979148,0.07285400828325314
2025-08-10 00:14:00,sump_flow_lpm,74.71911639973696,-0.03364186846979148,0.07285400828325314
2025-08-10 00:15:00,sump_flow_lpm,74.66313515850142,-0.03364186846979148,0.07285400828325314
2025-08-10 00:16:00,sump_flow_lpm,74.63976228062033,-0.03364186846979148,0.07285400828325314
2025-08-10 00:17:00,sump_flow_lpm,74.63918846525647,-0.03364186846979148,0.07285400828325314
2025-08-10 00:18:00,sump_flow_lpm,74.64216085621561,-0.03364186846979148,0.07285400828325314
2025-08-10 00:19:00,sump_flow_lpm,74.664501059704,-0.03364186846979148,0.07285400828325314
2025-08-10 00:20:00,sump_flow_lpm,74.64253301120822,-0.03364186846979148,0.07285400828325314
2025-08-10 00:21:00,sump_flow_lpm,74.65280036504764,-0.03364186846979148,0.07285400828325314
2025-08-10 00:22:00,sump_flow_lpm,74.64043058381723,-0.03364186846979148,0.07285400828325314
2025-08-10 00:23:00,sump_flow_lpm,74.6892099390547,-0.03364186846979148,0.07285400828325314
2025-08-10 00:24:00,sump_flow_lpm,74.64690327961227,-0.03364186846979148,0.07285400828325314
2025-08-10 00:25:00,sump_flow_lpm,74.68622065319087,-0.03364186846979148,0.07285400828325314
2025-08-10 00:26:00,sump_flow_lpm,74.69643586237922,-0.03364186846979148,0.07285400828325314
2025-08-10 00:27:00,sump_flow_lpm,74.63859554067201,-0.03364186846979148,0.07285400828325314
2025-08-10 00:28:00,sump_flow_lpm,74.65095005787376,-0.03364186846979148,0.07285400828325314
2025-08-10 00:29:00,sump_flow_lpm,74.63897189271711,-0.03364186846979148,0.07285400828325314
2025-08-10 00:30:00,sump_flow_lpm,74.68634309587166,-0.03364186846979148,0.07285400828325314
2025-08-10 00:31:00,sump_flow_lpm,74.65308573160259,-0.03364186846979148,0.07285400828325314
2025-08-10 00:32:00,sump_flow_lpm,74.64003061091063,-0.03364186846979148,0.07285400828325314
2025-08-10 00:33:00,sump_flow_lpm,74.6408094864859,-0.03364186846979148,0.07285400828325314
2025-08-10 00:34:00,sump_flow_lpm,74.64814682247592,-0.03364186846979148,0.07285400828325314
2025-08-10 00:35:00,sump_flow_lpm,74.69481902195545,-0.03364186846979148,0.07285400828325314
2025-08-10 00:36:00,sump_flow_lpm,74.66208482361967,-0.03364186846979148,0.07285400828325314
2025-08-10 00:37:00,sump_flow_lpm,74.67891399337101,-0.03364186846979148,0.07285400828325314
2025-08-10 00:38:00,sump_flow_lpm,74.64760112750933,-0.03364186846979148,0.07285400828325314
2025-08-10 00:39:00,sump_flow_lpm,74.63935609486045,-0.03364186846979148,0.07285400828325314
2025-08-10 00:40:00,sump_flow_lpm,74.71171160648522,-0.03364186846979148,0.07285400828325314
2025-08-10 00:41:00,sump_flow_lpm,74.63881903371453,-0.03364186846979148,0.07285400828325314
2025-08-10 00:42:00,sump_flow_lpm,74.69746928897374,-0.03364186846979148,0.07285400828325314
2025-08-10 00:43:00,sump_flow_lpm,74.64767135723847,-0.03364186846979148,0.07285400828325314
2025-08-10 00:44:00,sump_flow_lpm,74.6386754237454,-0.03364186846979148,0.07285400828325314
2025-08-10 00:45:00,sump_flow_lpm,74.66184195183868,-0.03364186846979148,0.07285400828325314
2025-08-10 00:46:00,sump_flow_lpm,74.71726078709577,-0.03364186846979148,0.07285400828325314
2025-08-10 00:47:00,sump_flow_lpm,74.70588152560524,-0.03364186846979148,0.07285400828325314
2025-08-10 00:48:00,sump_flow_lpm,74.64198198056671,-0.03364186846979148,0.07285400828325314
2025-08-10 00:49:00,sump_flow_lpm,74.6424720668293,-0.03364186846979148,0.07285400828325314
2025-08-10 00:50:00,sump_flow_lpm,74.65514556858341,-0.03364186846979148,0.07285400828325314
2025-08-10 00:51:00,sump_flow_lpm,74.65875644137535,-0.03364186846979148,0.07285400828325314
2025-08-10 00:52:00,sump_flow_lpm,74.6653693377156,-0.03364186846979148,0.07285400828325314
2025-08-10 00:53:00,sump_flow_lpm,74.6424672443252,-0.03364186846979148,0.07285400828325314
2025-08-10 00:54:00,sump_flow_lpm,74.70235971208346,-0.03364186846979148,0.07285400828325314
2025-08-10 00:55:00,sump_flow_lpm,74.65883569657329,-0.03364186846979148,0.07285400828325314
2025-08-10 00:56:00,sump_flow_lpm,74.67602507185893,-0.03364186846979148,0.07285400828325314
2025-08-10 00:57:00,sump_flow_lpm,74.6540060237612,-0.03364186846979148,0.07285400828325314
2025-08-10 00:58:00,sump_flow_lpm,74.64917075132482,-0.03364186846979148,0.07285400828325314
2025-08-10 00:59:00,sump_flow_lpm,74.71407749684423,-0.03364186846979148,0.07285400828325314
2025-08-10 01:00:00,sump_flow_lpm,74.65592387556951,-0.03364186846979148,0.07285400828325314
2025-08-10 01:01:00,sump_flow_lpm,74.67880171251954,-0.03364186846979148,0.07285400828325314
2025-08-10 01:02:00,sump_flow_lpm,74.69974955675788,-0.03364186846979148,0.07285400828325314
2025-08-10 01:03:00,sump_flow_lpm,74.6609730276294,-0.03364186846979148,0.07285400828325314
2025-08-10 01:04:00,sump_flow_lpm,74.65439563019913,-0.03364186846979148,0.07285400828325314
2025-08-10 01:05:00,sump_flow_lpm,74.63854293114906,-0.03364186846979148,0.07285400828325314
2025-08-10 01:06:00,sump_flow_lpm,74.6392894396575,-0.03364186846979148,0.07285400828325314
2025-08-10 01:07:00,sump_flow_lpm,74.64295675333783,-0.03364186846979148,0.07285400828325314
2025-08-10 01:08:00,sump_flow_lpm,74.64258869601242,-0.03364186846979148,0.07285400828325314
2025-08-10 01:09:00,sump_flow_lpm,74.64435353754426,-0.03364186846979148,0.07285400828325314
2025-08-10 01:10:00,sump_flow_lpm,74.64574757840808,-0.03364186846979148,0.07285400828325314
2025-08-10 01:11:00,sump_flow_lpm,74.64740037941161,-0.03364186846979148,0.07285400828325314
2025-08-10 01:12:00,sump_flow_lpm,74.64938568372611,-0.03364186846979148,0.07285400828325314
2025-08-10 01:13:00,sump_flow_lpm,74.64055462426846,-0.03364186846979148,0.07285400828325314
2025-08-10 01:14:00,sump_flow_lpm,74.64055462426846,-0.03364186846979148,0.07285400828325314
2025-08-10 01:15:00,sump_flow_lpm,74.66088634079117,-0.03364186846979148,0.07285400828325314
2025-08-10 01:16:00,sump_flow_lpm,74.65388762358711,-0.03364186846979148,0.07285400828325314
2025-08-10 01:17:00,sump_flow_lpm,74.65021751807848,-0.03364186846979148,0.07285400828325314
2025-08-10 01:18:00,sump_flow_lpm,74.6585990844537,-0.03364186846979148,0.07285400828325314
2025-08-10 01:19:00,sump_flow_lpm,74.67364056309063,-0.03364186846979148,0.07285400828325314
2025-08-10 01:20:00,sump_flow_lpm,74.6496341817707,-0.03364186846979148,0.07285400828325314
2025-08-10 01:21:00,sump_flow_lpm,74.658967904933,-0.03364186846979148,0.07285400828325314
2025-08-10 01:22:00,sump_flow_lpm,74.69986973807308,-0.03364186846979148,0.07285400828325314
2025-08-10 01:23:00,sump_flow_lpm,74.67507733683192,-0.03364186846979148,0.07285400828325314
2025-08-10 01:24:00,sump_flow_lpm,74.67507733683192,-0.03364186846979148,0.07285400828325314
2025-08-10 01:25:00,sump_flow_lpm,74.65916939393072,-0.03364186846979148,0.07285400828325314
2025-08-10 01:26:00,sump_flow_lpm,74.64237029571856,-0.03364186846979148,0.07285400828325314
2025-08-10 01:27:00,sump_flow_lpm,74.65491595139501,-0.03364186846979148,0.07285400828325314
2025-08-10 01:28:00,sump_flow_lpm,74.71808750649699,-0.03364186846979148,0.07285400828325314
2025-08-10 01:29:00,sump_flow_lpm,74.65308189347505,-0.03364186846979148,0.07285400828325314
2025-08-10 01:30:00,sump_flow_lpm,74.69099415285878,-0.03364186846979148,0.07285400828325314
2025-08-10 01:31:00,sump_flow_lpm,74.64893510717273,-0.03364186846979148,0.07285400828325314
2025-08-10 01:32:00,sump_flow_lpm,74.77374269703094,-0.03364186846979148,0.07285400828325314
2025-08-10 01:33:00,sump_flow_lpm,74.65578549519934,-0.03364186846979148,0.07285400828325314
2025-08-10 01:34:00,sump_flow_lpm,74.63933635713569,-0.03364186846979148,0.07285400828325314
2025-08-10 01:35:00,sump_flow_lpm,74.65614687357258,-0.03364186846979148,0.07285400828325314
2025-08-10 01:36:00,sump_flow_lpm,74.64489247883039,-0.03364186846979148,0.07285400828325314
2025-08-10 01:37:00,sump_flow_lpm,74.63913300155835,-0.03364186846979148,0.07285400828325314
2025-08-10 01:38:00,sump_flow_lpm,74.67286359621934,-0.03364186846979148,0.07285400828325314
2025-08-10 01:39:00,sump_flow_lpm,74.64492440111523,-0.03364186846979148,0.07285400828325314
2025-08-10 01:40:00,sump_flow_lpm,74.67031914852866,-0.03364186846979148,0.07285400828325314
2025-08-10 01:41:00,sump_flow_lpm,74.6452722507471,-0.03364186846979148,0.07285400828325314
2025-08-10 01:42:00,sump_flow_lpm,74.6427941210613,-0.03364186846979148,0.07285400828325314
2025-08-10 01:43:00,sump_flow_lpm,74.71141626831843,-0.03364186846979148,0.07285400828325314
2025-08-10 01:44:00,sump_flow_lpm,74.64744981533065,-0.03364186846979148,0.07285400828325314
2025-08-10 01:45:00,sump_flow_lpm,74.65686733443508,-0.03364186846979148,0.07285400828325314
2025-08-10 01:46:00,sump_flow_lpm,74.6573038123141,-0.03364186846979148,0.07285400828325314
2025-08-10 01:47:00,sump_flow_lpm,74.65491373512735,-0.03364186846979148,0.07285400828325314
2025-08-10 01:48:00,sump_flow_lpm,74.68770320909337,-0.03364186846979148,0.07285400828325314
2025-08-10 01:49:00,sump_flow_lpm,74.66091682644829,-0.03364186846979148,0.07285400828325314
2025-08-10 01:50:00,sump_flow_lpm,74.64881392523165,-0.03364186846979148,0.07285400828325314
2025-08-10 01:51:00,sump_flow_lpm,74.67813782676711,-0.03364186846979148,0.07285400828325314
2025-08-10 01:52:00,sump_flow_lpm,74.64246755054036,-0.03364186846979148,0.07285400828325314
2025-08-10 01:53:00,sump_flow_lpm,74.65418822677259,-0.03364186846979148,0.07285400828325314
2025-08-10 01:54:00,sump_flow_lpm,74.69860860543194,-0.03364186846979148,0.07285400828325314
2025-08-10 01:55:00,sump_flow_lpm,74.69860860543194,-0.03364186846979148,0.07285400828325314
2025-08-10 01:56:00,sump_flow_lpm,74.67243452536532,-0.03364186846979148,0.07285400828325314
2025-08-10 01:57:00,sump_flow_lpm,74.67243452536532,-0.03364186846979148,0.07285400828325314
2025-08-10 01:58:00,sump_flow_lpm,74.67504573200827,-0.03364186846979148,0.07285400828325314
2025-08-10 01:59:00,sump_flow_lpm,74.69629566859894,-0.03364186846979148,0.07285400828325314
2025-08-10 02:00:00,sump_flow_lpm,74.64484701342539,-0.03364186846979148,0.07285400828325314
2025-08-10 02:01:00,sump_flow_lpm,74.6421910170949,-0.03364186846979148,0.07285400828325314
2025-08-10 02:02:00,sump_flow_lpm,74.65170520233983,-0.03364186846979148,0.07285400828325314
2025-08-10 02:03:00,sump_flow_lpm,74.66267659546193,-0.03364186846979148,0.07285400828325314
2025-08-10 02:04:00,sump_flow_lpm,74.64362706413688,-0.03364186846979148,0.07285400828325314
2025-08-10 02:05:00,sump_flow_lpm,74.63855478826979,-0.03364186846979148,0.07285400828325314
2025-08-10 02:06:00,sump_flow_lpm,74.64687204072354,-0.03364186846979148,0.07285400828325314
2025-08-10 02:07:00,sump_flow_lpm,74.70785740603397,-0.03364186846979148,0.07285400828325314
2025-08-10 02:08:00,sump_flow_lpm,74.66221932701139,-0.03364186846979148,0.07285400828325314
2025-08-10 02:09:00,sump_flow_lpm,74.64873333339291,-0.03364186846979148,0.07285400828325314
2025-08-10 02:10:00,sump_flow_lpm,74.64275071991138,-0.03364186846979148,0.07285400828325314
2025-08-10 02:11:00,sump_flow_lpm,74.64727650673153,-0.03364186846979148,0.07285400828325314
2025-08-10 02:12:00,sump_flow_lpm,74.64219531344179,-0.03364186846979148,0.07285400828325314
2025-08-10 02:13:00,sump_flow_lpm,74.6407204234676,-0.03364186846979148,0.07285400828325314
2025-08-10 02:14:00,sump_flow_lpm,74.68592037914755,-0.03364186846979148,0.07285400828325314
2025-08-10 02:15:00,sump_flow_lpm,74.75954226959598,-0.03364186846979148,0.07285400828325314
2025-08-10 02:16:00,sump_flow_lpm,74.64205786187557,-0.03364186846979148,0.07285400828325314
2025-08-10 02:17:00,sump_flow_lpm,74.6395938955883,-0.03364186846979148,0.07285400828325314
2025-08-10 02:18:00,sump_flow_lpm,74.64647411687068,-0.03364186846979148,0.07285400828325314
2025-08-10 02:19:00,sump_flow_lpm,74.65085785910853,-0.03364186846979148,0.07285400828325314
2025-08-10 02:20:00,sump_flow_lpm,74.64305635744398,-0.03364186846979148,0.07285400828325314
2025-08-10 02:21:00,sump_flow_lpm,74.64564684271781,-0.03364186846979148,0.07285400828325314
2025-08-10 02:22:00,sump_flow_lpm,74.6429572418546,-0.03364186846979148,0.07285400828325314
2025-08-10 02:23:00,sump_flow_lpm,74.6682400686317,-0.03364186846979148,0.07285400828325314
2025-08-10 02:24:00,sump_flow_lpm,74.6634086618298,-0.03364186846979148,0.07285400828325314
2025-08-10 02:25:00,sump_flow_lpm,74.65862709259464,-0.03364186846979148,0.07285400828325314
2025-08-10 02:26:00,sump_flow_lpm,74.6482675066033,-0.03364186846979148,0.07285400828325314
2025-08-10 02:27:00,sump_flow_lpm,74.68641950614594,-0.03364186846979148,0.07285400828325314
2025-08-10 02:28:00,sump_flow_lpm,74.70829451259132,-0.03364186846979148,0.07285400828325314
2025-08-10 02:29:00,sump_flow_lpm,74.64228706924582,-0.03364186846979148,0.07285400828325314
2025-08-10 02:30:00,sump_flow_lpm,74.64351921454605,-0.03364186846979148,0.07285400828325314
2025-08-10 02:31:00,sump_flow_lpm,74.65338798734405,-0.03364186846979148,0.07285400828325314
2025-08-10 02:32:00,sump_flow_lpm,74.64038630811244,-0.03364186846979148,0.07285400828325314
2025-08-10 02:33:00,sump_flow_lpm,74.64994251812215,-0.03364186846979148,0.07285400828325314
2025-08-10 02:34:00,sump_flow_lpm,74.65590808267163,-0.03364186846979148,0.07285400828325314
2025-08-10 02:35:00,sump_flow_lpm,74.65323856003785,-0.03364186846979148,0.07285400828325314
2025-08-10 02:36:00,sump_flow_lpm,74.64650928220227,-0.03364186846979148,0.07285400828325314
2025-08-10 02:37:00,sump_flow_lpm,74.65410978947325,-0.03364186846979148,0.07285400828325314
2025-08-10 02:38:00,sump_flow_lpm,74.7022593942712,-0.03364186846979148,0.07285400828325314
2025-08-10 02:39:00,sump_flow_lpm,74.6430864653356,-0.03364186846979148,0.07285400828325314
2025-08-10 02:40:00,sump_flow_lpm,74.6597470338835,-0.03364186846979148,0.07285400828325314
2025-08-10 02:41:00,sump_flow_lpm,74.63935992041915,-0.03364186846979148,0.07285400828325314
2025-08-10 02:42:00,sump_flow_lpm,74.63984708596833,-0.03364186846979148,0.07285400828325314
2025-08-10 02:43:00,sump_flow_lpm,74.65452416442054,-0.03364186846979148,0.07285400828325314
2025-08-10 02:44:00,sump_flow_lpm,74.64068986274235,-0.03364186846979148,0.07285400828325314
2025-08-10 02:45:00,sump_flow_lpm,74.63892459580529,-0.03364186846979148,0.07285400828325314
2025-08-10 02:46:00,sump_flow_lpm,74.64223567318899,-0.03364186846979148,0.07285400828325314
2025-08-10 02:47:00,sump_flow_lpm,74.65511384207399,-0.03364186846979148,0.07285400828325314
2025-08-10 02:48:00,sump_flow_lpm,74.66277602647372,-0.03364186846979148,0.07285400828325314
2025-08-10 02:49:00,sump_flow_lpm,74.64299752189814,-0.03364186846979148,0.07285400828325314
2025-08-10 02:50:00,sump_flow_lpm,74.66054063163926,-0.03364186846979148,0.07285400828325314
2025-08-10 02:51:00,sump_flow_lpm,74.64250209905777,-0.03364186846979148,0.07285400828325314
2025-08-10 02:52:00,sump_flow_lpm,74.6574828559009,-0.03364186846979148,0.07285400828325314
2025-08-10 02:53:00,sump_flow_lpm,74.64909178581742,-0.03364186846979148,0.07285400828325314
2025-08-10 02:54:00,sump_flow_lpm,74.65968733495983,-0.03364186846979148,0.07285400828325314
2025-08-10 02:55:00,sump_flow_lpm,74.74465106885029,-0.03364186846979148,0.07285400828325314
2025-08-10 02:56:00,sump_flow_lpm,74.69402605196836,-0.03364186846979148,0.07285400828325314
2025-08-10 02:57:00,sump_flow_lpm,74.63855840959708,-0.03364186846979148,0.07285400828325314
2025-08-10 02:58:00,sump_flow_lpm,74.68180550637854,-0.03364186846979148,0.07285400828325314
2025-08-10 02:59:00,sump_flow_lpm,74.63984867969079,-0.03364186846979148,0.07285400828325314
2025-08-10 03:00:00,sump_flow_lpm,74.63984867969079,-0.03364186846979148,0.07285400828325314
2025-08-10 03:01:00,sump_flow_lpm,74.64509344963349,-0.03364186846979148,0.07285400828325314
2025-08-10 03:02:00,sump_flow_lpm,74.64809905424087,-0.03364186846979148,0.07285400828325314
2025-08-10 03:03:00,sump_flow_lpm,74.64039484112669,-0.03364186846979148,0.07285400828325314
2025-08-10 03:04:00,sump_flow_lpm,74.64085440544991,-0.03364186846979148,0.07285400828325314
2025-08-10 03:05:00,sump_flow_lpm,74.66441926307166,-0.03364186846979148,0.07285400828325314
2025-08-10 03:06:00,sump_flow_lpm,74.69623967134747,-0.03364186846979148,0.07285400828325314
2025-08-10 03:07:00,sump_flow_lpm,74.65734318261582,-0.03364186846979148,0.07285400828325314
2025-08-10 03:08:00,sump_flow_lpm,74.66363765189848,-0.03364186846979148,0.07285400828325314
2025-08-10 03:09:00,sump_flow_lpm,74.66717974037782,-0.03364186846979148,0.07285400828325314
2025-08-10 03:10:00,sump_flow_lpm,74.64457089891238,-0.03364186846979148,0.07285400828325314
2025-08-10 03:11:00,sump_flow_lpm,74.63939827895365,-0.03364186846979148,0.07285400828325314
2025-08-10 03:12:00,sump_flow_lpm,74.63851008057478,-0.03364186846979148,0.07285400828325314
2025-08-10 03:13:00,sump_flow_lpm,74.64710823682434,-0.03364186846979148,0.07285400828325314
2025-08-10 03:14:00,sump_flow_lpm,74.64399989698215,-0.03364186846979148,0.07285400828325314
2025-08-10 03:15:00,sump_flow_lpm,74.63975947284928,-0.03364186846979148,0.07285400828325314
2025-08-10 03:16:00,sump_flow_lpm,74.64243010760208,-0.03364186846979148,0.07285400828325314
2025-08-10 03:17:00,sump_flow_lpm,74.64113176795792,-0.03364186846979148,0.07285400828325314
2025-08-10 03:18:00,sump_flow_lpm,74.6877460751582,-0.03364186846979148,0.07285400828325314
2025-08-10 03:19:00,sump_flow_lpm,74.64149526360765,-0.03364186846979148,0.07285400828325314
2025-08-10 03:20:00,sump_flow_lpm,74.65390118611643,-0.03364186846979148,0.07285400828325314
2025-08-10 03:21:00,sump_flow_lpm,74.6564566397689,-0.03364186846979148,0.07285400828325314
2025-08-10 03:22:00,sump_flow_lpm,74.65415546029037,-0.03364186846979148,0.07285400828325314
2025-08-10 03:23:00,sump_flow_lpm,74.64055884374936,-0.03364186846979148,0.07285400828325314
2025-08-10 03:24:00,sump_flow_lpm,74.64615052908584,-0.03364186846979148,0.07285400828325314
2025-08-10 03:25:00,sump_flow_lpm,74.63952521820671,-0.03364186846979148,0.07285400828325314
2025-08-10 03:26:00,sump_flow_lpm,74.64854528519052,-0.03364186846979148,0.07285400828325314
2025-08-10 03:27:00,sump_flow_lpm,74.64265244680223,-0.03364186846979148,0.07285400828325314
2025-08-10 03:28:00,sump_flow_lpm,74.65496654568557,-0.03364186846979148,0.07285400828325314
2025-08-10 03:29:00,sump_flow_lpm,74.66207826261703,-0.03364186846979148,0.07285400828325314
2025-08-10 03:30:00,sump_flow_lpm,74.65366345312916,-0.03364186846979148,0.07285400828325314
2025-08-10 03:31:00,sump_flow_lpm,74.64986418018361,-0.03364186846979148,0.07285400828325314
2025-08-10 03:32:00,sump_flow_lpm,74.64827127873266,-0.03364186846979148,0.07285400828325314
2025-08-10 03:33:00,sump_flow_lpm,74.67533681681151,-0.03364186846979148,0.07285400828325314
2025-08-10 03:34:00,sump_flow_lpm,74.6434256208672,-0.03364186846979148,0.07285400828325314
2025-08-10 03:35:00,sump_flow_lpm,74.66497419323201,-0.03364186846979148,0.07285400828325314
2025-08-10 03:36:00,sump_flow_lpm,74.66680620425267,-0.03364186846979148,0.07285400828325314
2025-08-10 03:37:00,sump_flow_lpm,74.64933956714064,-0.03364186846979148,0.07285400828325314
2025-08-10 03:38:00,sump_flow_lpm,74.64552911205148,-0.03364186846979148,0.07285400828325314
2025-08-10 03:39:00,sump_flow_lpm,74.6511905999105,-0.03364186846979148,0.07285400828325314
2025-08-10 03:40:00,sump_flow_lpm,74.64042956493383,-0.03364186846979148,0.07285400828325314
2025-08-10 03:41:00,sump_flow_lpm,74.63941295595573,-0.03364186846979148,0.07285400828325314
2025-08-10 03:42:00,sump_flow_lpm,74.64083932634749,-0.03364186846979148,0.07285400828325314
2025-08-10 03:43:00,sump_flow_lpm,74.64261664209745,-0.03364186846979148,0.07285400828325314
2025-08-10 03:44:00,sump_flow_lpm,74.6525033087495,-0.03364186846979148,0.07285400828325314
2025-08-10 03:45:00,sump_flow_lpm,74.6763002051219,-0.03364186846979148,0.07285400828325314
2025-08-10 03:46:00,sump_flow_lpm,74.64384697953147,-0.03364186846979148,0.07285400828325314
2025-08-10 03:47:00,sump_flow_lpm,74.69318986245077,-0.03364186846979148,0.07285400828325314
2025-08-10 03:48:00,sump_flow_lpm,74.70045355882613,-0.03364186846979148,0.07285400828325314
2025-08-10 03:49:00,sump_flow_lpm,74.70230977465657,-0.03364186846979148,0.07285400828325314
2025-08-10 03:50:00,sump_flow_lpm,74.67482185880682,-0.03364186846979148,0.07285400828325314
2025-08-10 03:51:00,sump_flow_lpm,74.64751822378861,-0.03364186846979148,0.07285400828325314
2025-08-10 03:52:00,sump_flow_lpm,74.63998180639999,-0.03364186846979148,0.07285400828325314
2025-08-10 03:53:00,sump_flow_lpm,74.6552971246078,-0.03364186846979148,0.07285400828325314
2025-08-10 03:54:00,sump_flow_lpm,74.65483235687995,-0.03364186846979148,0.07285400828325314
2025-08-10 03:55:00,sump_flow_lpm,74.67641175948748,-0.03364186846979148,0.07285400828325314
2025-08-10 03:56:00,sump_flow_lpm,74.74885711364756,-0.03364186846979148,0.07285400828325314
2025-08-10 03:57:00,sump_flow_lpm,74.65266451742875,-0.03364186846979148,0.07285400828325314
2025-08-10 03:58:00,sump_flow_lpm,74.64694122237371,-0.03364186846979148,0.07285400828325314
2025-08-10 03:59:00,sump_flow_lpm,74.64258607403674,-0.03364186846979148,0.07285400828325314
2025-08-10 04:00:00,sump_flow_lpm,74.63856881820024,-0.03364186846979148,0.07285400828325314
2025-08-10 04:01:00,sump_flow_lpm,74.65270344519946,-0.03364186846979148,0.07285400828325314
2025-08-10 04:02:00,sump_flow_lpm,74.65468953497567,-0.03364186846979148,0.07285400828325314
2025-08-10 04:03:00,sump_flow_lpm,74.67332494703955,-0.03364186846979148,0.07285400828325314
2025-08-10 04:04:00,sump_flow_lpm,74.6525194560022,-0.03364186846979148,0.07285400828325314
2025-08-10 04:05:00,sump_flow_lpm,74.688123183802,-0.03364186846979148,0.07285400828325314
2025-08-10 04:06:00,sump_flow_lpm,74.65825430756637,-0.03364186846979148,0.07285400828325314
2025-08-10 04:21:00,sump_flow_lpm,0.0802565278577351,-0.03364186846979148,0.07285400828325314
2025-08-10 04:38:00,sump_flow_lpm,0.0738592765566375,-0.03364186846979148,0.07285400828325314
2025-08-10 06:37:00,sump_flow_lpm,0.1189002227065759,-0.03364186846979148,0.07285400828325314
2025-08-10 07:20:00,sump_flow_lpm,0.0885705309641439,-0.03364186846979148,0.07285400828325314
2025-08-10 08:18:00,sump_flow_lpm,0.0932670330029856,-0.03364186846979148,0.07285400828325314
2025-08-10 08:20:00,sump_flow_lpm,0.0742169345300407,-0.03364186846979148,0.07285400828325314
2025-08-10 08:45:00,sump_flow_lpm,0.0953718805629806,-0.03364186846979148,0.07285400828325314
2025-08-10 11:09:00,sump_flow_lpm,0.1275797013419862,-0.03364186846979148,0.07285400828325314
2025-08-10 12:07:00,sump_flow_lpm,0.0825116561182921,-0.03364186846979148,0.07285400828325314
2025-08-10 12:28:00,sump_flow_lpm,0.0755719985737466,-0.03364186846979148,0.07285400828325314
2025-08-10 12:46:00,sump_flow_lpm,0.0930572563826125,-0.03364186846979148,0.07285400828325314
2025-08-10 13:06:00,sump_flow_lpm,0.0987136983919755,-0.03364186846979148,0.07285400828325314
2025-08-10 13:23:00,sump_flow_lpm,0.0760844700158499,-0.03364186846979148,0.07285400828325314
2025-08-10 13:40:00,sump_flow_lpm,0.108163663714472,-0.03364186846979148,0.07285400828325314
2025-08-10 14:33:00,sump_flow_lpm,0.0989630458359972,-0.03364186846979148,0.07285400828325314
2025-08-10 14:52:00,sump_flow_lpm,0.0840071028884764,-0.03364186846979148,0.07285400828325314
2025-08-10 16:13:00,sump_flow_lpm,0.078565154288812,-0.03364186846979148,0.07285400828325314
2025-08-10 16:30:00,sump_flow_lpm,0.1214640689138568,-0.03364186846979148,0.07285400828325314
2025-08-10 17:29:00,sump_flow_lpm,0.0799196778623705,-0.03364186846979148,0.07285400828325314
2025-08-10 18:19:00,sump_flow_lpm,0.0835791741500581,-0.03364186846979148,0.07285400828325314
2025-08-10 18:57:00,sump_flow_lpm,0.0734673760627153,-0.03364186846979148,0.07285400828325314
2025-08-10 19:18:00,sump_flow_lpm,0.0853192971838513,-0.03364186846979148,0.07285400828325314
2025-08-10 21:01:00,sump_flow_lpm,0.0859516164303828,-0.03364186846979148,0.07285400828325314
2025-08-10 21:15:00,sump_flow_lpm,0.074505340816641,-0.03364186846979148,0.07285400828325314
2025-08-10 21:29:00,sump_flow_lpm,0.1082937193877873,-0.03364186846979148,0.07285400828325314
2025-08-10 22:44:00,sump_flow_lpm,0.0867084593700553,-0.03364186846979148,0.07285400828325314
2025-08-10 22:57:00,sump_flow_lpm,0.0877943619872076,-0.03364186846979148,0.07285400828325314
2025-08-10 23:04:00,sump_flow_lpm,0.0865669600833867,-0.03364186846979148,0.07285400828325314
2025-08-10 23:16:00,sump_flow_lpm,0.0817962301948183,-0.03364186846979148,0.07285400828325314
2025-08-10 23:26:00,sump_flow_lpm,0.0906686005830657,-0.03364186846979148,0.07285400828325314
2025-08-11 00:30:00,sump_flow_lpm,0.1097239469109431,-0.03364186846979148,0.07285400828325314
2025-08-11 01:04:00,sump_flow_lpm,0.0845859521481379,-0.03364186846979148,0.07285400828325314
2025-08-11 01:11:00,sump_flow_lpm,0.1002954419418102,-0.03364186846979148,0.07285400828325314
2025-08-11 02:11:00,sump_flow_lpm,0.0808510148960072,-0.03364186846979148,0.07285400828325314
2025-08-11 02:46:00,sump_flow_lpm,0.0840392792193409,-0.03364186846979148,0.07285400828325314
2025-08-11 02:56:00,sump_flow_lpm,0.0847280460887765,-0.03364186846979148,0.07285400828325314
2025-08-11 03:06:00,sump_flow_lpm,0.0809668932181871,-0.03364186846979148,0.07285400828325314
2025-08-11 03:11:00,sump_flow_lpm,0.1050045987446697,-0.03364186846979148,0.07285400828325314
2025-08-11 03:17:00,sump_flow_lpm,0.0905762713608605,-0.03364186846979148,0.07285400828325314
2025-08-11 03:19:00,sump_flow_lpm,0.0940280603740417,-0.03364186846979148,0.07285400828325314
2025-08-11 04:19:00,sump_flow_lpm,0.0830180017574116,-0.03364186846979148,0.07285400828325314
2025-08-11 05:00:00,sump_flow_lpm,0.1040787131548224,-0.03364186846979148,0.07285400828325314
2025-08-11 05:49:00,sump_flow_lpm,0.0951241946573377,-0.03364186846979148,0.07285400828325314
2025-08-11 06:07:00,sump_flow_lpm,0.0798444903122081,-0.03364186846979148,0.07285400828325314
2025-08-11 07:27:00,sump_flow_lpm,0.089766250935155,-0.03364186846979148,0.07285400828325314
2025-08-11 09:05:00,sump_flow_lpm,0.1271808451191025,-0.03364186846979148,0.07285400828325314
2025-08-11 09:30:00,sump_flow_lpm,0.1708650084080978,-0.03364186846979148,0.07285400828325314
2025-08-11 09:42:00,sump_flow_lpm,0.093069721182265,-0.03364186846979148,0.07285400828325314
2025-08-11 10:12:00,sump_flow_lpm,0.0831857434516667,-0.03364186846979148,0.07285400828325314
2025-08-11 12:11:00,sump_flow_lpm,0.0838161493784096,-0.03364186846979148,0.07285400828325314
2025-08-11 12:21:00,sump_flow_lpm,0.0799183420133329,-0.03364186846979148,0.07285400828325314
2025-08-11 12:25:00,sump_flow_lpm,0.1504443095222581,-0.03364186846979148,0.07285400828325314
2025-08-11 13:10:00,sump_flow_lpm,0.0774111345315015,-0.03364186846979148,0.07285400828325314
2025-08-11 13:42:00,sump_flow_lpm,0.0984651835551189,-0.03364186846979148,0.07285400828325314
2025-08-11 14:00:00,sump_flow_lpm,0.1023123623340188,-0.03364186846979148,0.07285400828325314
2025-08-11 14:49:00,sump_flow_lpm,0.1231712504510408,-0.03364186846979148,0.07285400828325314
2025-08-11 15:00:00,sump_flow_lpm,0.0912194668996439,-0.03364186846979148,0.07285400828325314
2025-08-11 15:10:00,sump_flow_lpm,0.1003830656042782,-0.03364186846979148,0.07285400828325314
2025-08-11 15:28:00,sump_flow_lpm,0.0747876773642293,-0.03364186846979148,0.07285400828325314
2025-08-11 17:11:00,sump_flow_lpm,0.0773717714809019,-0.03364186846979148,0.07285400828325314
2025-08-11 17:32:00,sump_flow_lpm,0.0895823045470089,-0.03364186846979148,0.07285400828325314
2025-08-11 18:41:00,sump_flow_lpm,0.0915567246451416,-0.03364186846979148,0.07285400828325314
2025-08-11 20:18:00,sump_flow_lpm,0.1899143242968234,-0.03364186846979148,0.07285400828325314
2025-08-11 20:32:00,sump_flow_lpm,0.075987612114576,-0.03364186846979148,0.07285400828325314
2025-08-11 20:57:00,sump_flow_lpm,0.0816826851980315,-0.03364186846979148,0.07285400828325314
2025-08-11 22:54:00,sump_flow_lpm,0.0779345579209922,-0.03364186846979148,0.07285400828325314
2025-08-11 22:59:00,sump_flow_lpm,0.114659602058586,-0.03364186846979148,0.07285400828325314
2025-08-12 00:21:00,sump_flow_lpm,0.0844590901864717,-0.03364186846979148,0.07285400828325314
2025-08-12 02:26:00,sump_flow_lpm,0.0782408757122124,-0.03364186846979148,0.07285400828325314
2025-08-12 02:44:00,sump_flow_lpm,0.0734070851318925,-0.03364186846979148,0.07285400828325314
2025-08-12 02:53:00,sump_flow_lpm,0.0919469994245232,-0.03364186846979148,0.07285400828325314
2025-08-12 02:56:00,sump_flow_lpm,0.0873475676398126,-0.03364186846979148,0.07285400828325314
2025-08-12 02:58:00,sump_flow_lpm,0.1003154720989464,-0.03364186846979148,0.07285400828325314
2025-08-12 03:37:00,sump_flow_lpm,0.1144373061063418,-0.03364186846979148,0.07285400828325314
2025-08-12 04:03:00,sump_flow_lpm,0.0936087725424297,-0.03364186846979148,0.07285400828325314
2025-08-12 04:15:00,sump_flow_lpm,0.0780445855230187,-0.03364186846979148,0.07285400828325314
2025-08-12 04:33:00,sump_flow_lpm,0.1261206336338603,-0.03364186846979148,0.07285400828325314
2025-08-12 05:10:00,sump_flow_lpm,0.0744544254888842,-0.03364186846979148,0.07285400828325314
2025-08-12 05:27:00,sump_flow_lpm,0.0880827164485151,-0.03364186846979148,0.07285400828325314
2025-08-12 05:34:00,sump_flow_lpm,0.1184433346860268,-0.03364186846979148,0.07285400828325314
2025-08-12 05:54:00,sump_flow_lpm,0.1025276020849219,-0.03364186846979148,0.07285400828325314
2025-08-12 06:03:00,sump_flow_lpm,0.074098939039845,-0.03364186846979148,0.07285400828325314
2025-08-12 06:04:00,sump_flow_lpm,0.1067084282282455,-0.03364186846979148,0.07285400828325314
2025-08-12 06:18:00,sump_flow_lpm,0.0788415261172063,-0.03364186846979148,0.07285400828325314
2025-08-12 06:55:00,sump_flow_lpm,0.1116778924044931,-0.03364186846979148,0.07285400828325314
2025-08-12 07:26:00,sump_flow_lpm,0.0986374571500258,-0.03364186846979148,0.07285400828325314
2025-08-12 08:35:00,sump_flow_lpm,0.0815101782885263,-0.03364186846979148,0.07285400828325314
2025-08-12 09:17:00,sump_flow_lpm,0.0729476625402286,-0.03364186846979148,0.07285400828325314
2025-08-12 10:15:00,sump_flow_lpm,0.0893511106450135,-0.03364186846979148,0.07285400828325314
2025-08-12 10:48:00,sump_flow_lpm,0.0866675439955106,-0.03364186846979148,0.07285400828325314
2025-08-12 11:46:00,sump_flow_lpm,0.0962550702647255,-0.03364186846979148,0.07285400828325314
2025-08-12 12:08:00,sump_flow_lpm,0.1132263708631634,-0.03364186846979148,0.07285400828325314
2025-08-12 12:15:00,sump_flow_lpm,0.0800908280355419,-0.03364186846979148,0.07285400828325314
2025-08-12 12:47:00,sump_flow_lpm,0.1321217039431587,-0.03364186846979148,0.07285400828325314
2025-08-12 13:25:00,sump_flow_lpm,0.0750895668625186,-0.03364186846979148,0.07285400828325314
2025-08-12 13:52:00,sump_flow_lpm,0.1413952933230519,-0.03364186846979148,0.07285400828325314
2025-08-12 16:55:00,sump_flow_lpm,0.1020286745081181,-0.03364186846979148,0.07285400828325314
2025-08-12 18:34:00,sump_flow_lpm,0.0765386322748849,-0.03364186846979148,0.07285400828325314
2025-08-12 19:58:00,sump_flow_lpm,0.0757257050633239,-0.03364186846979148,0.07285400828325314
2025-08-12 21:34:00,sump_flow_lpm,0.0888731999754126,-0.03364186846979148,0.07285400828325314
2025-08-12 21:52:00,sump_flow_lpm,0.1172988532317765,-0.03364186846979148,0.07285400828325314
2025-08-12 22:20:00,sump_flow_lpm,0.0740186671476025,-0.03364186846979148,0.07285400828325314
2025-08-12 22:27:00,sump_flow_lpm,0.0960391703666272,-0.03364186846979148,0.07285400828325314
2025-08-12 22:28:00,sump_flow_lpm,0.0960391703666272,-0.03364186846979148,0.07285400828325314
2025-08-13 00:55:00,sump_flow_lpm,0.0912941474694054,-0.03364186846979148,0.07285400828325314
2025-08-13 01:27:00,sump_flow_lpm,0.0988374194914695,-0.03364186846979148,0.07285400828325314
2025-08-13 01:55:00,sump_flow_lpm,0.080135491815118,-0.03364186846979148,0.07285400828325314
2025-08-13 01:59:00,sump_flow_lpm,0.0786944731680634,-0.03364186846979148,0.07285400828325314
2025-08-13 02:23:00,sump_flow_lpm,0.0744192419187687,-0.03364186846979148,0.07285400828325314
2025-08-13 02:28:00,sump_flow_lpm,0.0919502762606118,-0.03364186846979148,0.07285400828325314
2025-08-13 02:31:00,sump_flow_lpm,0.1098685303916741,-0.03364186846979148,0.07285400828325314
2025-08-13 02:50:00,sump_flow_lpm,0.0808994705290384,-0.03364186846979148,0.07285400828325314
2025-08-13 03:08:00,sump_flow_lpm,0.0846988496045049,-0.03364186846979148,0.07285400828325314
2025-08-13 04:23:00,sump_flow_lpm,0.10066842375933,-0.03364186846979148,0.07285400828325314
2025-08-13 04:51:00,sump_flow_lpm,0.0919737279509455,-0.03364186846979148,0.07285400828325314
2025-08-13 05:43:00,sump_flow_lpm,0.0915571957722793,-0.03364186846979148,0.07285400828325314
2025-08-13 06:09:00,sump_flow_lpm,0.1053744220255729,-0.03364186846979148,0.07285400828325314
2025-08-13 07:46:00,sump_flow_lpm,0.0865138294637729,-0.03364186846979148,0.07285400828325314
2025-08-13 09:24:00,sump_flow_lpm,0.0929152526620539,-0.03364186846979148,0.07285400828325314
2025-08-13 09:31:00,sump_flow_lpm,0.0969484919151373,-0.03364186846979148,0.07285400828325314
2025-08-13 09:35:00,sump_flow_lpm,0.1134539308427397,-0.03364186846979148,0.07285400828325314
2025-08-13 12:11:00,sump_flow_lpm,0.0936889340805202,-0.03364186846979148,0.07285400828325314
2025-08-13 13:03:00,sump_flow_lpm,0.12340533526779,-0.03364186846979148,0.07285400828325314
2025-08-13 14:07:00,sump_flow_lpm,0.1057672857513663,-0.03364186846979148,0.07285400828325314
2025-08-13 14:46:00,sump_flow_lpm,0.0822074410333931,-0.03364186846979148,0.07285400828325314
2025-08-13 15:22:00,sump_flow_lpm,0.092504377414287,-0.03364186846979148,0.07285400828325314
2025-08-13 16:47:00,sump_flow_lpm,0.0732036946981556,-0.03364186846979148,0.07285400828325314
2025-08-13 17:17:00,sump_flow_lpm,0.1370456920701029,-0.03364186846979148,0.07285400828325314
2025-08-13 18:15:00,sump_flow_lpm,0.0902686763397987,-0.03364186846979148,0.07285400828325314
2025-08-13 18:42:00,sump_flow_lpm,0.0855151900138601,-0.03364186846979148,0.07285400828325314
2025-08-13 18:53:00,sump_flow_lpm,0.0825030975019268,-0.03364186846979148,0.07285400828325314
2025-08-13 19:22:00,sump_flow_lpm,0.0749434166340135,-0.03364186846979148,0.07285400828325314
2025-08-13 20:01:00,sump_flow_lpm,0.0935452841482888,-0.03364186846979148,0.07285400828325314
2025-08-13 20:16:00,sump_flow_lpm,0.0912485019479317,-0.03364186846979148,0.07285400828325314
2025-08-13 20:56:00,sump_flow_lpm,71.54325224253884,-0.03364186846979148,0.07285400828325314
2025-08-13 20:57:00,sump_flow_lpm,71.58473094726932,-0.03364186846979148,0.07285400828325314
2025-08-13 20:58:00,sump_flow_lpm,71.5466884469709,-0.03364186846979148,0.07285400828325314
2025-08-13 20:59:00,sump_flow_lpm,71.56602725107668,-0.03364186846979148,0.07285400828325314
2025-08-13 21:00:00,sump_flow_lpm,71.57003152250716,-0.03364186846979148,0.07285400828325314
2025-08-13 21:01:00,sump_flow_lpm,71.60577879572149,-0.03364186846979148,0.07285400828325314
2025-08-13 21:02:00,sump_flow_lpm,71.55355995403586,-0.03364186846979148,0.07285400828325314
2025-08-13 21:03:00,sump_flow_lpm,71.55889031229364,-0.03364186846979148,0.07285400828325314
2025-08-13 21:04:00,sump_flow_lpm,71.54791226745006,-0.03364186846979148,0.07285400828325314
2025-08-13 21:05:00,sump_flow_lpm,71.56243183684145,-0.03364186846979148,0.07285400828325314
2025-08-13 21:06:00,sump_flow_lpm,71.55220605415364,-0.03364186846979148,0.07285400828325314
2025-08-13 21:07:00,sump_flow_lpm,71.55126932387871,-0.03364186846979148,0.07285400828325314
2025-08-13 21:08:00,sump_flow_lpm,71.57844164452786,-0.03364186846979148,0.07285400828325314
2025-08-13 21:09:00,sump_flow_lpm,71.54078604363802,-0.03364186846979148,0.07285400828325314
2025-08-13 21:10:00,sump_flow_lpm,71.58249166877424,-0.03364186846979148,0.07285400828325314
2025-08-13 21:11:00,sump_flow_lpm,71.57797692271052,-0.03364186846979148,0.07285400828325314
2025-08-13 21:12:00,sump_flow_lpm,71.57797692271052,-0.03364186846979148,0.07285400828325314
2025-08-13 21:13:00,sump_flow_lpm,71.55323147054904,-0.03364186846979148,0.07285400828325314
2025-08-13 21:14:00,sump_flow_lpm,71.54873892503899,-0.03364186846979148,0.07285400828325314
2025-08-13 21:15:00,sump_flow_lpm,71.64266440012298,-0.03364186846979148,0.07285400828325314
2025-08-13 21:16:00,sump_flow_lpm,71.54211359357737,-0.03364186846979148,0.07285400828325314
2025-08-13 21:17:00,sump_flow_lpm,71.55759908727585,-0.03364186846979148,0.07285400828325314
2025-08-13 21:18:00,sump_flow_lpm,71.56265068499843,-0.03364186846979148,0.07285400828325314
2025-08-13 21:19:00,sump_flow_lpm,71.59421888691246,-0.03364186846979148,0.07285400828325314
2025-08-13 21:20:00,sump_flow_lpm,71.57005768576249,-0.03364186846979148,0.07285400828325314
2025-08-13 21:21:00,sump_flow_lpm,71.56040453152691,-0.03364186846979148,0.07285400828325314
2025-08-13 21:22:00,sump_flow_lpm,71.54224097381882,-0.03364186846979148,0.07285400828325314
2025-08-13 21:23:00,sump_flow_lpm,71.54911620896439,-0.03364186846979148,0.07285400828325314
2025-08-13 21:24:00,sump_flow_lpm,71.54274616020953,-0.03364186846979148,0.07285400828325314
2025-08-13 21:25:00,sump_flow_lpm,71.58236504390304,-0.03364186846979148,0.07285400828325314
2025-08-13 21:26:00,sump_flow_lpm,71.5674522254424,-0.03364186846979148,0.07285400828325314
2025-08-13 21:27:00,sump_flow_lpm,71.56809472839927,-0.03364186846979148,0.07285400828325314
2025-08-13 21:28:00,sump_flow_lpm,71.56088242665544,-0.03364186846979148,0.07285400828325314
2025-08-13 21:29:00,sump_flow_lpm,71.55390331121548,-0.03364186846979148,0.07285400828325314
2025-08-13 21:30:00,sump_flow_lpm,71.54300632048212,-0.03364186846979148,0.07285400828325314
2025-08-13 21:31:00,sump_flow_lpm,71.54775706837997,-0.03364186846979148,0.07285400828325314
2025-08-13 21:32:00,sump_flow_lpm,71.54270148318065,-0.03364186846979148,0.07285400828325314
2025-08-13 21:33:00,sump_flow_lpm,71.56556999057459,-0.03364186846979148,0.07285400828325314
2025-08-13 21:34:00,sump_flow_lpm,71.5432491383673,-0.03364186846979148,0.07285400828325314
2025-08-13 21:35:00,sump_flow_lpm,71.56397748095308,-0.03364186846979148,0.07285400828325314
2025-08-13 21:36:00,sump_flow_lpm,71.56332632337386,-0.03364186846979148,0.07285400828325314
2025-08-13 21:37:00,sump_flow_lpm,71.55205460216075,-0.03364186846979148,0.07285400828325314
2025-08-13 21:38:00,sump_flow_lpm,71.54266242577468,-0.03364186846979148,0.07285400828325314
2025-08-13 21:39:00,sump_flow_lpm,71.5473175371987,-0.03364186846979148,0.07285400828325314
2025-08-13 21:40:00,sump_flow_lpm,71.54747261114034,-0.03364186846979148,0.07285400828325314
2025-08-13 21:41:00,sump_flow_lpm,71.56386177095874,-0.03364186846979148,0.07285400828325314
2025-08-13 21:42:00,sump_flow_lpm,71.54217158932686,-0.03364186846979148,0.07285400828325314
2025-08-13 21:43:00,sump_flow_lpm,71.57508648769314,-0.03364186846979148,0.07285400828325314
2025-08-13 21:44:00,sump_flow_lpm,71.56838306744208,-0.03364186846979148,0.07285400828325314
2025-08-13 21:45:00,sump_flow_lpm,71.54388006350307,-0.03364186846979148,0.07285400828325314
2025-08-13 21:46:00,sump_flow_lpm,71.54388006350307,-0.03364186846979148,0.07285400828325314
2025-08-13 21:47:00,sump_flow_lpm,71.56183996749932,-0.03364186846979148,0.07285400828325314
2025-08-13 21:48:00,sump_flow_lpm,71.56733273627283,-0.03364186846979148,0.07285400828325314
2025-08-13 21:49:00,sump_flow_lpm,71.54394460552149,-0.03364186846979148,0.07285400828325314
2025-08-13 21:50:00,sump_flow_lpm,71.54318639943058,-0.03364186846979148,0.07285400828325314
2025-08-13 21:51:00,sump_flow_lpm,71.54515304643402,-0.03364186846979148,0.07285400828325314
2025-08-13 21:52:00,sump_flow_lpm,71.54886670251544,-0.03364186846979148,0.07285400828325314
2025-08-13 21:53:00,sump_flow_lpm,71.57132170534526,-0.03364186846979148,0.07285400828325314
2025-08-13 21:54:00,sump_flow_lpm,71.56653903288213,-0.03364186846979148,0.07285400828325314
2025-08-13 21:55:00,sump_flow_lpm,71.591682754765,-0.03364186846979148,0.07285400828325314
2025-08-13 21:56:00,sump_flow_lpm,71.54096499382624,-0.03364186846979148,0.07285400828325314
2025-08-13 21:57:00,sump_flow_lpm,71.53998909430973,-0.03364186846979148,0.07285400828325314
2025-08-13 21:58:00,sump_flow_lpm,71.56377874981185,-0.03364186846979148,0.07285400828325314
2025-08-13 21:59:00,sump_flow_lpm,71.54630692217673,-0.03364186846979148,0.07285400828325314
2025-08-13 22:00:00,sump_flow_lpm,71.5478883043788,-0.03364186846979148,0.07285400828325314
2025-08-13 22:01:00,sump_flow_lpm,71.55558514723602,-0.03364186846979148,0.07285400828325314
2025-08-13 22:02:00,sump_flow_lpm,71.54191753012557,-0.03364186846979148,0.07285400828325314
2025-08-13 22:03:00,sump_flow_lpm,71.56033990058008,-0.03364186846979148,0.07285400828325314
2025-08-13 22:04:00,sump_flow_lpm,71.547621843851,-0.03364186846979148,0.07285400828325314
2025-08-13 22:05:00,sump_flow_lpm,71.55978897291385,-0.03364186846979148,0.07285400828325314
2025-08-13 22:06:00,sump_flow_lpm,71.57567280556464,-0.03364186846979148,0.07285400828325314
2025-08-13 22:07:00,sump_flow_lpm,71.54351001145882,-0.03364186846979148,0.07285400828325314
2025-08-13 22:08:00,sump_flow_lpm,71.59319284744598,-0.03364186846979148,0.07285400828325314
2025-08-13 22:09:00,sump_flow_lpm,71.55488637857604,-0.03364186846979148,0.07285400828325314
2025-08-13 22:10:00,sump_flow_lpm,71.59101686647956,-0.03364186846979148,0.07285400828325314
2025-08-13 22:11:00,sump_flow_lpm,71.54441368563293,-0.03364186846979148,0.07285400828325314
2025-08-13 22:12:00,sump_flow_lpm,71.55831188180105,-0.03364186846979148,0.07285400828325314
2025-08-13 22:13:00,sump_flow_lpm,71.55010312742212,-0.03364186846979148,0.07285400828325314
2025-08-13 22:14:00,sump_flow_lpm,71.56952070103485,-0.03364186846979148,0.07285400828325314
2025-08-13 22:15:00,sump_flow_lpm,71.55838008859017,-0.03364186846979148,0.07285400828325314
2025-08-13 22:16:00,sump_flow_lpm,71.55340137920543,-0.03364186846979148,0.07285400828325314
2025-08-13 22:17:00,sump_flow_lpm,71.58859021147882,-0.03364186846979148,0.07285400828325314
2025-08-13 22:18:00,sump_flow_lpm,71.54922455647073,-0.03364186846979148,0.07285400828325314
2025-08-13 22:19:00,sump_flow_lpm,71.54472534246007,-0.03364186846979148,0.07285400828325314
2025-08-13 22:20:00,sump_flow_lpm,71.55849165487913,-0.03364186846979148,0.07285400828325314
2025-08-13 22:21:00,sump_flow_lpm,71.559321458219,-0.03364186846979148,0.07285400828325314
2025-08-13 22:22:00,sump_flow_lpm,71.55132068390614,-0.03364186846979148,0.07285400828325314
2025-08-13 22:23:00,sump_flow_lpm,71.55309101431087,-0.03364186846979148,0.07285400828325314
2025-08-13 22:24:00,sump_flow_lpm,71.60391208377335,-0.03364186846979148,0.07285400828325314
2025-08-13 22:25:00,sump_flow_lpm,71.56614322537722,-0.03364186846979148,0.07285400828325314
2025-08-13 22:26:00,sump_flow_lpm,71.54210082623824,-0.03364186846979148,0.07285400828325314
2025-08-13 22:27:00,sump_flow_lpm,71.54452506818049,-0.03364186846979148,0.07285400828325314
2025-08-13 22:28:00,sump_flow_lpm,71.61400092283026,-0.03364186846979148,0.07285400828325314
2025-08-13 22:29:00,sump_flow_lpm,71.56568317721718,-0.03364186846979148,0.07285400828325314
2025-08-13 22:30:00,sump_flow_lpm,71.5890693240201,-0.03364186846979148,0.07285400828325314
2025-08-13 22:31:00,sump_flow_lpm,71.54700075468361,-0.03364186846979148,0.07285400828325314
2025-08-13 22:32:00,sump_flow_lpm,71.56684221845418,-0.03364186846979148,0.07285400828325314
2025-08-13 22:33:00,sump_flow_lpm,71.56479208160576,-0.03364186846979148,0.07285400828325314
2025-08-13 22:34:00,sump_flow_lpm,71.54673897955158,-0.03364186846979148,0.07285400828325314
2025-08-13 22:35:00,sump_flow_lpm,71.55576309083774,-0.03364186846979148,0.07285400828325314
2025-08-13 22:36:00,sump_flow_lpm,71.55950243039274,-0.03364186846979148,0.07285400828325314
2025-08-13 22:37:00,sump_flow_lpm,71.55287873081113,-0.03364186846979148,0.07285400828325314
2025-08-13 22:38:00,sump_flow_lpm,71.57486656693128,-0.03364186846979148,0.07285400828325314
2025-08-13 22:39:00,sump_flow_lpm,71.57553617469486,-0.03364186846979148,0.07285400828325314
2025-08-13 22:40:00,sump_flow_lpm,71.57777925636066,-0.03364186846979148,0.07285400828325314
2025-08-13 22:41:00,sump_flow_lpm,71.5722907020737,-0.03364186846979148,0.07285400828325314
2025-08-13 22:42:00,sump_flow_lpm,71.5531484970071,-0.03364186846979148,0.07285400828325314
2025-08-13 22:43:00,sump_flow_lpm,71.54936378946748,-0.03364186846979148,0.07285400828325314
2025-08-13 22:44:00,sump_flow_lpm,71.57535833438075,-0.03364186846979148,0.07285400828325314
2025-08-13 22:45:00,sump_flow_lpm,71.55323141579598,-0.03364186846979148,0.07285400828325314
2025-08-13 22:46:00,sump_flow_lpm,71.5454137349034,-0.03364186846979148,0.07285400828325314
2025-08-13 22:47:00,sump_flow_lpm,71.55391548619353,-0.03364186846979148,0.07285400828325314
2025-08-13 22:48:00,sump_flow_lpm,71.54281614607602,-0.03364186846979148,0.07285400828325314
2025-08-13 22:49:00,sump_flow_lpm,71.56328568816187,-0.03364186846979148,0.07285400828325314
2025-08-13 22:50:00,sump_flow_lpm,71.5479437145296,-0.03364186846979148,0.07285400828325314
2025-08-13 22:51:00,sump_flow_lpm,71.54579653798397,-0.03364186846979148,0.07285400828325314
2025-08-13 22:52:00,sump_flow_lpm,71.6024605313138,-0.03364186846979148,0.07285400828325314
2025-08-13 22:53:00,sump_flow_lpm,71.56975762280548,-0.03364186846979148,0.07285400828325314
2025-08-13 22:54:00,sump_flow_lpm,71.57069241224217,-0.03364186846979148,0.07285400828325314
2025-08-13 22:55:00,sump_flow_lpm,71.55930516214316,-0.03364186846979148,0.07285400828325314
2025-08-13 22:56:00,sump_flow_lpm,71.57630511978768,-0.03364186846979148,0.07285400828325314
2025-08-13 22:57:00,sump_flow_lpm,71.56822927820562,-0.03364186846979148,0.07285400828325314
2025-08-13 22:58:00,sump_flow_lpm,71.55802121647449,-0.03364186846979148,0.07285400828325314
2025-08-13 22:59:00,sump_flow_lpm,71.60470439327737,-0.03364186846979148,0.07285400828325314
2025-08-13 23:00:00,sump_flow_lpm,71.54401046375786,-0.03364186846979148,0.07285400828325314
2025-08-13 23:01:00,sump_flow_lpm,71.59718438356052,-0.03364186846979148,0.07285400828325314
2025-08-13 23:02:00,sump_flow_lpm,71.55002113158801,-0.03364186846979148,0.07285400828325314
2025-08-13 23:03:00,sump_flow_lpm,71.55478906192806,-0.03364186846979148,0.07285400828325314
2025-08-13 23:04:00,sump_flow_lpm,71.54237564462767,-0.03364186846979148,0.07285400828325314
2025-08-13 23:05:00,sump_flow_lpm,71.55529187042742,-0.03364186846979148,0.07285400828325314
2025-08-13 23:06:00,sump_flow_lpm,71.55865077428312,-0.03364186846979148,0.07285400828325314
2025-08-13 23:07:00,sump_flow_lpm,71.66126695748169,-0.03364186846979148,0.07285400828325314
2025-08-13 23:08:00,sump_flow_lpm,71.61368873618319,-0.03364186846979148,0.07285400828325314
2025-08-13 23:09:00,sump_flow_lpm,71.60761959516,-0.03364186846979148,0.07285400828325314
2025-08-13 23:10:00,sump_flow_lpm,71.60761959516,-0.03364186846979148,0.07285400828325314
2025-08-13 23:11:00,sump_flow_lpm,71.6345684014224,-0.03364186846979148,0.07285400828325314
2025-08-13 23:12:00,sump_flow_lpm,71.55191356707009,-0.03364186846979148,0.07285400828325314
2025-08-13 23:13:00,sump_flow_lpm,71.5779453679757,-0.03364186846979148,0.07285400828325314
2025-08-13 23:14:00,sump_flow_lpm,71.54463171214809,-0.03364186846979148,0.07285400828325314
2025-08-13 23:15:00,sump_flow_lpm,71.55385426535031,-0.03364186846979148,0.07285400828325314
2025-08-13 23:16:00,sump_flow_lpm,71.60739163455689,-0.03364186846979148,0.07285400828325314
2025-08-13 23:17:00,sump_flow_lpm,71.59851774154932,-0.03364186846979148,0.07285400828325314
2025-08-13 23:18:00,sump_flow_lpm,71.56278011129274,-0.03364186846979148,0.07285400828325314
2025-08-13 23:19:00,sump_flow_lpm,71.57172799900438,-0.03364186846979148,0.07285400828325314
2025-08-13 23:20:00,sump_flow_lpm,71.54363867721194,-0.03364186846979148,0.07285400828325314
2025-08-13 23:21:00,sump_flow_lpm,71.56533475642827,-0.03364186846979148,0.07285400828325314
2025-08-13 23:22:00,sump_flow_lpm,71.55900597654107,-0.03364186846979148,0.07285400828325314
2025-08-13 23:23:00,sump_flow_lpm,71.54167696961655,-0.03364186846979148,0.07285400828325314
2025-08-13 23:24:00,sump_flow_lpm,71.54215841435618,-0.03364186846979148,0.07285400828325314
2025-08-13 23:25:00,sump_flow_lpm,71.54205235482296,-0.03364186846979148,0.07285400828325314
2025-08-13 23:26:00,sump_flow_lpm,71.5655295926816,-0.03364186846979148,0.07285400828325314
2025-08-13 23:27:00,sump_flow_lpm,71.54281300902338,-0.03364186846979148,0.07285400828325314
2025-08-13 23:28:00,sump_flow_lpm,71.55236879616324,-0.03364186846979148,0.07285400828325314
2025-08-13 23:29:00,sump_flow_lpm,71.54858826802368,-0.03364186846979148,0.07285400828325314
2025-08-13 23:30:00,sump_flow_lpm,71.55574919557557,-0.03364186846979148,0.07285400828325314
2025-08-13 23:31:00,sump_flow_lpm,71.56427257345906,-0.03364186846979148,0.07285400828325314
2025-08-13 23:32:00,sump_flow_lpm,71.56284266670728,-0.03364186846979148,0.07285400828325314
2025-08-13 23:33:00,sump_flow_lpm,71.55425020192666,-0.03364186846979148,0.07285400828325314
2025-08-13 23:34:00,sump_flow_lpm,71.5522415443815,-0.03364186846979148,0.07285400828325314
2025-08-13 23:35:00,sump_flow_lpm,71.54990045403807,-0.03364186846979148,0.07285400828325314
2025-08-13 23:36:00,sump_flow_lpm,71.57935360799684,-0.03364186846979148,0.07285400828325314
2025-08-13 23:37:00,sump_flow_lpm,71.54779161735448,-0.03364186846979148,0.07285400828325314
2025-08-13 23:38:00,sump_flow_lpm,71.54576159206188,-0.03364186846979148,0.07285400828325314
2025-08-13 23:39:00,sump_flow_lpm,71.56695477383394,-0.03364186846979148,0.07285400828325314
2025-08-13 23:40:00,sump_flow_lpm,71.54867497443061,-0.03364186846979148,0.07285400828325314
2025-08-13 23:41:00,sump_flow_lpm,71.57730278694874,-0.03364186846979148,0.07285400828325314
2025-08-13 23:42:00,sump_flow_lpm,71.54770324993243,-0.03364186846979148,0.07285400828325314
2025-08-13 23:43:00,sump_flow_lpm,71.563966155978,-0.03364186846979148,0.07285400828325314
2025-08-13 23:44:00,sump_flow_lpm,71.54067978458885,-0.03364186846979148,0.07285400828325314
2025-08-13 23:45:00,sump_flow_lpm,71.5494975964841,-0.03364186846979148,0.07285400828325314
2025-08-13 23:46:00,sump_flow_lpm,71.54816505612034,-0.03364186846979148,0.07285400828325314
2025-08-13 23:47:00,sump_flow_lpm,71.57368692567813,-0.03364186846979148,0.07285400828325314
2025-08-13 23:48:00,sump_flow_lpm,71.60801518311698,-0.03364186846979148,0.07285400828325314
2025-08-13 23:49:00,sump_flow_lpm,71.55211301216342,-0.03364186846979148,0.07285400828325314
2025-08-13 23:50:00,sump_flow_lpm,71.57459730650038,-0.03364186846979148,0.07285400828325314
2025-08-13 23:51:00,sump_flow_lpm,71.56381573600075,-0.03364186846979148,0.07285400828325314
2025-08-13 23:52:00,sump_flow_lpm,71.6082168879682,-0.03364186846979148,0.07285400828325314
2025-08-13 23:53:00,sump_flow_lpm,71.57308827440981,-0.03364186846979148,0.07285400828325314
2025-08-13 23:54:00,sump_flow_lpm,71.54136950536672,-0.03364186846979148,0.07285400828325314
2025-08-13 23:55:00,sump_flow_lpm,71.56474172596249,-0.03364186846979148,0.07285400828325314
2025-08-13 23:56:00,sump_flow_lpm,71.55509248499587,-0.03364186846979148,0.07285400828325314
2025-08-13 23:57:00,sump_flow_lpm,71.54008807540346,-0.03364186846979148,0.07285400828325314
2025-08-13 23:58:00,sump_flow_lpm,71.54554530719831,-0.03364186846979148,0.07285400828325314
2025-08-14 00:02:00,sump_flow_lpm,0.0801042722680432,-0.03364186846979148,0.07285400828325314
2025-08-14 00:23:00,sump_flow_lpm,0.1060916389868485,-0.03364186846979148,0.07285400828325314
2025-08-14 01:08:00,sump_flow_lpm,0.0903835465389888,-0.03364186846979148,0.07285400828325314
2025-08-14 01:19:00,sump_flow_lpm,0.0763340688418023,-0.03364186846979148,0.07285400828325314
2025-08-14 01:26:00,sump_flow_lpm,0.0851115534056993,-0.03364186846979148,0.07285400828325314
2025-08-14 02:08:00,sump_flow_lpm,0.0806379984891217,-0.03364186846979148,0.07285400828325314
2025-08-14 02:10:00,sump_flow_lpm,0.0741669485856208,-0.03364186846979148,0.07285400828325314
2025-08-14 02:17:00,sump_flow_lpm,0.0746735025913837,-0.03364186846979148,0.07285400828325314
2025-08-14 02:37:00,sump_flow_lpm,0.0936246951531391,-0.03364186846979148,0.07285400828325314
2025-08-14 03:12:00,sump_flow_lpm,0.1791820282405653,-0.03364186846979148,0.07285400828325314
2025-08-14 03:19:00,sump_flow_lpm,0.1047637583891255,-0.03364186846979148,0.07285400828325314
2025-08-14 03:45:00,sump_flow_lpm,0.0845412287922364,-0.03364186846979148,0.07285400828325314
2025-08-14 05:35:00,sump_flow_lpm,0.106174439242299,-0.03364186846979148,0.07285400828325314
2025-08-14 06:28:00,sump_flow_lpm,0.0798557021797529,-0.03364186846979148,0.07285400828325314
2025-08-14 06:43:00,sump_flow_lpm,0.0779630365850834,-0.03364186846979148,0.07285400828325314
2025-08-14 06:48:00,sump_flow_lpm,0.081823714223201,-0.03364186846979148,0.07285400828325314
2025-08-14 07:43:00,sump_flow_lpm,0.132819600229911,-0.03364186846979148,0.07285400828325314
2025-08-14 07:51:00,sump_flow_lpm,0.0845143295599061,-0.03364186846979148,0.07285400828325314
2025-08-14 08:07:00,sump_flow_lpm,0.0846382289361228,-0.03364186846979148,0.07285400828325314
2025-08-14 08:21:00,sump_flow_lpm,0.0964574980999097,-0.03364186846979148,0.07285400828325314
2025-08-14 08:44:00,sump_flow_lpm,0.104628967354599,-0.03364186846979148,0.07285400828325314
2025-08-14 08:45:00,sump_flow_lpm,0.1107668278695714,-0.03364186846979148,0.07285400828325314
2025-08-14 09:01:00,sump_flow_lpm,0.1160957225107102,-0.03364186846979148,0.07285400828325314
2025-08-14 09:11:00,sump_flow_lpm,0.0950715906233093,-0.03364186846979148,0.07285400828325314
2025-08-14 09:31:00,sump_flow_lpm,0.1134267271938428,-0.03364186846979148,0.07285400828325314
2025-08-14 09:57:00,sump_flow_lpm,0.0849024509539588,-0.03364186846979148,0.07285400828325314
2025-08-14 09:58:00,sump_flow_lpm,0.0787075063200701,-0.03364186846979148,0.07285400828325314
2025-08-14 09:59:00,sump_flow_lpm,0.1111977496853809,-0.03364186846979148,0.07285400828325314
2025-08-14 10:29:00,sump_flow_lpm,0.1178148106994231,-0.03364186846979148,0.07285400828325314
2025-08-14 11:14:00,sump_flow_lpm,0.1099677844935432,-0.03364186846979148,0.07285400828325314
2025-08-14 12:31:00,sump_flow_lpm,0.0741738882678645,-0.03364186846979148,0.07285400828325314
2025-08-14 12:43:00,sump_flow_lpm,0.1136849626958029,-0.03364186846979148,0.07285400828325314
2025-08-14 12:51:00,sump_flow_lpm,0.0798224223118068,-0.03364186846979148,0.07285400828325314
2025-08-14 13:12:00,sump_flow_lpm,0.1452736375885213,-0.03364186846979148,0.07285400828325314
2025-08-14 13:44:00,sump_flow_lpm,0.1349477850485748,-0.03364186846979148,0.07285400828325314
2025-08-14 14:11:00,sump_flow_lpm,0.0762960629630229,-0.03364186846979148,0.07285400828325314
2025-08-14 14:12:00,sump_flow_lpm,0.0762960629630229,-0.03364186846979148,0.07285400828325314
2025-08-14 14:36:00,sump_flow_lpm,0.1232959191731166,-0.03364186846979148,0.07285400828325314
2025-08-14 14:44:00,sump_flow_lpm,0.126983259564118,-0.03364186846979148,0.07285400828325314
2025-08-14 16:24:00,sump_flow_lpm,0.0761957258706278,-0.03364186846979148,0.07285400828325314
2025-08-14 17:14:00,sump_flow_lpm,0.0820796642623773,-0.03364186846979148,0.07285400828325314
2025-08-14 17:21:00,sump_flow_lpm,0.073869405151482,-0.03364186846979148,0.07285400828325314
2025-08-14 17:33:00,sump_flow_lpm,0.0893135045905861,-0.03364186846979148,0.07285400828325314
2025-08-14 18:11:00,sump_flow_lpm,0.1092083844114051,-0.03364186846979148,0.07285400828325314
2025-08-14 18:40:00,sump_flow_lpm,0.0936063043375491,-0.03364186846979148,0.07285400828325314
2025-08-14 19:03:00,sump_flow_lpm,0.1043000062014111,-0.03364186846979148,0.07285400828325314
2025-08-14 19:26:00,sump_flow_lpm,0.0808755148008544,-0.03364186846979148,0.07285400828325314
2025-08-14 20:22:00,sump_flow_lpm,0.0764236553970396,-0.03364186846979148,0.07285400828325314
2025-08-14 20:35:00,sump_flow_lpm,0.1130363253423863,-0.03364186846979148,0.07285400828325314
2025-08-01 19:49:00,airborne_gamma_uSvph,0.0470625845793379,0.04738448111013869,0.1995604106748571
2025-08-02 14:34:00,airborne_gamma_uSvph,0.0408316762778657,0.04738448111013869,0.1995604106748571
2025-08-02 17:45:00,airborne_gamma_uSvph,0.0405221720550374,0.04738448111013869,0.1995604106748571
2025-08-03 01:11:00,airborne_gamma_uSvph,0.2049439061966939,0.04738448111013869,0.1995604106748571
2025-08-03 13:54:00,airborne_gamma_uSvph,1.345827069950304,0.04738448111013869,0.1995604106748571
2025-08-03 13:55:00,airborne_gamma_uSvph,1.4415588789066551,0.04738448111013869,0.1995604106748571
2025-08-03 13:56:00,airborne_gamma_uSvph,1.4114440169906444,0.04738448111013869,0.1995604106748571
2025-08-03 13:57:00,airborne_gamma_uSvph,1.44460208011225,0.04738448111013869,0.1995604106748571
2025-08-03 13:58:00,airborne_gamma_uSvph,1.577480005061636,0.04738448111013869,0.1995604106748571
2025-08-03 13:59:00,airborne_gamma_uSvph,1.549049729163564,0.04738448111013869,0.1995604106748571
2025-08-03 14:00:00,airborne_gamma_uSvph,1.5916907713361317,0.04738448111013869,0.1995604106748571
2025-08-03 14:01:00,airborne_gamma_uSvph,1.7330366729918985,0.04738448111013869,0.1995604106748571
2025-08-03 14:02:00,airborne_gamma_uSvph,1.748412866161277,0.04738448111013869,0.1995604106748571
2025-08-03 14:03:00,airborne_gamma_uSvph,1.639915430341041,0.04738448111013869,0.1995604106748571
2025-08-03 14:04:00,airborne_gamma_uSvph,1.8154232913391384,0.04738448111013869,0.1995604106748571
2025-08-03 14:05:00,airborne_gamma_uSvph,1.7819646706814023,0.04738448111013869,0.1995604106748571
2025-08-03 14:06:00,airborne_gamma_uSvph,1.8005581559072477,0.04738448111013869,0.1995604106748571
2025-08-03 14:07:00,airborne_gamma_uSvph,1.7583114182942123,0.04738448111013869,0.1995604106748571
2025-08-03 14:08:00,airborne_gamma_uSvph,1.799378980299814,0.04738448111013869,0.1995604106748571
2025-08-03 14:09:00,airborne_gamma_uSvph,1.9323668193288377,0.04738448111013869,0.1995604106748571
2025-08-03 14:10:00,airborne_gamma_uSvph,2.015747900644666,0.04738448111013869,0.1995604106748571
2025-08-03 14:11:00,airborne_gamma_uSvph,2.063229996363995,0.04738448111013869,0.1995604106748571
2025-08-03 14:12:00,airborne_gamma_uSvph,2.0066142441170154,0.04738448111013869,0.1995604106748571
2025-08-03 14:13:00,airborne_gamma_uSvph,2.0420238314104204,0.04738448111013869,0.1995604106748571
2025-08-03 14:14:00,airborne_gamma_uSvph,2.1006624156160894,0.04738448111013869,0.1995604106748571
2025-08-03 14:15:00,airborne_gamma_uSvph,2.2837600417991903,0.04738448111013869,0.1995604106748571
2025-08-03 14:16:00,airborne_gamma_uSvph,2.1030965557647487,0.04738448111013869,0.1995604106748571
2025-08-03 14:17:00,airborne_gamma_uSvph,2.17559009319049,0.04738448111013869,0.1995604106748571
2025-08-03 14:18:00,airborne_gamma_uSvph,2.2602372460288107,0.04738448111013869,0.1995604106748571
2025-08-03 14:19:00,airborne_gamma_uSvph,2.3164115131966763,0.04738448111013869,0.1995604106748571
2025-08-03 14:20:00,airborne_gamma_uSvph,2.301877704758739,0.04738448111013869,0.1995604106748571
2025-08-03 14:21:00,airborne_gamma_uSvph,2.3867544515445407,0.04738448111013869,0.1995604106748571
2025-08-03 14:22:00,airborne_gamma_uSvph,2.4241866781777226,0.04738448111013869,0.1995604106748571
2025-08-03 14:23:00,airborne_gamma_uSvph,2.3695630509291177,0.04738448111013869,0.1995604106748571
2025-08-03 14:24:00,airborne_gamma_uSvph,2.5312686129331987,0.04738448111013869,0.1995604106748571
2025-08-03 14:25:00,airborne_gamma_uSvph,2.601729681182295,0.04738448111013869,0.1995604106748571
2025-08-03 14:26:00,airborne_gamma_uSvph,2.584912363973472,0.04738448111013869,0.1995604106748571
2025-08-03 14:27:00,airborne_gamma_uSvph,2.6068029165656963,0.04738448111013869,0.1995604106748571
2025-08-03 14:28:00,airborne_gamma_uSvph,2.5918836252846167,0.04738448111013869,0.1995604106748571
2025-08-03 14:29:00,airborne_gamma_uSvph,2.651266962286195,0.04738448111013869,0.1995604106748571
2025-08-03 14:30:00,airborne_gamma_uSvph,2.762865460116859,0.04738448111013869,0.1995604106748571
2025-08-03 14:31:00,airborne_gamma_uSvph,2.730809107240946,0.04738448111013869,0.1995604106748571
2025-08-03 14:32:00,airborne_gamma_uSvph,2.843002523806049,0.04738448111013869,0.1995604106748571
2025-08-03 14:33:00,airborne_gamma_uSvph,2.797007199942517,0.04738448111013869,0.1995604106748571
2025-08-03 14:34:00,airborne_gamma_uSvph,2.917407335266052,0.04738448111013869,0.1995604106748571
2025-08-03 14:35:00,airborne_gamma_uSvph,2.968672838677588,0.04738448111013869,0.1995604106748571
2025-08-03 14:36:00,airborne_gamma_uSvph,3.009769193681361,0.04738448111013869,0.1995604106748571
2025-08-03 14:37:00,airborne_gamma_uSvph,2.9738115510122203,0.04738448111013869,0.1995604106748571
2025-08-03 14:38:00,airborne_gamma_uSvph,2.9531255836976174,0.04738448111013869,0.1995604106748571
2025-08-03 14:39:00,airborne_gamma_uSvph,2.967501511052008,0.04738448111013869,0.1995604106748571
2025-08-03 14:40:00,airborne_gamma_uSvph,3.214403177219156,0.04738448111013869,0.1995604106748571
2025-08-03 14:41:00,airborne_gamma_uSvph,3.1470326639788344,0.04738448111013869,0.1995604106748571
2025-08-03 14:42:00,airborne_gamma_uSvph,3.1732754889004617,0.04738448111013869,0.1995604106748571
2025-08-03 14:43:00,airborne_gamma_uSvph,3.090485379492134,0.04738448111013869,0.1995604106748571
2025-08-03 14:44:00,airborne_gamma_uSvph,3.2682577250596045,0.04738448111013869,0.1995604106748571
2025-08-03 14:45:00,airborne_gamma_uSvph,3.2363592134026544,0.04738448111013869,0.1995604106748571
2025-08-03 14:46:00,airborne_gamma_uSvph,3.40893060948195,0.04738448111013869,0.1995604106748571
2025-08-03 14:47:00,airborne_gamma_uSvph,3.255894925238773,0.04738448111013869,0.1995604106748571
2025-08-03 14:48:00,airborne_gamma_uSvph,3.403345973460198,0.04738448111013869,0.1995604106748571
2025-08-03 14:49:00,airborne_gamma_uSvph,3.575938967255993,0.04738448111013869,0.1995604106748571
2025-08-03 14:50:00,airborne_gamma_uSvph,3.469361428357704,0.04738448111013869,0.1995604106748571
2025-08-03 14:51:00,airborne_gamma_uSvph,3.583324964968017,0.04738448111013869,0.1995604106748571
2025-08-03 14:52:00,airborne_gamma_uSvph,3.5546647783285668,0.04738448111013869,0.1995604106748571
2025-08-03 14:53:00,airborne_gamma_uSvph,3.548987233689988,0.04738448111013869,0.1995604106748571
2025-08-03 14:54:00,airborne_gamma_uSvph,3.601404541100431,0.04738448111013869,0.1995604106748571
2025-08-03 14:55:00,airborne_gamma_uSvph,3.678629298038536,0.04738448111013869,0.1995604106748571
2025-08-03 14:56:00,airborne_gamma_uSvph,3.62775607833758,0.04738448111013869,0.1995604106748571
2025-08-03 14:57:00,airborne_gamma_uSvph,3.798130206879448,0.04738448111013869,0.1995604106748571
2025-08-03 14:58:00,airborne_gamma_uSvph,3.860595943373234,0.04738448111013869,0.1995604106748571
2025-08-03 14:59:00,airborne_gamma_uSvph,3.8873794571204936,0.04738448111013869,0.1995604106748571
2025-08-03 15:00:00,airborne_gamma_uSvph,3.854618577590276,0.04738448111013869,0.1995604106748571
2025-08-03 15:01:00,airborne_gamma_uSvph,3.941377729309143,0.04738448111013869,0.1995604106748571
2025-08-03 15:02:00,airborne_gamma_uSvph,3.905950747789163,0.04738448111013869,0.1995604106748571
2025-08-03 15:03:00,airborne_gamma_uSvph,3.946179689464325,0.04738448111013869,0.1995604106748571
2025-08-03 15:04:00,airborne_gamma_uSvph,3.969341745385621,0.04738448111013869,0.1995604106748571
2025-08-03 15:05:00,airborne_gamma_uSvph,4.104331822637542,0.04738448111013869,0.1995604106748571
2025-08-03 15:06:00,airborne_gamma_uSvph,4.128093766640293,0.04738448111013869,0.1995604106748571
2025-08-03 15:07:00,airborne_gamma_uSvph,4.134197123340453,0.04738448111013869,0.1995604106748571
2025-08-03 15:08:00,airborne_gamma_uSvph,4.137369031563342,0.04738448111013869,0.1995604106748571
2025-08-03 15:09:00,airborne_gamma_uSvph,4.304523685304753,0.04738448111013869,0.1995604106748571
2025-08-03 15:10:00,airborne_gamma_uSvph,4.222790342590715,0.04738448111013869,0.1995604106748571
2025-08-03 15:11:00,airborne_gamma_uSvph,4.310343417965226,0.04738448111013869,0.1995604106748571
2025-08-03 15:12:00,airborne_gamma_uSvph,4.312240082841958,0.04738448111013869,0.1995604106748571
2025-08-03 15:13:00,airborne_gamma_uSvph,4.394020266717783,0.04738448111013869,0.1995604106748571
2025-08-03 15:14:00,airborne_gamma_uSvph,4.430447859651464,0.04738448111013869,0.1995604106748571
2025-08-03 15:15:00,airborne_gamma_uSvph,4.428735224193472,0.04738448111013869,0.1995604106748571
2025-08-03 15:16:00,airborne_gamma_uSvph,4.483314736144568,0.04738448111013869,0.1995604106748571
2025-08-03 15:17:00,airborne_gamma_uSvph,4.53956805983197,0.04738448111013869,0.1995604106748571
2025-08-03 15:18:00,airborne_gamma_uSvph,4.479191380135599,0.04738448111013869,0.1995604106748571
2025-08-03 15:19:00,airborne_gamma_uSvph,4.621564410017178,0.04738448111013869,0.1995604106748571
2025-08-03 15:20:00,airborne_gamma_uSvph,4.603544818220469,0.04738448111013869,0.1995604106748571
2025-08-03 15:21:00,airborne_gamma_uSvph,4.6303289062258095,0.04738448111013869,0.1995604106748571
2025-08-03 15:22:00,airborne_gamma_uSvph,4.652070157122692,0.04738448111013869,0.1995604106748571
2025-08-03 15:23:00,airborne_gamma_uSvph,4.707764948038311,0.04738448111013869,0.1995604106748571
2025-08-03 15:24:00,airborne_gamma_uSvph,4.857882867608269,0.04738448111013869,0.1995604106748571
2025-08-03 15:25:00,airborne_gamma_uSvph,4.798451096690232,0.04738448111013869,0.1995604106748571
2025-08-03 15:26:00,airborne_gamma_uSvph,4.838329988559612,0.04738448111013869,0.1995604106748571
2025-08-03 15:27:00,airborne_gamma_uSvph,4.974766515064593,0.04738448111013869,0.1995604106748571
2025-08-03 15:28:00,airborne_gamma_uSvph,5.03300497102996,0.04738448111013869,0.1995604106748571
2025-08-03 15:29:00,airborne_gamma_uSvph,5.028668139924933,0.04738448111013869,0.1995604106748571
2025-08-03 15:30:00,airborne_gamma_uSvph,5.085297033505238,0.04738448111013869,0.1995604106748571
2025-08-03 15:31:00,airborne_gamma_uSvph,5.099986328965012,0.04738448111013869,0.1995604106748571
2025-08-03 15:32:00,airborne_gamma_uSvph,5.062298100408098,0.04738448111013869,0.1995604106748571
2025-08-03 15:33:00,airborne_gamma_uSvph,5.084297924897807,0.04738448111013869,0.1995604106748571
2025-08-03 15:34:00,airborne_gamma_uSvph,5.184583317305873,0.04738448111013869,0.1995604106748571
2025-08-03 15:35:00,airborne_gamma_uSvph,5.113195769177562,0.04738448111013869,0.1995604106748571
2025-08-03 15:36:00,airborne_gamma_uSvph,5.339247160032608,0.04738448111013869,0.1995604106748571
2025-08-03 15:37:00,airborne_gamma_uSvph,5.307611853674675,0.04738448111013869,0.1995604106748571
2025-08-03 15:38:00,airborne_gamma_uSvph,5.307546359483373,0.04738448111013869,0.1995604106748571
2025-08-03 15:39:00,airborne_gamma_uSvph,5.392241092293334,0.04738448111013869,0.1995604106748571
2025-08-03 15:40:00,airborne_gamma_uSvph,5.406398626312293,0.04738448111013869,0.1995604106748571
2025-08-03 15:41:00,airborne_gamma_uSvph,5.416326407661167,0.04738448111013869,0.1995604106748571
2025-08-03 15:42:00,airborne_gamma_uSvph,5.46586356219494,0.04738448111013869,0.1995604106748571
2025-08-03 15:43:00,airborne_gamma_uSvph,5.564123935643083,0.04738448111013869,0.1995604106748571
2025-08-03 15:44:00,airborne_gamma_uSvph,5.526139613416545,0.04738448111013869,0.1995604106748571
2025-08-03 15:45:00,airborne_gamma_uSvph,5.63596154571302,0.04738448111013869,0.1995604106748571
2025-08-03 15:46:00,airborne_gamma_uSvph,5.744272660207768,0.04738448111013869,0.1995604106748571
2025-08-03 15:47:00,airborne_gamma_uSvph,5.722729686087114,0.04738448111013869,0.1995604106748571
2025-08-03 15:48:00,airborne_gamma_uSvph,5.687194465410796,0.04738448111013869,0.1995604106748571
2025-08-03 15:49:00,airborne_gamma_uSvph,5.7264178359270845,0.04738448111013869,0.1995604106748571
2025-08-03 15:50:00,airborne_gamma_uSvph,5.747720450124591,0.04738448111013869,0.1995604106748571
2025-08-03 15:51:00,airborne_gamma_uSvph,5.748017863998212,0.04738448111013869,0.1995604106748571
2025-08-03 15:52:00,airborne_gamma_uSvph,5.855481621495606,0.04738448111013869,0.1995604106748571
2025-08-03 15:53:00,airborne_gamma_uSvph,5.915583754503394,0.04738448111013869,0.1995604106748571
2025-08-03 15:54:00,airborne_gamma_uSvph,6.028857890652864,0.04738448111013869,0.1995604106748571
2025-08-03 15:55:00,airborne_gamma_uSvph,5.950101208168372,0.04738448111013869,0.1995604106748571
2025-08-03 15:56:00,airborne_gamma_uSvph,5.986974650639058,0.04738448111013869,0.1995604106748571
2025-08-03 15:57:00,airborne_gamma_uSvph,6.105725687424566,0.04738448111013869,0.1995604106748571
2025-08-03 15:58:00,airborne_gamma_uSvph,6.052639222196479,0.04738448111013869,0.1995604106748571
2025-08-03 15:59:00,airborne_gamma_uSvph,6.192457944373293,0.04738448111013869,0.1995604106748571
2025-08-03 16:00:00,airborne_gamma_uSvph,6.173989156707435,0.04738448111013869,0.1995604106748571
2025-08-03 16:01:00,airborne_gamma_uSvph,6.137686447939496,0.04738448111013869,0.1995604106748571
2025-08-03 16:02:00,airborne_gamma_uSvph,6.136801554656055,0.04738448111013869,0.1995604106748571
2025-08-03 16:03:00,airborne_gamma_uSvph,6.334343892422576,0.04738448111013869,0.1995604106748571
2025-08-03 16:04:00,airborne_gamma_uSvph,6.193238580947962,0.04738448111013869,0.1995604106748571
2025-08-03 16:05:00,airborne_gamma_uSvph,6.321936666961237,0.04738448111013869,0.1995604106748571
2025-08-03 16:06:00,airborne_gamma_uSvph,6.380644361521279,0.04738448111013869,0.1995604106748571
2025-08-03 16:07:00,airborne_gamma_uSvph,6.4977670577931015,0.04738448111013869,0.1995604106748571
2025-08-03 16:08:00,airborne_gamma_uSvph,6.370681798223783,0.04738448111013869,0.1995604106748571
2025-08-03 16:09:00,airborne_gamma_uSvph,6.591776809816937,0.04738448111013869,0.1995604106748571
2025-08-03 16:10:00,airborne_gamma_uSvph,6.604561452990172,0.04738448111013869,0.1995604106748571
2025-08-03 16:11:00,airborne_gamma_uSvph,6.590516271209302,0.04738448111013869,0.1995604106748571
2025-08-03 16:12:00,airborne_gamma_uSvph,6.672682774364595,0.04738448111013869,0.1995604106748571
2025-08-03 16:13:00,airborne_gamma_uSvph,6.699982272840559,0.04738448111013869,0.1995604106748571
2025-08-03 16:14:00,airborne_gamma_uSvph,6.6324077487436375,0.04738448111013869,0.1995604106748571
2025-08-03 16:15:00,airborne_gamma_uSvph,6.771874284668305,0.04738448111013869,0.1995604106748571
2025-08-03 16:16:00,airborne_gamma_uSvph,6.784199879585317,0.04738448111013869,0.1995604106748571
2025-08-03 16:17:00,airborne_gamma_uSvph,6.784199879585317,0.04738448111013869,0.1995604106748571
2025-08-03 16:18:00,airborne_gamma_uSvph,6.928998421209904,0.04738448111013869,0.1995604106748571
2025-08-03 16:19:00,airborne_gamma_uSvph,6.810722863175261,0.04738448111013869,0.1995604106748571
2025-08-03 16:20:00,airborne_gamma_uSvph,6.938866657309386,0.04738448111013869,0.1995604106748571
2025-08-03 16:21:00,airborne_gamma_uSvph,7.002570014618299,0.04738448111013869,0.1995604106748571
2025-08-03 16:22:00,airborne_gamma_uSvph,7.07248594568774,0.04738448111013869,0.1995604106748571
2025-08-03 16:23:00,airborne_gamma_uSvph,7.0346751675562045,0.04738448111013869,0.1995604106748571
2025-08-03 16:24:00,airborne_gamma_uSvph,7.071233959114267,0.04738448111013869,0.1995604106748571
2025-08-03 16:25:00,airborne_gamma_uSvph,7.215133342791139,0.04738448111013869,0.1995604106748571
2025-08-03 16:26:00,airborne_gamma_uSvph,7.181442269759833,0.04738448111013869,0.1995604106748571
2025-08-03 16:27:00,airborne_gamma_uSvph,7.250862418556405,0.04738448111013869,0.1995604106748571
2025-08-03 16:28:00,airborne_gamma_uSvph,7.23304823648945,0.04738448111013869,0.1995604106748571
2025-08-03 16:29:00,airborne_gamma_uSvph,7.199287379794014,0.04738448111013869,0.1995604106748571
2025-08-03 16:30:00,airborne_gamma_uSvph,7.270648140626914,0.04738448111013869,0.1995604106748571
2025-08-03 16:31:00,airborne_gamma_uSvph,7.23264657410359,0.04738448111013869,0.1995604106748571
2025-08-03 16:32:00,airborne_gamma_uSvph,7.406237023961194,0.04738448111013869,0.1995604106748571
2025-08-03 16:33:00,airborne_gamma_uSvph,7.437326596721492,0.04738448111013869,0.1995604106748571
2025-08-03 16:34:00,airborne_gamma_uSvph,7.455475093764335,0.04738448111013869,0.1995604106748571
2025-08-03 16:35:00,airborne_gamma_uSvph,7.444060218947429,0.04738448111013869,0.1995604106748571
2025-08-03 17:52:00,airborne_gamma_uSvph,0.0333143292471014,0.04738448111013869,0.1995604106748571
2025-08-03 19:42:00,airborne_gamma_uSvph,0.0444276486720744,0.04738448111013869,0.1995604106748571
2025-08-04 20:01:00,airborne_gamma_uSvph,0.0384642176856115,0.04738448111013869,0.1995604106748571
2025-08-05 11:54:00,airborne_gamma_uSvph,1.3014282510740296,0.04738448111013869,0.1995604106748571
2025-08-05 11:55:00,airborne_gamma_uSvph,1.463754222411063,0.04738448111013869,0.1995604106748571
2025-08-05 11:56:00,airborne_gamma_uSvph,1.55684066211839,0.04738448111013869,0.1995604106748571
2025-08-05 11:57:00,airborne_gamma_uSvph,1.7425685401010973,0.04738448111013869,0.1995604106748571
2025-08-05 11:58:00,airborne_gamma_uSvph,1.8607143772098735,0.04738448111013869,0.1995604106748571
2025-08-05 11:59:00,airborne_gamma_uSvph,1.9521646412195168,0.04738448111013869,0.1995604106748571
2025-08-05 12:00:00,airborne_gamma_uSvph,2.184929962038499,0.04738448111013869,0.1995604106748571
2025-08-05 12:01:00,airborne_gamma_uSvph,2.2394411569821697,0.04738448111013869,0.1995604106748571
2025-08-05 12:02:00,airborne_gamma_uSvph,2.405391329195038,0.04738448111013869,0.1995604106748571
2025-08-05 12:03:00,airborne_gamma_uSvph,2.481363013653479,0.04738448111013869,0.1995604106748571
2025-08-05 12:04:00,airborne_gamma_uSvph,2.573639086390749,0.04738448111013869,0.1995604106748571
2025-08-05 12:05:00,airborne_gamma_uSvph,2.573639086390749,0.04738448111013869,0.1995604106748571
2025-08-05 12:06:00,airborne_gamma_uSvph,2.82405410327432,0.04738448111013869,0.1995604106748571
2025-08-05 12:07:00,airborne_gamma_uSvph,2.945459313503221,0.04738448111013869,0.1995604106748571
2025-08-05 12:08:00,airborne_gamma_uSvph,3.177130994458769,0.04738448111013869,0.1995604106748571
2025-08-05 12:09:00,airborne_gamma_uSvph,3.2611592508552327,0.04738448111013869,0.1995604106748571
2025-08-05 12:10:00,airborne_gamma_uSvph,3.433136184390901,0.04738448111013869,0.1995604106748571
2025-08-05 12:11:00,airborne_gamma_uSvph,3.533644231426509,0.04738448111013869,0.1995604106748571
2025-08-05 12:12:00,airborne_gamma_uSvph,3.662177924041332,0.04738448111013869,0.1995604106748571
2025-08-05 12:13:00,airborne_gamma_uSvph,3.7678371145545815,0.04738448111013869,0.1995604106748571
2025-08-05 12:14:00,airborne_gamma_uSvph,3.9431535047905206,0.04738448111013869,0.1995604106748571
2025-08-05 12:15:00,airborne_gamma_uSvph,4.074026503031801,0.04738448111013869,0.1995604106748571
2025-08-05 12:16:00,airborne_gamma_uSvph,4.236860560284031,0.04738448111013869,0.1995604106748571
2025-08-05 12:17:00,airborne_gamma_uSvph,4.348865070078491,0.04738448111013869,0.1995604106748571
2025-08-05 12:18:00,airborne_gamma_uSvph,4.499721211293203,0.04738448111013869,0.1995604106748571
2025-08-05 12:19:00,airborne_gamma_uSvph,4.581364855347303,0.04738448111013869,0.1995604106748571
2025-08-05 12:20:00,airborne_gamma_uSvph,4.758157658473387,0.04738448111013869,0.1995604106748571
2025-08-05 12:21:00,airborne_gamma_uSvph,4.832547066223831,0.04738448111013869,0.1995604106748571
2025-08-05 12:22:00,airborne_gamma_uSvph,5.04503355434606,0.04738448111013869,0.1995604106748571
2025-08-05 12:23:00,airborne_gamma_uSvph,5.162665756486115,0.04738448111013869,0.1995604106748571
2025-08-05 12:24:00,airborne_gamma_uSvph,5.236885056296537,0.04738448111013869,0.1995604106748571
2025-08-05 12:25:00,airborne_gamma_uSvph,5.470103335182142,0.04738448111013869,0.1995604106748571
2025-08-05 12:26:00,airborne_gamma_uSvph,5.480306960296144,0.04738448111013869,0.1995604106748571
2025-08-05 12:27:00,airborne_gamma_uSvph,5.591850876121298,0.04738448111013869,0.1995604106748571
2025-08-05 12:28:00,airborne_gamma_uSvph,5.746127766149668,0.04738448111013869,0.1995604106748571
2025-08-05 12:29:00,airborne_gamma_uSvph,5.907031830528552,0.04738448111013869,0.1995604106748571
2025-08-05 12:30:00,airborne_gamma_uSvph,6.092387812704469,0.04738448111013869,0.1995604106748571
2025-08-05 12:31:00,airborne_gamma_uSvph,6.154260482197153,0.04738448111013869,0.1995604106748571
2025-08-05 12:32:00,airborne_gamma_uSvph,6.327234019282788,0.04738448111013869,0.1995604106748571
2025-08-05 12:33:00,airborne_gamma_uSvph,6.396229403102985,0.04738448111013869,0.1995604106748571
2025-08-05 12:34:00,airborne_gamma_uSvph,6.684043166216686,0.04738448111013869,0.1995604106748571
2025-08-05 12:35:00,airborne_gamma_uSvph,6.6718826965831255,0.04738448111013869,0.1995604106748571
2025-08-05 12:36:00,airborne_gamma_uSvph,6.837341626433132,0.04738448111013869,0.1995604106748571
2025-08-05 12:37:00,airborne_gamma_uSvph,6.9229595404221245,0.04738448111013869,0.1995604106748571
2025-08-05 12:38:00,airborne_gamma_uSvph,7.228391054690433,0.04738448111013869,0.1995604106748571
2025-08-05 12:39:00,airborne_gamma_uSvph,7.207026108026802,0.04738448111013869,0.1995604106748571
2025-08-05 12:40:00,airborne_gamma_uSvph,7.415109636428132,0.04738448111013869,0.1995604106748571
2025-08-05 12:41:00,airborne_gamma_uSvph,7.415109636428132,0.04738448111013869,0.1995604106748571
2025-08-05 13:54:00,airborne_gamma_uSvph,0.0373550944927257,0.04738448111013869,0.1995604106748571
2025-08-05 16:27:00,airborne_gamma_uSvph,0.0439839085336614,0.04738448111013869,0.1995604106748571
2025-08-05 16:52:00,airborne_gamma_uSvph,0.043946418554203,0.04738448111013869,0.1995604106748571
2025-08-05 18:43:00,airborne_gamma_uSvph,0.0469476333780588,0.04738448111013869,0.1995604106748571
2025-08-05 23:08:00,airborne_gamma_uSvph,2.5835744250509456,0.04738448111013869,0.1995604106748571
2025-08-05 23:09:00,airborne_gamma_uSvph,3.961555673500031,0.04738448111013869,0.1995604106748571
2025-08-05 23:10:00,airborne_gamma_uSvph,1.624608354957831,0.04738448111013869,0.1995604106748571
2025-08-05 23:11:00,airborne_gamma_uSvph,2.0541778971268805,0.04738448111013869,0.1995604106748571
2025-08-05 23:12:00,airborne_gamma_uSvph,0.8226432052858946,0.04738448111013869,0.1995604106748571
2025-08-05 23:13:00,airborne_gamma_uSvph,3.591305707721032,0.04738448111013869,0.1995604106748571
2025-08-05 23:14:00,airborne_gamma_uSvph,5.083045019656136,0.04738448111013869,0.1995604106748571
2025-08-05 23:15:00,airborne_gamma_uSvph,2.683673117114213,0.04738448111013869,0.1995604106748571
2025-08-05 23:16:00,airborne_gamma_uSvph,3.5785553301911466,0.04738448111013869,0.1995604106748571
2025-08-05 23:17:00,airborne_gamma_uSvph,2.359157015810389,0.04738448111013869,0.1995604106748571
2025-08-05 23:18:00,airborne_gamma_uSvph,2.3805765043443343,0.04738448111013869,0.1995604106748571
2025-08-05 23:19:00,airborne_gamma_uSvph,2.349068599481419,0.04738448111013869,0.1995604106748571
2025-08-05 23:20:00,airborne_gamma_uSvph,2.1517265321541914,0.04738448111013869,0.1995604106748571
2025-08-05 23:21:00,airborne_gamma_uSvph,2.642690526207098,0.04738448111013869,0.1995604106748571
2025-08-05 23:22:00,airborne_gamma_uSvph,0.870767486331335,0.04738448111013869,0.1995604106748571
2025-08-05 23:23:00,airborne_gamma_uSvph,4.339305470726357,0.04738448111013869,0.1995604106748571
2025-08-05 23:24:00,airborne_gamma_uSvph,2.350725801680374,0.04738448111013869,0.1995604106748571
2025-08-05 23:25:00,airborne_gamma_uSvph,2.6826389894440226,0.04738448111013869,0.1995604106748571
2025-08-05 23:26:00,airborne_gamma_uSvph,2.952618783032872,0.04738448111013869,0.1995604106748571
2025-08-05 23:27:00,airborne_gamma_uSvph,3.6356163171852702,0.04738448111013869,0.1995604106748571
2025-08-05 23:28:00,airborne_gamma_uSvph,1.0497656611730617,0.04738448111013869,0.1995604106748571
2025-08-05 23:29:00,airborne_gamma_uSvph,5.089665832209407,0.04738448111013869,0.1995604106748571
2025-08-05 23:30:00,airborne_gamma_uSvph,4.2530810991298695,0.04738448111013869,0.1995604106748571
2025-08-05 23:31:00,airborne_gamma_uSvph,3.338775270042666,0.04738448111013869,0.1995604106748571
2025-08-05 23:32:00,airborne_gamma_uSvph,1.9171722754453773,0.04738448111013869,0.1995604106748571
2025-08-05 23:33:00,airborne_gamma_uSvph,1.9001525408550215,0.04738448111013869,0.1995604106748571
2025-08-05 23:34:00,airborne_gamma_uSvph,2.596616570010403,0.04738448111013869,0.1995604106748571
2025-08-05 23:35:00,airborne_gamma_uSvph,4.421940785795738,0.04738448111013869,0.1995604106748571
2025-08-05 23:36:00,airborne_gamma_uSvph,2.267646132449585,0.04738448111013869,0.1995604106748571
2025-08-05 23:37:00,airborne_gamma_uSvph,3.8063214456007337,0.04738448111013869,0.1995604106748571
2025-08-05 23:38:00,airborne_gamma_uSvph,3.089668370284934,0.04738448111013869,0.1995604106748571
2025-08-05 23:39:00,airborne_gamma_uSvph,4.497682614868333,0.04738448111013869,0.1995604106748571
2025-08-05 23:40:00,airborne_gamma_uSvph,4.9482293042640615,0.04738448111013869,0.1995604106748571
2025-08-05 23:41:00,airborne_gamma_uSvph,2.3098845254005824,0.04738448111013869,0.1995604106748571
2025-08-05 23:42:00,airborne_gamma_uSvph,1.0071431590077031,0.04738448111013869,0.1995604106748571
2025-08-05 23:43:00,airborne_gamma_uSvph,2.9696470873103373,0.04738448111013869,0.1995604106748571
2025-08-05 23:44:00,airborne_gamma_uSvph,1.5692663015138544,0.04738448111013869,0.1995604106748571
2025-08-05 23:45:00,airborne_gamma_uSvph,2.999655473052372,0.04738448111013869,0.1995604106748571
2025-08-05 23:46:00,airborne_gamma_uSvph,1.978232036861849,0.04738448111013869,0.1995604106748571
2025-08-05 23:47:00,airborne_gamma_uSvph,1.2860213023957157,0.04738448111013869,0.1995604106748571
2025-08-05 23:48:00,airborne_gamma_uSvph,2.99661464441458,0.04738448111013869,0.1995604106748571
2025-08-05 23:49:00,airborne_gamma_uSvph,1.2583381081692384,0.04738448111013869,0.1995604106748571
2025-08-05 23:50:00,airborne_gamma_uSvph,2.294688559772241,0.04738448111013869,0.1995604106748571
2025-08-05 23:51:00,airborne_gamma_uSvph,1.0646449761918104,0.04738448111013869,0.1995604106748571
2025-08-05 23:52:00,airborne_gamma_uSvph,4.476574243651512,0.04738448111013869,0.1995604106748571
2025-08-05 23:53:00,airborne_gamma_uSvph,2.182997455931022,0.04738448111013869,0.1995604106748571
2025-08-05 23:54:00,airborne_gamma_uSvph,1.499275170577415,0.04738448111013869,0.1995604106748571
2025-08-05 23:55:00,airborne_gamma_uSvph,1.5953903030498262,0.04738448111013869,0.1995604106748571
2025-08-05 23:56:00,airborne_gamma_uSvph,0.9014941033490932,0.04738448111013869,0.1995604106748571
2025-08-05 23:57:00,airborne_gamma_uSvph,5.09516674551713,0.04738448111013869,0.1995604106748571
2025-08-05 23:58:00,airborne_gamma_uSvph,3.95099738503895,0.04738448111013869,0.1995604106748571
2025-08-05 23:59:00,airborne_gamma_uSvph,3.5842819023971484,0.04738448111013869,0.1995604106748571
2025-08-06 00:00:00,airborne_gamma_uSvph,3.454594206361937,0.04738448111013869,0.1995604106748571
2025-08-06 00:01:00,airborne_gamma_uSvph,1.1546486182729507,0.04738448111013869,0.1995604106748571
2025-08-06 00:02:00,airborne_gamma_uSvph,1.848088488336292,0.04738448111013869,0.1995604106748571
2025-08-06 00:03:00,airborne_gamma_uSvph,3.941946377947504,0.04738448111013869,0.1995604106748571
2025-08-06 00:04:00,airborne_gamma_uSvph,4.634407253145233,0.04738448111013869,0.1995604106748571
2025-08-06 00:05:00,airborne_gamma_uSvph,4.958087408483165,0.04738448111013869,0.1995604106748571
2025-08-06 00:06:00,airborne_gamma_uSvph,3.5622514716868223,0.04738448111013869,0.1995604106748571
2025-08-06 00:07:00,airborne_gamma_uSvph,1.161231059095887,0.04738448111013869,0.1995604106748571
2025-08-06 00:08:00,airborne_gamma_uSvph,1.9979003371522648,0.04738448111013869,0.1995604106748571
2025-08-06 04:15:00,airborne_gamma_uSvph,0.2006711757970992,0.04738448111013869,0.1995604106748571
2025-08-06 15:05:00,airborne_gamma_uSvph,1.800090630646054,0.04738448111013869,0.1995604106748571
2025-08-06 15:06:00,airborne_gamma_uSvph,1.858637320532491,0.04738448111013869,0.1995604106748571
2025-08-06 15:07:00,airborne_gamma_uSvph,1.932635666969316,0.04738448111013869,0.1995604106748571
2025-08-06 15:08:00,airborne_gamma_uSvph,1.932635666969316,0.04738448111013869,0.1995604106748571
2025-08-06 15:09:00,airborne_gamma_uSvph,2.047399125372152,0.04738448111013869,0.1995604106748571
2025-08-06 15:10:00,airborne_gamma_uSvph,2.0162888839849447,0.04738448111013869,0.1995604106748571
2025-08-06 15:11:00,airborne_gamma_uSvph,2.1111339968889804,0.04738448111013869,0.1995604106748571
2025-08-06 15:12:00,airborne_gamma_uSvph,2.2380839340180767,0.04738448111013869,0.1995604106748571
2025-08-06 15:13:00,airborne_gamma_uSvph,2.253774019155208,0.04738448111013869,0.1995604106748571
2025-08-06 15:14:00,airborne_gamma_uSvph,2.307788440911072,0.04738448111013869,0.1995604106748571
2025-08-06 15:15:00,airborne_gamma_uSvph,2.418222793763431,0.04738448111013869,0.1995604106748571
2025-08-06 15:16:00,airborne_gamma_uSvph,2.4169296772464315,0.04738448111013869,0.1995604106748571
2025-08-06 15:17:00,airborne_gamma_uSvph,2.535283507068868,0.04738448111013869,0.1995604106748571
2025-08-06 15:18:00,airborne_gamma_uSvph,2.686430390691885,0.04738448111013869,0.1995604106748571
2025-08-06 15:19:00,airborne_gamma_uSvph,2.672589902136388,0.04738448111013869,0.1995604106748571
2025-08-06 15:20:00,airborne_gamma_uSvph,2.6978170912727446,0.04738448111013869,0.1995604106748571
2025-08-06 15:21:00,airborne_gamma_uSvph,2.71560211092976,0.04738448111013869,0.1995604106748571
2025-08-06 15:22:00,airborne_gamma_uSvph,2.9084771548811474,0.04738448111013869,0.1995604106748571
2025-08-06 15:23:00,airborne_gamma_uSvph,2.899286868007605,0.04738448111013869,0.1995604106748571
2025-08-06 15:24:00,airborne_gamma_uSvph,2.9073377987356843,0.04738448111013869,0.1995604106748571
2025-08-06 15:25:00,airborne_gamma_uSvph,3.1209834888990966,0.04738448111013869,0.1995604106748571
2025-08-06 15:26:00,airborne_gamma_uSvph,3.090827488892353,0.04738448111013869,0.1995604106748571
2025-08-06 15:27:00,airborne_gamma_uSvph,3.1215277702131816,0.04738448111013869,0.1995604106748571
2025-08-06 15:28:00,airborne_gamma_uSvph,3.1929841561988086,0.04738448111013869,0.1995604106748571
2025-08-06 15:29:00,airborne_gamma_uSvph,3.1671834894820714,0.04738448111013869,0.1995604106748571
2025-08-06 15:30:00,airborne_gamma_uSvph,3.30542831008784,0.04738448111013869,0.1995604106748571
2025-08-06 15:31:00,airborne_gamma_uSvph,3.3210916831592407,0.04738448111013869,0.1995604106748571
2025-08-06 15:32:00,airborne_gamma_uSvph,3.464105940391621,0.04738448111013869,0.1995604106748571
2025-08-06 15:33:00,airborne_gamma_uSvph,3.434456373496486,0.04738448111013869,0.1995604106748571
2025-08-06 15:34:00,airborne_gamma_uSvph,3.563000482723325,0.04738448111013869,0.1995604106748571
2025-08-06 15:35:00,airborne_gamma_uSvph,3.538951250485126,0.04738448111013869,0.1995604106748571
2025-08-06 15:36:00,airborne_gamma_uSvph,3.596445652502128,0.04738448111013869,0.1995604106748571
2025-08-06 15:37:00,airborne_gamma_uSvph,3.745227094586274,0.04738448111013869,0.1995604106748571
2025-08-06 15:38:00,airborne_gamma_uSvph,3.780867334245946,0.04738448111013869,0.1995604106748571
2025-08-06 15:39:00,airborne_gamma_uSvph,3.8521048898787953,0.04738448111013869,0.1995604106748571
2025-08-06 15:40:00,airborne_gamma_uSvph,4.019238929494724,0.04738448111013869,0.1995604106748571
2025-08-06 15:41:00,airborne_gamma_uSvph,3.992499703197268,0.04738448111013869,0.1995604106748571
2025-08-06 15:42:00,airborne_gamma_uSvph,3.8970962175864616,0.04738448111013869,0.1995604106748571
2025-08-06 15:43:00,airborne_gamma_uSvph,4.064237378807358,0.04738448111013869,0.1995604106748571
2025-08-06 15:44:00,airborne_gamma_uSvph,4.181238761630857,0.04738448111013869,0.1995604106748571
2025-08-06 15:45:00,airborne_gamma_uSvph,4.140530701360752,0.04738448111013869,0.1995604106748571
2025-08-06 15:46:00,airborne_gamma_uSvph,4.213226524146461,0.04738448111013869,0.1995604106748571
2025-08-06 15:47:00,airborne_gamma_uSvph,4.335363390660871,0.04738448111013869,0.1995604106748571
2025-08-06 15:48:00,airborne_gamma_uSvph,4.372630332797915,0.04738448111013869,0.1995604106748571
2025-08-06 15:49:00,airborne_gamma_uSvph,4.441100275658952,0.04738448111013869,0.1995604106748571
2025-08-06 15:50:00,airborne_gamma_uSvph,4.5690248482700975,0.04738448111013869,0.1995604106748571
2025-08-06 15:51:00,airborne_gamma_uSvph,4.576464654999708,0.04738448111013869,0.1995604106748571
2025-08-06 15:52:00,airborne_gamma_uSvph,4.61632483252402,0.04738448111013869,0.1995604106748571
2025-08-06 15:53:00,airborne_gamma_uSvph,4.658609558492467,0.04738448111013869,0.1995604106748571
2025-08-06 15:54:00,airborne_gamma_uSvph,4.794750790657522,0.04738448111013869,0.1995604106748571
2025-08-06 15:55:00,airborne_gamma_uSvph,4.834091991661138,0.04738448111013869,0.1995604106748571
2025-08-06 15:56:00,airborne_gamma_uSvph,4.838316960709388,0.04738448111013869,0.1995604106748571
2025-08-06 15:57:00,airborne_gamma_uSvph,4.880290586518581,0.04738448111013869,0.1995604106748571
2025-08-06 15:58:00,airborne_gamma_uSvph,5.05867779107459,0.04738448111013869,0.1995604106748571
2025-08-06 15:59:00,airborne_gamma_uSvph,5.029309075559186,0.04738448111013869,0.1995604106748571
2025-08-06 16:00:00,airborne_gamma_uSvph,5.166611689356799,0.04738448111013869,0.1995604106748571
2025-08-06 16:01:00,airborne_gamma_uSvph,5.150573709182032,0.04738448111013869,0.1995604106748571
2025-08-06 16:02:00,airborne_gamma_uSvph,5.295166998651422,0.04738448111013869,0.1995604106748571
2025-08-06 16:03:00,airborne_gamma_uSvph,5.377080304142268,0.04738448111013869,0.1995604106748571
2025-08-06 16:04:00,airborne_gamma_uSvph,5.431842693245176,0.04738448111013869,0.1995604106748571
2025-08-06 16:05:00,airborne_gamma_uSvph,5.431842693245176,0.04738448111013869,0.1995604106748571
2025-08-06 16:06:00,airborne_gamma_uSvph,5.469959195296461,0.04738448111013869,0.1995604106748571
2025-08-06 16:07:00,airborne_gamma_uSvph,5.548007236968026,0.04738448111013869,0.1995604106748571
2025-08-06 16:08:00,airborne_gamma_uSvph,5.525887520279099,0.04738448111013869,0.1995604106748571
2025-08-06 16:09:00,airborne_gamma_uSvph,5.618746171648551,0.04738448111013869,0.1995604106748571
2025-08-06 16:10:00,airborne_gamma_uSvph,5.713007329287381,0.04738448111013869,0.1995604106748571
2025-08-06 16:11:00,airborne_gamma_uSvph,5.783884777644898,0.04738448111013869,0.1995604106748571
2025-08-06 16:12:00,airborne_gamma_uSvph,5.904925458328009,0.04738448111013869,0.1995604106748571
2025-08-06 16:13:00,airborne_gamma_uSvph,5.799064464581057,0.04738448111013869,0.1995604106748571
2025-08-06 16:14:00,airborne_gamma_uSvph,5.912839143261014,0.04738448111013869,0.1995604106748571
2025-08-06 16:15:00,airborne_gamma_uSvph,6.090768217718495,0.04738448111013869,0.1995604106748571
2025-08-06 16:16:00,airborne_gamma_uSvph,6.003592116111557,0.04738448111013869,0.1995604106748571
2025-08-06 16:17:00,airborne_gamma_uSvph,6.159726287004906,0.04738448111013869,0.1995604106748571
2025-08-06 16:18:00,airborne_gamma_uSvph,6.183871256436156,0.04738448111013869,0.1995604106748571
2025-08-06 16:19:00,airborne_gamma_uSvph,6.194018380188733,0.04738448111013869,0.1995604106748571
2025-08-06 16:20:00,airborne_gamma_uSvph,6.300882222069915,0.04738448111013869,0.1995604106748571
2025-08-06 16:21:00,airborne_gamma_uSvph,6.368469508495204,0.04738448111013869,0.1995604106748571
2025-08-06 16:22:00,airborne_gamma_uSvph,6.411442448878973,0.04738448111013869,0.1995604106748571
2025-08-06 16:23:00,airborne_gamma_uSvph,6.465720925999901,0.04738448111013869,0.1995604106748571
2025-08-06 16:24:00,airborne_gamma_uSvph,6.630839388775206,0.04738448111013869,0.1995604106748571
2025-08-06 16:25:00,airborne_gamma_uSvph,6.636314533399244,0.04738448111013869,0.1995604106748571
2025-08-06 16:26:00,airborne_gamma_uSvph,6.660175321061401,0.04738448111013869,0.1995604106748571
2025-08-06 16:27:00,airborne_gamma_uSvph,6.743794641079823,0.04738448111013869,0.1995604106748571
2025-08-06 16:28:00,airborne_gamma_uSvph,6.786427583480341,0.04738448111013869,0.1995604106748571
2025-08-06 16:29:00,airborne_gamma_uSvph,6.908944426419114,0.04738448111013869,0.1995604106748571
2025-08-06 16:30:00,airborne_gamma_uSvph,6.8867451719822,0.04738448111013869,0.1995604106748571
2025-08-06 16:31:00,airborne_gamma_uSvph,7.015897037519292,0.04738448111013869,0.1995604106748571
2025-08-06 16:32:00,airborne_gamma_uSvph,6.991449142042108,0.04738448111013869,0.1995604106748571
2025-08-06 16:33:00,airborne_gamma_uSvph,7.080254272022073,0.04738448111013869,0.1995604106748571
2025-08-06 16:34:00,airborne_gamma_uSvph,7.087714520324416,0.04738448111013869,0.1995604106748571
2025-08-06 16:35:00,airborne_gamma_uSvph,7.178637324183695,0.04738448111013869,0.1995604106748571
2025-08-06 16:36:00,airborne_gamma_uSvph,7.302264496459062,0.04738448111013869,0.1995604106748571
2025-08-06 16:37:00,airborne_gamma_uSvph,7.377025516028613,0.04738448111013869,0.1995604106748571
2025-08-06 16:38:00,airborne_gamma_uSvph,7.360171969659103,0.04738448111013869,0.1995604106748571
2025-08-06 16:39:00,airborne_gamma_uSvph,7.42868859909266,0.04738448111013869,0.1995604106748571
2025-08-06 16:40:00,airborne_gamma_uSvph,7.563741133475643,0.04738448111013869,0.1995604106748571
2025-08-06 16:41:00,airborne_gamma_uSvph,7.543427780130489,0.04738448111013869,0.1995604106748571
2025-08-06 16:42:00,airborne_gamma_uSvph,7.618925825535702,0.04738448111013869,0.1995604106748571
2025-08-06 16:43:00,airborne_gamma_uSvph,7.735246618436947,0.04738448111013869,0.1995604106748571
2025-08-06 16:44:00,airborne_gamma_uSvph,7.745674805421444,0.04738448111013869,0.1995604106748571
2025-08-06 16:45:00,airborne_gamma_uSvph,7.814598902135814,0.04738448111013869,0.1995604106748571
2025-08-06 16:46:00,airborne_gamma_uSvph,7.939292719668754,0.04738448111013869,0.1995604106748571
2025-08-06 16:47:00,airborne_gamma_uSvph,7.939292719668754,0.04738448111013869,0.1995604106748571
2025-08-06 16:48:00,airborne_gamma_uSvph,7.972210700151798,0.04738448111013869,0.1995604106748571
2025-08-06 16:49:00,airborne_gamma_uSvph,8.102990400293677,0.04738448111013869,0.1995604106748571
2025-08-06 16:50:00,airborne_gamma_uSvph,8.124558168656128,0.04738448111013869,0.1995604106748571
2025-08-06 16:51:00,airborne_gamma_uSvph,8.157701044600994,0.04738448111013869,0.1995604106748571
2025-08-06 16:52:00,airborne_gamma_uSvph,8.237904151302104,0.04738448111013869,0.1995604106748571
2025-08-06 16:53:00,airborne_gamma_uSvph,8.270409631154768,0.04738448111013869,0.1995604106748571
2025-08-06 16:54:00,airborne_gamma_uSvph,8.392101987084589,0.04738448111013869,0.1995604106748571
2025-08-06 16:55:00,airborne_gamma_uSvph,8.389727649756496,0.04738448111013869,0.1995604106748571
2025-08-06 16:56:00,airborne_gamma_uSvph,8.509170699402988,0.04738448111013869,0.1995604106748571
2025-08-06 16:57:00,airborne_gamma_uSvph,8.47227886427751,0.04738448111013869,0.1995604106748571
2025-08-06 16:58:00,airborne_gamma_uSvph,8.705668013658036,0.04738448111013869,0.1995604106748571
2025-08-06 16:59:00,airborne_gamma_uSvph,8.657152610393531,0.04738448111013869,0.1995604106748571
2025-08-06 17:00:00,airborne_gamma_uSvph,8.791855684715904,0.04738448111013869,0.1995604106748571
2025-08-06 17:01:00,airborne_gamma_uSvph,8.728940550676025,0.04738448111013869,0.1995604106748571
2025-08-06 17:02:00,airborne_gamma_uSvph,8.896136185494658,0.04738448111013869,0.1995604106748571
2025-08-06 17:03:00,airborne_gamma_uSvph,8.941480816898174,0.04738448111013869,0.1995604106748571
2025-08-06 17:04:00,airborne_gamma_uSvph,9.023048571340995,0.04738448111013869,0.1995604106748571
2025-08-06 17:05:00,airborne_gamma_uSvph,8.998229907712489,0.04738448111013869,0.1995604106748571
2025-08-06 17:06:00,airborne_gamma_uSvph,9.04358178478602,0.04738448111013869,0.1995604106748571
2025-08-06 17:07:00,airborne_gamma_uSvph,9.144434654863336,0.04738448111013869,0.1995604106748571
2025-08-06 17:08:00,airborne_gamma_uSvph,9.258587183067403,0.04738448111013869,0.1995604106748571
2025-08-06 17:09:00,airborne_gamma_uSvph,9.258587183067403,0.04738448111013869,0.1995604106748571
2025-08-06 17:10:00,airborne_gamma_uSvph,9.295292498509983,0.04738448111013869,0.1995604106748571
2025-08-06 17:11:00,airborne_gamma_uSvph,9.397953317955784,0.04738448111013869,0.1995604106748571
2025-08-06 17:12:00,airborne_gamma_uSvph,9.44468838293984,0.04738448111013869,0.1995604106748571
2025-08-06 17:13:00,airborne_gamma_uSvph,9.560640526380602,0.04738448111013869,0.1995604106748571
2025-08-06 17:14:00,airborne_gamma_uSvph,9.59000519966264,0.04738448111013869,0.1995604106748571
2025-08-06 17:15:00,airborne_gamma_uSvph,9.575451154141716,0.04738448111013869,0.1995604106748571
2025-08-06 17:16:00,airborne_gamma_uSvph,9.658084838526584,0.04738448111013869,0.1995604106748571
2025-08-06 17:17:00,airborne_gamma_uSvph,9.777975829635126,0.04738448111013869,0.1995604106748571
2025-08-06 17:18:00,airborne_gamma_uSvph,9.830224686959372,0.04738448111013869,0.1995604106748571
2025-08-06 17:19:00,airborne_gamma_uSvph,9.830224686959372,0.04738448111013869,0.1995604106748571
2025-08-06 17:20:00,airborne_gamma_uSvph,9.851163060284742,0.04738448111013869,0.1995604106748571
2025-08-06 17:21:00,airborne_gamma_uSvph,10.00612520871392,0.04738448111013869,0.1995604106748571
2025-08-06 17:22:00,airborne_gamma_uSvph,10.072263767585152,0.04738448111013869,0.1995604106748571
2025-08-06 17:23:00,airborne_gamma_uSvph,10.246502114020815,0.04738448111013869,0.1995604106748571
2025-08-06 17:24:00,airborne_gamma_uSvph,10.207772453485434,0.04738448111013869,0.1995604106748571
2025-08-06 17:25:00,airborne_gamma_uSvph,10.19716769002005,0.04738448111013869,0.1995604106748571
2025-08-06 17:26:00,airborne_gamma_uSvph,10.298544539152369,0.04738448111013869,0.1995604106748571
2025-08-07 03:48:00,airborne_gamma_uSvph,4.646459404901351,0.04738448111013869,0.1995604106748571
2025-08-07 03:49:00,airborne_gamma_uSvph,2.46680792114311,0.04738448111013869,0.1995604106748571
2025-08-07 03:50:00,airborne_gamma_uSvph,3.3042443890011044,0.04738448111013869,0.1995604106748571
2025-08-07 03:51:00,airborne_gamma_uSvph,4.0771230336685065,0.04738448111013869,0.1995604106748571
2025-08-07 03:52:00,airborne_gamma_uSvph,3.969171079116543,0.04738448111013869,0.1995604106748571
2025-08-07 03:53:00,airborne_gamma_uSvph,0.7912800899845829,0.04738448111013869,0.1995604106748571
2025-08-07 14:58:00,airborne_gamma_uSvph,0.0455702962774074,0.04738448111013869,0.1995604106748571
2025-08-07 20:37:00,airborne_gamma_uSvph,0.043405788191966,0.04738448111013869,0.1995604106748571
2025-08-08 06:53:00,airborne_gamma_uSvph,0.965701150710418,0.04738448111013869,0.1995604106748571
2025-08-08 06:54:00,airborne_gamma_uSvph,1.1058850627667154,0.04738448111013869,0.1995604106748571
2025-08-08 06:55:00,airborne_gamma_uSvph,1.1060090716864388,0.04738448111013869,0.1995604106748571
2025-08-08 06:56:00,airborne_gamma_uSvph,1.2265919521005242,0.04738448111013869,0.1995604106748571
2025-08-08 06:57:00,airborne_gamma_uSvph,1.233114497619749,0.04738448111013869,0.1995604106748571
2025-08-08 06:58:00,airborne_gamma_uSvph,1.173801586297868,0.04738448111013869,0.1995604106748571
2025-08-08 06:59:00,airborne_gamma_uSvph,1.2109639032037236,0.04738448111013869,0.1995604106748571
2025-08-08 07:00:00,airborne_gamma_uSvph,1.319283067874272,0.04738448111013869,0.1995604106748571
2025-08-08 07:01:00,airborne_gamma_uSvph,1.3693103408306342,0.04738448111013869,0.1995604106748571
2025-08-08 07:02:00,airborne_gamma_uSvph,1.3792002797907217,0.04738448111013869,0.1995604106748571
2025-08-08 07:03:00,airborne_gamma_uSvph,1.2014699600913674,0.04738448111013869,0.1995604106748571
2025-08-08 07:04:00,airborne_gamma_uSvph,1.25456536617677,0.04738448111013869,0.1995604106748571
2025-08-08 07:05:00,airborne_gamma_uSvph,1.4052731184860268,0.04738448111013869,0.1995604106748571
2025-08-08 07:06:00,airborne_gamma_uSvph,1.3633502467042389,0.04738448111013869,0.1995604106748571
2025-08-08 07:07:00,airborne_gamma_uSvph,1.4832333121119563,0.04738448111013869,0.1995604106748571
2025-08-08 07:08:00,airborne_gamma_uSvph,1.3750854470042926,0.04738448111013869,0.1995604106748571
2025-08-08 07:09:00,airborne_gamma_uSvph,1.390873854015454,0.04738448111013869,0.1995604106748571
2025-08-08 07:10:00,airborne_gamma_uSvph,1.3807446371058694,0.04738448111013869,0.1995604106748571
2025-08-08 07:11:00,airborne_gamma_uSvph,1.4120363056472538,0.04738448111013869,0.1995604106748571
2025-08-08 07:12:00,airborne_gamma_uSvph,1.4889294438537948,0.04738448111013869,0.1995604106748571
2025-08-08 07:13:00,airborne_gamma_uSvph,1.4543736700136138,0.04738448111013869,0.1995604106748571
2025-08-08 07:14:00,airborne_gamma_uSvph,1.4885768790642873,0.04738448111013869,0.1995604106748571
2025-08-08 07:15:00,airborne_gamma_uSvph,1.5116070311334528,0.04738448111013869,0.1995604106748571
2025-08-08 07:16:00,airborne_gamma_uSvph,1.4984812521950912,0.04738448111013869,0.1995604106748571
2025-08-08 07:17:00,airborne_gamma_uSvph,1.512191552453731,0.04738448111013869,0.1995604106748571
2025-08-08 07:18:00,airborne_gamma_uSvph,1.531070036886383,0.04738448111013869,0.1995604106748571
2025-08-08 07:19:00,airborne_gamma_uSvph,1.4841703767380785,0.04738448111013869,0.1995604106748571
2025-08-08 07:20:00,airborne_gamma_uSvph,1.5068096009064509,0.04738448111013869,0.1995604106748571
2025-08-08 07:21:00,airborne_gamma_uSvph,1.5859441857860777,0.04738448111013869,0.1995604106748571
2025-08-08 07:22:00,airborne_gamma_uSvph,1.598689725242161,0.04738448111013869,0.1995604106748571
2025-08-08 07:23:00,airborne_gamma_uSvph,1.604520559523659,0.04738448111013869,0.1995604106748571
2025-08-08 07:24:00,airborne_gamma_uSvph,1.6944825324005672,0.04738448111013869,0.1995604106748571
2025-08-08 07:25:00,airborne_gamma_uSvph,1.6530910340017806,0.04738448111013869,0.1995604106748571
2025-08-08 07:26:00,airborne_gamma_uSvph,1.5957816266447629,0.04738448111013869,0.1995604106748571
2025-08-08 07:27:00,airborne_gamma_uSvph,1.6224800882002406,0.04738448111013869,0.1995604106748571
2025-08-08 07:28:00,airborne_gamma_uSvph,1.6813519463276267,0.04738448111013869,0.1995604106748571
2025-08-08 07:29:00,airborne_gamma_uSvph,1.6238519958780324,0.04738448111013869,0.1995604106748571
2025-08-08 07:30:00,airborne_gamma_uSvph,1.6886318884296851,0.04738448111013869,0.1995604106748571
2025-08-08 07:31:00,airborne_gamma_uSvph,1.7302582149463877,0.04738448111013869,0.1995604106748571
2025-08-08 07:32:00,airborne_gamma_uSvph,1.809592659035192,0.04738448111013869,0.1995604106748571
2025-08-08 07:33:00,airborne_gamma_uSvph,1.6634854021282923,0.04738448111013869,0.1995604106748571
2025-08-08 07:34:00,airborne_gamma_uSvph,1.7318318665131205,0.04738448111013869,0.1995604106748571
2025-08-08 07:35:00,airborne_gamma_uSvph,1.7632189238223597,0.04738448111013869,0.1995604106748571
2025-08-08 07:36:00,airborne_gamma_uSvph,1.8780215443771016,0.04738448111013869,0.1995604106748571
2025-08-08 07:37:00,airborne_gamma_uSvph,1.7930283233309685,0.04738448111013869,0.1995604106748571
2025-08-08 07:38:00,airborne_gamma_uSvph,1.914332669528331,0.04738448111013869,0.1995604106748571
2025-08-08 07:39:00,airborne_gamma_uSvph,1.7967694755215136,0.04738448111013869,0.1995604106748571
2025-08-08 07:40:00,airborne_gamma_uSvph,1.842417639574664,0.04738448111013869,0.1995604106748571
2025-08-08 07:41:00,airborne_gamma_uSvph,1.8663552513028647,0.04738448111013869,0.1995604106748571
2025-08-08 07:42:00,airborne_gamma_uSvph,1.7814723723252748,0.04738448111013869,0.1995604106748571
2025-08-08 07:43:00,airborne_gamma_uSvph,1.97508469973552,0.04738448111013869,0.1995604106748571
2025-08-08 07:44:00,airborne_gamma_uSvph,1.922344644667632,0.04738448111013869,0.1995604106748571
2025-08-08 07:45:00,airborne_gamma_uSvph,1.859777152547584,0.04738448111013869,0.1995604106748571
2025-08-08 07:46:00,airborne_gamma_uSvph,1.934017254208052,0.04738448111013869,0.1995604106748571
2025-08-08 07:47:00,airborne_gamma_uSvph,1.9330468825009108,0.04738448111013869,0.1995604106748571
2025-08-08 07:48:00,airborne_gamma_uSvph,2.009764713856176,0.04738448111013869,0.1995604106748571
2025-08-08 07:49:00,airborne_gamma_uSvph,1.9667658329422844,0.04738448111013869,0.1995604106748571
2025-08-08 07:50:00,airborne_gamma_uSvph,1.99920726493532,0.04738448111013869,0.1995604106748571
2025-08-08 07:51:00,airborne_gamma_uSvph,2.0081943200249155,0.04738448111013869,0.1995604106748571
2025-08-08 07:52:00,airborne_gamma_uSvph,2.1214139377604684,0.04738448111013869,0.1995604106748571
2025-08-08 07:53:00,airborne_gamma_uSvph,2.0593704169019973,0.04738448111013869,0.1995604106748571
2025-08-08 07:54:00,airborne_gamma_uSvph,2.1295188776058773,0.04738448111013869,0.1995604106748571
2025-08-08 07:55:00,airborne_gamma_uSvph,2.099258028782348,0.04738448111013869,0.1995604106748571
2025-08-08 07:56:00,airborne_gamma_uSvph,2.014346276841404,0.04738448111013869,0.1995604106748571
2025-08-08 07:57:00,airborne_gamma_uSvph,2.0912904633461817,0.04738448111013869,0.1995604106748571
2025-08-08 07:58:00,airborne_gamma_uSvph,2.0914611345987733,0.04738448111013869,0.1995604106748571
2025-08-08 07:59:00,airborne_gamma_uSvph,2.1739948939298666,0.04738448111013869,0.1995604106748571
2025-08-08 08:00:00,airborne_gamma_uSvph,2.107861281247545,0.04738448111013869,0.1995604106748571
2025-08-08 08:01:00,airborne_gamma_uSvph,2.233098958861886,0.04738448111013869,0.1995604106748571
2025-08-08 08:02:00,airborne_gamma_uSvph,2.149964011421229,0.04738448111013869,0.1995604106748571
2025-08-08 08:03:00,airborne_gamma_uSvph,2.20279602855163,0.04738448111013869,0.1995604106748571
2025-08-08 08:04:00,airborne_gamma_uSvph,2.2082028387996764,0.04738448111013869,0.1995604106748571
2025-08-08 08:05:00,airborne_gamma_uSvph,2.121319982585356,0.04738448111013869,0.1995604106748571
2025-08-08 08:06:00,airborne_gamma_uSvph,2.248441156086762,0.04738448111013869,0.1995604106748571
2025-08-08 08:07:00,airborne_gamma_uSvph,2.246108180058114,0.04738448111013869,0.1995604106748571
2025-08-08 08:08:00,airborne_gamma_uSvph,2.246108180058114,0.04738448111013869,0.1995604106748571
2025-08-08 08:09:00,airborne_gamma_uSvph,2.2914102832505145,0.04738448111013869,0.1995604106748571
2025-08-08 08:10:00,airborne_gamma_uSvph,2.278009702764746,0.04738448111013869,0.1995604106748571
2025-08-08 08:11:00,airborne_gamma_uSvph,2.282135691282047,0.04738448111013869,0.1995604106748571
2025-08-08 08:12:00,airborne_gamma_uSvph,2.263114215780916,0.04738448111013869,0.1995604106748571
2025-08-08 08:13:00,airborne_gamma_uSvph,2.323419738521619,0.04738448111013869,0.1995604106748571
2025-08-08 08:14:00,airborne_gamma_uSvph,2.370162459609892,0.04738448111013869,0.1995604106748571
2025-08-08 08:15:00,airborne_gamma_uSvph,2.293683300155721,0.04738448111013869,0.1995604106748571
2025-08-08 08:16:00,airborne_gamma_uSvph,2.327915194156539,0.04738448111013869,0.1995604106748571
2025-08-08 08:17:00,airborne_gamma_uSvph,2.478037833216189,0.04738448111013869,0.1995604106748571
2025-08-08 08:18:00,airborne_gamma_uSvph,2.497434232291951,0.04738448111013869,0.1995604106748571
2025-08-08 08:19:00,airborne_gamma_uSvph,2.3648978503716624,0.04738448111013869,0.1995604106748571
2025-08-08 08:20:00,airborne_gamma_uSvph,2.391810960907503,0.04738448111013869,0.1995604106748571
2025-08-08 08:21:00,airborne_gamma_uSvph,2.383975641590537,0.04738448111013869,0.1995604106748571
2025-08-08 08:22:00,airborne_gamma_uSvph,2.4896667958728176,0.04738448111013869,0.1995604106748571
2025-08-08 08:23:00,airborne_gamma_uSvph,2.512720309889836,0.04738448111013869,0.1995604106748571
2025-08-08 08:24:00,airborne_gamma_uSvph,2.471890689433196,0.04738448111013869,0.1995604106748571
2025-08-08 08:25:00,airborne_gamma_uSvph,2.530603587695776,0.04738448111013869,0.1995604106748571
2025-08-08 08:26:00,airborne_gamma_uSvph,2.529382701727912,0.04738448111013869,0.1995604106748571
2025-08-08 08:27:00,airborne_gamma_uSvph,2.4150140337612367,0.04738448111013869,0.1995604106748571
2025-08-08 08:28:00,airborne_gamma_uSvph,2.4716872358274444,0.04738448111013869,0.1995604106748571
2025-08-08 08:29:00,airborne_gamma_uSvph,2.5663933590514514,0.04738448111013869,0.1995604106748571
2025-08-08 08:30:00,airborne_gamma_uSvph,2.6206039459498456,0.04738448111013869,0.1995604106748571
2025-08-08 08:31:00,airborne_gamma_uSvph,2.465700676619221,0.04738448111013869,0.1995604106748571
2025-08-08 08:32:00,airborne_gamma_uSvph,2.722093985801579,0.04738448111013869,0.1995604106748571
2025-08-08 08:33:00,airborne_gamma_uSvph,2.610733759376682,0.04738448111013869,0.1995604106748571
2025-08-08 08:34:00,airborne_gamma_uSvph,2.610733759376682,0.04738448111013869,0.1995604106748571
2025-08-08 08:35:00,airborne_gamma_uSvph,2.603403110621376,0.04738448111013869,0.1995604106748571
2025-08-08 08:36:00,airborne_gamma_uSvph,2.695560641629325,0.04738448111013869,0.1995604106748571
2025-08-08 08:37:00,airborne_gamma_uSvph,2.6716762785389063,0.04738448111013869,0.1995604106748571
2025-08-08 08:38:00,airborne_gamma_uSvph,2.7024125555208958,0.04738448111013869,0.1995604106748571
2025-08-08 08:39:00,airborne_gamma_uSvph,2.6986192173806045,0.04738448111013869,0.1995604106748571
2025-08-08 08:40:00,airborne_gamma_uSvph,2.646101003775684,0.04738448111013869,0.1995604106748571
2025-08-08 08:41:00,airborne_gamma_uSvph,2.736704622122373,0.04738448111013869,0.1995604106748571
2025-08-08 08:42:00,airborne_gamma_uSvph,2.773785185403962,0.04738448111013869,0.1995604106748571
2025-08-08 08:43:00,airborne_gamma_uSvph,2.754015771603533,0.04738448111013869,0.1995604106748571
2025-08-08 08:44:00,airborne_gamma_uSvph,2.775863871033277,0.04738448111013869,0.1995604106748571
2025-08-08 08:45:00,airborne_gamma_uSvph,2.8619617554228447,0.04738448111013869,0.1995604106748571
2025-08-08 08:46:00,airborne_gamma_uSvph,2.7628012088328275,0.04738448111013869,0.1995604106748571
2025-08-08 08:47:00,airborne_gamma_uSvph,2.8867901161228837,0.04738448111013869,0.1995604106748571
2025-08-08 08:48:00,airborne_gamma_uSvph,2.879152379863141,0.04738448111013869,0.1995604106748571
2025-08-08 08:49:00,airborne_gamma_uSvph,2.829730894991237,0.04738448111013869,0.1995604106748571
2025-08-08 08:50:00,airborne_gamma_uSvph,2.8865063939859814,0.04738448111013869,0.1995604106748571
2025-08-08 08:51:00,airborne_gamma_uSvph,2.9110982179535245,0.04738448111013869,0.1995604106748571
2025-08-08 08:52:00,airborne_gamma_uSvph,2.8820960050098345,0.04738448111013869,0.1995604106748571
2025-08-08 08:53:00,airborne_gamma_uSvph,2.9572111516836883,0.04738448111013869,0.1995604106748571
2025-08-08 08:54:00,airborne_gamma_uSvph,2.934715423364905,0.04738448111013869,0.1995604106748571
2025-08-08 08:55:00,airborne_gamma_uSvph,3.025404840152751,0.04738448111013869,0.1995604106748571
2025-08-08 08:56:00,airborne_gamma_uSvph,2.93564777806919,0.04738448111013869,0.1995604106748571
2025-08-08 08:57:00,airborne_gamma_uSvph,2.954718914961091,0.04738448111013869,0.1995604106748571
2025-08-08 08:58:00,airborne_gamma_uSvph,3.0859331556413725,0.04738448111013869,0.1995604106748571
2025-08-08 08:59:00,airborne_gamma_uSvph,3.028133119496271,0.04738448111013869,0.1995604106748571
2025-08-08 09:00:00,airborne_gamma_uSvph,2.953022444324362,0.04738448111013869,0.1995604106748571
2025-08-08 09:01:00,airborne_gamma_uSvph,3.0198979004107587,0.04738448111013869,0.1995604106748571
2025-08-08 09:02:00,airborne_gamma_uSvph,3.0774296416592293,0.04738448111013869,0.1995604106748571
2025-08-08 09:03:00,airborne_gamma_uSvph,3.078738627383457,0.04738448111013869,0.1995604106748571
2025-08-08 09:04:00,airborne_gamma_uSvph,3.080716061147972,0.04738448111013869,0.1995604106748571
2025-08-08 09:05:00,airborne_gamma_uSvph,3.167465096356429,0.04738448111013869,0.1995604106748571
2025-08-08 09:06:00,airborne_gamma_uSvph,2.986839881645168,0.04738448111013869,0.1995604106748571
2025-08-08 09:07:00,airborne_gamma_uSvph,3.137730015345657,0.04738448111013869,0.1995604106748571
2025-08-08 09:08:00,airborne_gamma_uSvph,3.223248350755972,0.04738448111013869,0.1995604106748571
2025-08-08 09:09:00,airborne_gamma_uSvph,3.126545312586819,0.04738448111013869,0.1995604106748571
2025-08-08 09:10:00,airborne_gamma_uSvph,3.0524925489863044,0.04738448111013869,0.1995604106748571
2025-08-08 09:11:00,airborne_gamma_uSvph,3.082450656898468,0.04738448111013869,0.1995604106748571
2025-08-08 09:12:00,airborne_gamma_uSvph,3.21108970373509,0.04738448111013869,0.1995604106748571
2025-08-08 09:13:00,airborne_gamma_uSvph,3.183606766705101,0.04738448111013869,0.1995604106748571
2025-08-08 09:14:00,airborne_gamma_uSvph,3.2042608827721555,0.04738448111013869,0.1995604106748571
2025-08-08 09:15:00,airborne_gamma_uSvph,3.249682005079914,0.04738448111013869,0.1995604106748571
2025-08-08 09:16:00,airborne_gamma_uSvph,3.1669766311793297,0.04738448111013869,0.1995604106748571
2025-08-08 09:17:00,airborne_gamma_uSvph,3.1669766311793297,0.04738448111013869,0.1995604106748571
2025-08-08 09:18:00,airborne_gamma_uSvph,3.2623488091209603,0.04738448111013869,0.1995604106748571
2025-08-08 09:19:00,airborne_gamma_uSvph,3.239721917203912,0.04738448111013869,0.1995604106748571
2025-08-08 09:20:00,airborne_gamma_uSvph,3.3108181029246024,0.04738448111013869,0.1995604106748571
2025-08-08 09:21:00,airborne_gamma_uSvph,3.2757517846880178,0.04738448111013869,0.1995604106748571
2025-08-08 09:22:00,airborne_gamma_uSvph,3.340573685393529,0.04738448111013869,0.1995604106748571
2025-08-08 09:23:00,airborne_gamma_uSvph,3.4170053694299285,0.04738448111013869,0.1995604106748571
2025-08-08 09:24:00,airborne_gamma_uSvph,3.391288932382049,0.04738448111013869,0.1995604106748571
2025-08-08 09:25:00,airborne_gamma_uSvph,3.2915089327747777,0.04738448111013869,0.1995604106748571
2025-08-08 09:26:00,airborne_gamma_uSvph,3.372346927162112,0.04738448111013869,0.1995604106748571
2025-08-08 09:27:00,airborne_gamma_uSvph,3.3963426314225917,0.04738448111013869,0.1995604106748571
2025-08-08 09:28:00,airborne_gamma_uSvph,3.354139452929063,0.04738448111013869,0.1995604106748571
2025-08-08 09:29:00,airborne_gamma_uSvph,3.4465809511173395,0.04738448111013869,0.1995604106748571
2025-08-08 09:30:00,airborne_gamma_uSvph,3.462635680235846,0.04738448111013869,0.1995604106748571
2025-08-08 09:31:00,airborne_gamma_uSvph,3.3342920442245734,0.04738448111013869,0.1995604106748571
2025-08-08 09:32:00,airborne_gamma_uSvph,3.4176476767744486,0.04738448111013869,0.1995604106748571
2025-08-08 09:33:00,airborne_gamma_uSvph,3.4969349634142923,0.04738448111013869,0.1995604106748571
2025-08-08 09:34:00,airborne_gamma_uSvph,5.115151008745556,0.04738448111013869,0.1995604106748571
2025-08-08 09:35:00,airborne_gamma_uSvph,5.232005385943799,0.04738448111013869,0.1995604106748571
2025-08-08 09:36:00,airborne_gamma_uSvph,5.163193811734468,0.04738448111013869,0.1995604106748571
2025-08-08 09:37:00,airborne_gamma_uSvph,5.105971787799528,0.04738448111013869,0.1995604106748571
2025-08-08 09:38:00,airborne_gamma_uSvph,5.247136084354686,0.04738448111013869,0.1995604106748571
2025-08-08 09:39:00,airborne_gamma_uSvph,5.191606820824696,0.04738448111013869,0.1995604106748571
2025-08-08 09:40:00,airborne_gamma_uSvph,5.398284299142974,0.04738448111013869,0.1995604106748571
2025-08-08 09:41:00,airborne_gamma_uSvph,5.3531260385959865,0.04738448111013869,0.1995604106748571
2025-08-08 09:42:00,airborne_gamma_uSvph,5.417950114308297,0.04738448111013869,0.1995604106748571
2025-08-08 09:43:00,airborne_gamma_uSvph,5.579776721183428,0.04738448111013869,0.1995604106748571
2025-08-08 09:44:00,airborne_gamma_uSvph,5.526670912127849,0.04738448111013869,0.1995604106748571
2025-08-08 09:45:00,airborne_gamma_uSvph,5.706444066722282,0.04738448111013869,0.1995604106748571
2025-08-08 09:46:00,airborne_gamma_uSvph,5.595838415024279,0.04738448111013869,0.1995604106748571
2025-08-08 09:47:00,airborne_gamma_uSvph,5.615110343172779,0.04738448111013869,0.1995604106748571
2025-08-08 09:48:00,airborne_gamma_uSvph,5.763743202859193,0.04738448111013869,0.1995604106748571
2025-08-08 09:49:00,airborne_gamma_uSvph,5.707317594050128,0.04738448111013869,0.1995604106748571
2025-08-08 09:50:00,airborne_gamma_uSvph,5.942824605173116,0.04738448111013869,0.1995604106748571
2025-08-08 09:51:00,airborne_gamma_uSvph,5.889969214240889,0.04738448111013869,0.1995604106748571
2025-08-08 09:52:00,airborne_gamma_uSvph,5.872222325077448,0.04738448111013869,0.1995604106748571
2025-08-08 09:53:00,airborne_gamma_uSvph,6.015284536087973,0.04738448111013869,0.1995604106748571
2025-08-08 09:54:00,airborne_gamma_uSvph,6.020060883667201,0.04738448111013869,0.1995604106748571
2025-08-08 09:55:00,airborne_gamma_uSvph,5.956535565306529,0.04738448111013869,0.1995604106748571
2025-08-08 09:56:00,airborne_gamma_uSvph,6.105735371742727,0.04738448111013869,0.1995604106748571
2025-08-08 09:57:00,airborne_gamma_uSvph,6.03969662945457,0.04738448111013869,0.1995604106748571
2025-08-08 09:58:00,airborne_gamma_uSvph,6.155336001425189,0.04738448111013869,0.1995604106748571
2025-08-08 09:59:00,airborne_gamma_uSvph,6.196507559417141,0.04738448111013869,0.1995604106748571
2025-08-08 10:00:00,airborne_gamma_uSvph,6.254169404860253,0.04738448111013869,0.1995604106748571
2025-08-08 10:01:00,airborne_gamma_uSvph,6.409616602752527,0.04738448111013869,0.1995604106748571
2025-08-08 10:02:00,airborne_gamma_uSvph,6.2801962180942255,0.04738448111013869,0.1995604106748571
2025-08-08 10:03:00,airborne_gamma_uSvph,6.331158388874135,0.04738448111013869,0.1995604106748571
2025-08-08 10:04:00,airborne_gamma_uSvph,6.341431994611293,0.04738448111013869,0.1995604106748571
2025-08-08 10:05:00,airborne_gamma_uSvph,6.500490014619812,0.04738448111013869,0.1995604106748571
2025-08-08 10:06:00,airborne_gamma_uSvph,6.50007461372563,0.04738448111013869,0.1995604106748571
2025-08-08 10:07:00,airborne_gamma_uSvph,6.568771763776776,0.04738448111013869,0.1995604106748571
2025-08-08 10:08:00,airborne_gamma_uSvph,6.510929330422297,0.04738448111013869,0.1995604106748571
2025-08-08 10:09:00,airborne_gamma_uSvph,6.616624136785196,0.04738448111013869,0.1995604106748571
2025-08-08 10:10:00,airborne_gamma_uSvph,6.669852609034532,0.04738448111013869,0.1995604106748571
2025-08-08 10:11:00,airborne_gamma_uSvph,6.72759184767977,0.04738448111013869,0.1995604106748571
2025-08-08 10:12:00,airborne_gamma_uSvph,6.7624990030521,0.04738448111013869,0.1995604106748571
2025-08-08 10:13:00,airborne_gamma_uSvph,6.719949236732773,0.04738448111013869,0.1995604106748571
2025-08-08 10:14:00,airborne_gamma_uSvph,6.807013994029523,0.04738448111013869,0.1995604106748571
2025-08-08 10:15:00,airborne_gamma_uSvph,6.837996556110364,0.04738448111013869,0.1995604106748571
2025-08-08 10:16:00,airborne_gamma_uSvph,6.874659590584076,0.04738448111013869,0.1995604106748571
2025-08-08 10:17:00,airborne_gamma_uSvph,6.966242650768503,0.04738448111013869,0.1995604106748571
2025-08-08 10:18:00,airborne_gamma_uSvph,7.103102083698931,0.04738448111013869,0.1995604106748571
2025-08-08 10:19:00,airborne_gamma_uSvph,7.11430104377288,0.04738448111013869,0.1995604106748571
2025-08-08 10:20:00,airborne_gamma_uSvph,7.059626206648879,0.04738448111013869,0.1995604106748571
2025-08-08 10:21:00,airborne_gamma_uSvph,7.247148915364286,0.04738448111013869,0.1995604106748571
2025-08-08 10:22:00,airborne_gamma_uSvph,7.081633348257696,0.04738448111013869,0.1995604106748571
2025-08-08 10:23:00,airborne_gamma_uSvph,7.300505408207746,0.04738448111013869,0.1995604106748571
2025-08-08 10:24:00,airborne_gamma_uSvph,7.110632897847303,0.04738448111013869,0.1995604106748571
2025-08-08 10:25:00,airborne_gamma_uSvph,7.369386745938048,0.04738448111013869,0.1995604106748571
2025-08-08 10:26:00,airborne_gamma_uSvph,7.236757975240006,0.04738448111013869,0.1995604106748571
2025-08-08 10:27:00,airborne_gamma_uSvph,7.432391964813009,0.04738448111013869,0.1995604106748571
2025-08-08 10:28:00,airborne_gamma_uSvph,7.315974221447788,0.04738448111013869,0.1995604106748571
2025-08-08 10:29:00,airborne_gamma_uSvph,7.480561384279353,0.04738448111013869,0.1995604106748571
2025-08-08 10:30:00,airborne_gamma_uSvph,7.601734013233932,0.04738448111013869,0.1995604106748571
2025-08-08 10:31:00,airborne_gamma_uSvph,7.465972977434216,0.04738448111013869,0.1995604106748571
2025-08-08 10:32:00,airborne_gamma_uSvph,7.568400919191989,0.04738448111013869,0.1995604106748571
2025-08-08 10:33:00,airborne_gamma_uSvph,7.781983614897838,0.04738448111013869,0.1995604106748571
2025-08-08 10:34:00,airborne_gamma_uSvph,7.642131381004921,0.04738448111013869,0.1995604106748571
2025-08-08 10:35:00,airborne_gamma_uSvph,7.701128172196567,0.04738448111013869,0.1995604106748571
2025-08-08 10:36:00,airborne_gamma_uSvph,7.792226379390067,0.04738448111013869,0.1995604106748571
2025-08-08 10:37:00,airborne_gamma_uSvph,7.853985955712085,0.04738448111013869,0.1995604106748571
2025-08-08 10:38:00,airborne_gamma_uSvph,7.965868058593619,0.04738448111013869,0.1995604106748571
2025-08-08 10:39:00,airborne_gamma_uSvph,7.955685632311958,0.04738448111013869,0.1995604106748571
2025-08-08 10:40:00,airborne_gamma_uSvph,7.980675278397239,0.04738448111013869,0.1995604106748571
2025-08-08 10:41:00,airborne_gamma_uSvph,7.9173855191131555,0.04738448111013869,0.1995604106748571
2025-08-08 10:42:00,airborne_gamma_uSvph,8.14023006084524,0.04738448111013869,0.1995604106748571
2025-08-08 10:43:00,airborne_gamma_uSvph,8.161131043480545,0.04738448111013869,0.1995604106748571
2025-08-08 10:44:00,airborne_gamma_uSvph,8.05137264131108,0.04738448111013869,0.1995604106748571
2025-08-08 10:45:00,airborne_gamma_uSvph,8.234901498232507,0.04738448111013869,0.1995604106748571
2025-08-08 10:46:00,airborne_gamma_uSvph,8.302909133563293,0.04738448111013869,0.1995604106748571
2025-08-08 10:47:00,airborne_gamma_uSvph,8.096461111697703,0.04738448111013869,0.1995604106748571
2025-08-08 10:48:00,airborne_gamma_uSvph,8.496896931860304,0.04738448111013869,0.1995604106748571
2025-08-08 10:49:00,airborne_gamma_uSvph,8.424172101617597,0.04738448111013869,0.1995604106748571
2025-08-08 10:50:00,airborne_gamma_uSvph,8.394470183090714,0.04738448111013869,0.1995604106748571
2025-08-08 10:51:00,airborne_gamma_uSvph,8.410385983979127,0.04738448111013869,0.1995604106748571
2025-08-08 10:52:00,airborne_gamma_uSvph,8.395243424367129,0.04738448111013869,0.1995604106748571
2025-08-08 10:53:00,airborne_gamma_uSvph,8.410238080817152,0.04738448111013869,0.1995604106748571
2025-08-08 10:54:00,airborne_gamma_uSvph,8.596879200184794,0.04738448111013869,0.1995604106748571
2025-08-08 10:55:00,airborne_gamma_uSvph,8.56427290993987,0.04738448111013869,0.1995604106748571
2025-08-08 10:56:00,airborne_gamma_uSvph,8.773557750898604,0.04738448111013869,0.1995604106748571
2025-08-08 10:57:00,airborne_gamma_uSvph,8.836158562055989,0.04738448111013869,0.1995604106748571
2025-08-08 10:58:00,airborne_gamma_uSvph,8.827970521638477,0.04738448111013869,0.1995604106748571
2025-08-08 10:59:00,airborne_gamma_uSvph,8.962809149503418,0.04738448111013869,0.1995604106748571
2025-08-08 11:00:00,airborne_gamma_uSvph,8.891799459890624,0.04738448111013869,0.1995604106748571
2025-08-08 11:01:00,airborne_gamma_uSvph,8.845576218706192,0.04738448111013869,0.1995604106748571
2025-08-08 11:02:00,airborne_gamma_uSvph,9.01109104102592,0.04738448111013869,0.1995604106748571
2025-08-08 11:03:00,airborne_gamma_uSvph,8.96783100642531,0.04738448111013869,0.1995604106748571
2025-08-08 11:04:00,airborne_gamma_uSvph,9.141184025578706,0.04738448111013869,0.1995604106748571
2025-08-08 11:05:00,airborne_gamma_uSvph,9.071238477851711,0.04738448111013869,0.1995604106748571
2025-08-08 11:06:00,airborne_gamma_uSvph,9.092454872412514,0.04738448111013869,0.1995604106748571
2025-08-08 11:07:00,airborne_gamma_uSvph,9.053122556018929,0.04738448111013869,0.1995604106748571
2025-08-08 11:08:00,airborne_gamma_uSvph,9.19164528184976,0.04738448111013869,0.1995604106748571
2025-08-08 11:09:00,airborne_gamma_uSvph,9.262372283655075,0.04738448111013869,0.1995604106748571
2025-08-08 11:10:00,airborne_gamma_uSvph,9.293107286663316,0.04738448111013869,0.1995604106748571
2025-08-08 11:11:00,airborne_gamma_uSvph,9.305314219070194,0.04738448111013869,0.1995604106748571
2025-08-08 11:12:00,airborne_gamma_uSvph,9.208043475355112,0.04738448111013869,0.1995604106748571
2025-08-08 11:13:00,airborne_gamma_uSvph,9.31039399081894,0.04738448111013869,0.1995604106748571
2025-08-08 11:14:00,airborne_gamma_uSvph,9.240505484451544,0.04738448111013869,0.1995604106748571
2025-08-08 11:15:00,airborne_gamma_uSvph,9.423257339833151,0.04738448111013869,0.1995604106748571
2025-08-08 11:16:00,airborne_gamma_uSvph,9.4999139723827,0.04738448111013869,0.1995604106748571
2025-08-08 11:17:00,airborne_gamma_uSvph,9.517918236986477,0.04738448111013869,0.1995604106748571
2025-08-08 11:18:00,airborne_gamma_uSvph,9.638595334105126,0.04738448111013869,0.1995604106748571
2025-08-08 11:19:00,airborne_gamma_uSvph,9.662134351121038,0.04738448111013869,0.1995604106748571
2025-08-08 11:20:00,airborne_gamma_uSvph,9.837371964719647,0.04738448111013869,0.1995604106748571
2025-08-08 11:21:00,airborne_gamma_uSvph,9.689791792846606,0.04738448111013869,0.1995604106748571
2025-08-08 11:22:00,airborne_gamma_uSvph,9.84880680647692,0.04738448111013869,0.1995604106748571
2025-08-08 11:23:00,airborne_gamma_uSvph,9.961098264052534,0.04738448111013869,0.1995604106748571
2025-08-08 11:24:00,airborne_gamma_uSvph,9.806698455652178,0.04738448111013869,0.1995604106748571
2025-08-08 11:25:00,airborne_gamma_uSvph,9.8056450755171,0.04738448111013869,0.1995604106748571
2025-08-08 11:26:00,airborne_gamma_uSvph,9.865452432241463,0.04738448111013869,0.1995604106748571
2025-08-08 11:27:00,airborne_gamma_uSvph,10.028990125164684,0.04738448111013869,0.1995604106748571
2025-08-08 11:28:00,airborne_gamma_uSvph,9.933700195514565,0.04738448111013869,0.1995604106748571
2025-08-08 11:29:00,airborne_gamma_uSvph,10.103433399243087,0.04738448111013869,0.1995604106748571
2025-08-08 11:30:00,airborne_gamma_uSvph,10.114552619681833,0.04738448111013869,0.1995604106748571
2025-08-08 11:31:00,airborne_gamma_uSvph,10.086427523676983,0.04738448111013869,0.1995604106748571
2025-08-08 11:32:00,airborne_gamma_uSvph,10.273263271010563,0.04738448111013869,0.1995604106748571
2025-08-08 11:33:00,airborne_gamma_uSvph,10.19604218173468,0.04738448111013869,0.1995604106748571
2025-08-08 11:34:00,airborne_gamma_uSvph,10.341537704952504,0.04738448111013869,0.1995604106748571
2025-08-08 11:35:00,airborne_gamma_uSvph,10.451816470883728,0.04738448111013869,0.1995604106748571
2025-08-08 11:36:00,airborne_gamma_uSvph,10.422877127426233,0.04738448111013869,0.1995604106748571
2025-08-08 11:37:00,airborne_gamma_uSvph,10.43821527369712,0.04738448111013869,0.1995604106748571
2025-08-08 11:38:00,airborne_gamma_uSvph,10.624366372014308,0.04738448111013869,0.1995604106748571
2025-08-08 11:39:00,airborne_gamma_uSvph,10.467710472656837,0.04738448111013869,0.1995604106748571
2025-08-08 11:40:00,airborne_gamma_uSvph,10.488802053710105,0.04738448111013869,0.1995604106748571
2025-08-08 11:41:00,airborne_gamma_uSvph,10.479164389647304,0.04738448111013869,0.1995604106748571
2025-08-08 11:42:00,airborne_gamma_uSvph,10.648646286631967,0.04738448111013869,0.1995604106748571
2025-08-08 11:43:00,airborne_gamma_uSvph,10.5787767313934,0.04738448111013869,0.1995604106748571
2025-08-08 11:44:00,airborne_gamma_uSvph,10.73261809824336,0.04738448111013869,0.1995604106748571
2025-08-08 11:45:00,airborne_gamma_uSvph,10.611793899652756,0.04738448111013869,0.1995604106748571
2025-08-08 11:46:00,airborne_gamma_uSvph,10.910270452583172,0.04738448111013869,0.1995604106748571
2025-08-08 11:47:00,airborne_gamma_uSvph,10.829825267523692,0.04738448111013869,0.1995604106748571
2025-08-08 11:48:00,airborne_gamma_uSvph,10.82846697108911,0.04738448111013869,0.1995604106748571
2025-08-08 11:49:00,airborne_gamma_uSvph,11.002680241649855,0.04738448111013869,0.1995604106748571
2025-08-08 11:50:00,airborne_gamma_uSvph,10.975054219196156,0.04738448111013869,0.1995604106748571
2025-08-08 11:51:00,airborne_gamma_uSvph,10.975054219196156,0.04738448111013869,0.1995604106748571
2025-08-08 11:52:00,airborne_gamma_uSvph,11.113437380843523,0.04738448111013869,0.1995604106748571
2025-08-08 11:53:00,airborne_gamma_uSvph,11.113890324594044,0.04738448111013869,0.1995604106748571
2025-08-08 11:54:00,airborne_gamma_uSvph,11.081271082918766,0.04738448111013869,0.1995604106748571
2025-08-08 11:55:00,airborne_gamma_uSvph,11.241273817480664,0.04738448111013869,0.1995604106748571
2025-08-08 11:56:00,airborne_gamma_uSvph,11.14581773824984,0.04738448111013869,0.1995604106748571
2025-08-08 11:57:00,airborne_gamma_uSvph,11.34714737806279,0.04738448111013869,0.1995604106748571
2025-08-08 11:58:00,airborne_gamma_uSvph,11.35266883512922,0.04738448111013869,0.1995604106748571
2025-08-08 11:59:00,airborne_gamma_uSvph,11.260138217473791,0.04738448111013869,0.1995604106748571
2025-08-08 12:00:00,airborne_gamma_uSvph,11.395626243408788,0.04738448111013869,0.1995604106748571
2025-08-08 12:01:00,airborne_gamma_uSvph,11.403717063739162,0.04738448111013869,0.1995604106748571
2025-08-08 12:02:00,airborne_gamma_uSvph,11.492727947795387,0.04738448111013869,0.1995604106748571
2025-08-08 12:03:00,airborne_gamma_uSvph,11.706040833405588,0.04738448111013869,0.1995604106748571
2025-08-08 12:04:00,airborne_gamma_uSvph,11.68308146173531,0.04738448111013869,0.1995604106748571
2025-08-08 12:05:00,airborne_gamma_uSvph,11.535259581057478,0.04738448111013869,0.1995604106748571
2025-08-08 12:06:00,airborne_gamma_uSvph,11.528991011539151,0.04738448111013869,0.1995604106748571
2025-08-08 12:07:00,airborne_gamma_uSvph,11.631809242891322,0.04738448111013869,0.1995604106748571
2025-08-08 12:08:00,airborne_gamma_uSvph,11.778402494692038,0.04738448111013869,0.1995604106748571
2025-08-08 12:09:00,airborne_gamma_uSvph,11.82192052734313,0.04738448111013869,0.1995604106748571
2025-08-08 12:10:00,airborne_gamma_uSvph,11.881426206687246,0.04738448111013869,0.1995604106748571
2025-08-08 12:11:00,airborne_gamma_uSvph,11.971527689120393,0.04738448111013869,0.1995604106748571
2025-08-08 12:12:00,airborne_gamma_uSvph,11.892367425696447,0.04738448111013869,0.1995604106748571
2025-08-08 12:13:00,airborne_gamma_uSvph,12.111687889741155,0.04738448111013869,0.1995604106748571
2025-08-08 12:14:00,airborne_gamma_uSvph,12.075821999497627,0.04738448111013869,0.1995604106748571
2025-08-08 12:15:00,airborne_gamma_uSvph,12.101781766126267,0.04738448111013869,0.1995604106748571
2025-08-08 12:16:00,airborne_gamma_uSvph,12.07812539719244,0.04738448111013869,0.1995604106748571
2025-08-08 12:17:00,airborne_gamma_uSvph,12.092737029226807,0.04738448111013869,0.1995604106748571
2025-08-08 12:18:00,airborne_gamma_uSvph,12.27927984315948,0.04738448111013869,0.1995604106748571
2025-08-08 12:19:00,airborne_gamma_uSvph,12.254009136507722,0.04738448111013869,0.1995604106748571
2025-08-08 12:20:00,airborne_gamma_uSvph,12.235663511733442,0.04738448111013869,0.1995604106748571
2025-08-08 12:21:00,airborne_gamma_uSvph,12.227013912384626,0.04738448111013869,0.1995604106748571
2025-08-08 12:22:00,airborne_gamma_uSvph,12.460972588060269,0.04738448111013869,0.1995604106748571
2025-08-08 12:23:00,airborne_gamma_uSvph,12.353262694252916,0.04738448111013869,0.1995604106748571
2025-08-08 12:24:00,airborne_gamma_uSvph,12.493332222636184,0.04738448111013869,0.1995604106748571
2025-08-08 12:25:00,airborne_gamma_uSvph,12.59393236637413,0.04738448111013869,0.1995604106748571
2025-08-08 12:26:00,airborne_gamma_uSvph,12.524854857459728,0.04738448111013869,0.1995604106748571
2025-08-08 12:27:00,airborne_gamma_uSvph,12.527629844435715,0.04738448111013869,0.1995604106748571
2025-08-08 12:28:00,airborne_gamma_uSvph,12.671970287627063,0.04738448111013869,0.1995604106748571
2025-08-08 12:29:00,airborne_gamma_uSvph,12.77220003720304,0.04738448111013869,0.1995604106748571
2025-08-08 12:30:00,airborne_gamma_uSvph,12.755820371513645,0.04738448111013869,0.1995604106748571
2025-08-08 12:31:00,airborne_gamma_uSvph,12.648168767224291,0.04738448111013869,0.1995604106748571
2025-08-08 12:32:00,airborne_gamma_uSvph,12.783314975298996,0.04738448111013869,0.1995604106748571
2025-08-08 12:33:00,airborne_gamma_uSvph,12.795629032193542,0.04738448111013869,0.1995604106748571
2025-08-08 12:34:00,airborne_gamma_uSvph,12.832788523528665,0.04738448111013869,0.1995604106748571
2025-08-08 12:35:00,airborne_gamma_uSvph,12.846808079579391,0.04738448111013869,0.1995604106748571
2025-08-08 12:36:00,airborne_gamma_uSvph,12.96671370960824,0.04738448111013869,0.1995604106748571
2025-08-08 12:37:00,airborne_gamma_uSvph,6.9579684349538296,0.04738448111013869,0.1995604106748571
2025-08-08 12:38:00,airborne_gamma_uSvph,7.063950904999182,0.04738448111013869,0.1995604106748571
2025-08-08 12:39:00,airborne_gamma_uSvph,7.003777772434741,0.04738448111013869,0.1995604106748571
2025-08-08 12:40:00,airborne_gamma_uSvph,7.06357480237744,0.04738448111013869,0.1995604106748571
2025-08-08 12:41:00,airborne_gamma_uSvph,6.984826015988208,0.04738448111013869,0.1995604106748571
2025-08-08 12:42:00,airborne_gamma_uSvph,7.099817825095316,0.04738448111013869,0.1995604106748571
2025-08-08 12:43:00,airborne_gamma_uSvph,7.092037567617084,0.04738448111013869,0.1995604106748571
2025-08-08 12:44:00,airborne_gamma_uSvph,7.162383660706746,0.04738448111013869,0.1995604106748571
2025-08-08 12:45:00,airborne_gamma_uSvph,7.074480395087026,0.04738448111013869,0.1995604106748571
2025-08-08 12:46:00,airborne_gamma_uSvph,7.129579579068127,0.04738448111013869,0.1995604106748571
2025-08-08 12:47:00,airborne_gamma_uSvph,7.153950181273195,0.04738448111013869,0.1995604106748571
2025-08-08 12:48:00,airborne_gamma_uSvph,7.189789211334898,0.04738448111013869,0.1995604106748571
2025-08-08 12:49:00,airborne_gamma_uSvph,7.283152464663563,0.04738448111013869,0.1995604106748571
2025-08-08 12:50:00,airborne_gamma_uSvph,7.405362095148293,0.04738448111013869,0.1995604106748571
2025-08-08 12:51:00,airborne_gamma_uSvph,7.385973424036166,0.04738448111013869,0.1995604106748571
2025-08-08 12:52:00,airborne_gamma_uSvph,7.390760736144911,0.04738448111013869,0.1995604106748571
2025-08-08 12:53:00,airborne_gamma_uSvph,7.350271505766381,0.04738448111013869,0.1995604106748571
2025-08-08 12:54:00,airborne_gamma_uSvph,7.429984792851005,0.04738448111013869,0.1995604106748571
2025-08-08 12:55:00,airborne_gamma_uSvph,7.363752605749496,0.04738448111013869,0.1995604106748571
2025-08-08 12:56:00,airborne_gamma_uSvph,7.507102970267963,0.04738448111013869,0.1995604106748571
2025-08-08 12:57:00,airborne_gamma_uSvph,7.422084832611414,0.04738448111013869,0.1995604106748571
2025-08-08 12:58:00,airborne_gamma_uSvph,7.428285839425279,0.04738448111013869,0.1995604106748571
2025-08-08 12:59:00,airborne_gamma_uSvph,7.569022607748774,0.04738448111013869,0.1995604106748571
2025-08-08 13:00:00,airborne_gamma_uSvph,7.626258437666935,0.04738448111013869,0.1995604106748571
2025-08-08 13:01:00,airborne_gamma_uSvph,7.608006322643887,0.04738448111013869,0.1995604106748571
2025-08-08 13:02:00,airborne_gamma_uSvph,7.740442189276002,0.04738448111013869,0.1995604106748571
2025-08-08 13:03:00,airborne_gamma_uSvph,7.516141888540278,0.04738448111013869,0.1995604106748571
2025-08-08 13:04:00,airborne_gamma_uSvph,7.679483202398156,0.04738448111013869,0.1995604106748571
2025-08-08 13:05:00,airborne_gamma_uSvph,7.598895750720637,0.04738448111013869,0.1995604106748571
2025-08-08 13:06:00,airborne_gamma_uSvph,7.821942945510013,0.04738448111013869,0.1995604106748571
2025-08-08 13:07:00,airborne_gamma_uSvph,7.823624923733873,0.04738448111013869,0.1995604106748571
2025-08-08 13:08:00,airborne_gamma_uSvph,7.890415982473838,0.04738448111013869,0.1995604106748571
2025-08-08 13:09:00,airborne_gamma_uSvph,7.861850010958498,0.04738448111013869,0.1995604106748571
2025-08-08 13:10:00,airborne_gamma_uSvph,7.84340286374021,0.04738448111013869,0.1995604106748571
2025-08-08 13:11:00,airborne_gamma_uSvph,7.908298713166213,0.04738448111013869,0.1995604106748571
2025-08-08 13:12:00,airborne_gamma_uSvph,7.894629116009852,0.04738448111013869,0.1995604106748571
2025-08-08 13:13:00,airborne_gamma_uSvph,7.95486881962412,0.04738448111013869,0.1995604106748571
2025-08-08 13:14:00,airborne_gamma_uSvph,8.06128316585114,0.04738448111013869,0.1995604106748571
2025-08-08 13:15:00,airborne_gamma_uSvph,8.004760248110518,0.04738448111013869,0.1995604106748571
2025-08-08 13:16:00,airborne_gamma_uSvph,8.087514060524065,0.04738448111013869,0.1995604106748571
2025-08-08 13:17:00,airborne_gamma_uSvph,8.121932551213455,0.04738448111013869,0.1995604106748571
2025-08-08 13:18:00,airborne_gamma_uSvph,8.152610443433899,0.04738448111013869,0.1995604106748571
2025-08-08 13:19:00,airborne_gamma_uSvph,8.169333247298844,0.04738448111013869,0.1995604106748571
2025-08-08 13:20:00,airborne_gamma_uSvph,8.159606230991997,0.04738448111013869,0.1995604106748571
2025-08-08 13:21:00,airborne_gamma_uSvph,8.209209519729445,0.04738448111013869,0.1995604106748571
2025-08-08 13:22:00,airborne_gamma_uSvph,8.292575960825722,0.04738448111013869,0.1995604106748571
2025-08-08 13:23:00,airborne_gamma_uSvph,8.289081154313301,0.04738448111013869,0.1995604106748571
2025-08-08 13:24:00,airborne_gamma_uSvph,8.341405986992577,0.04738448111013869,0.1995604106748571
2025-08-08 13:25:00,airborne_gamma_uSvph,8.330644819520025,0.04738448111013869,0.1995604106748571
2025-08-08 13:26:00,airborne_gamma_uSvph,8.215245551320347,0.04738448111013869,0.1995604106748571
2025-08-08 13:27:00,airborne_gamma_uSvph,8.428177676032483,0.04738448111013869,0.1995604106748571
2025-08-08 13:28:00,airborne_gamma_uSvph,8.324541285744687,0.04738448111013869,0.1995604106748571
2025-08-08 13:29:00,airborne_gamma_uSvph,8.472727567383764,0.04738448111013869,0.1995604106748571
2025-08-08 13:30:00,airborne_gamma_uSvph,8.531934610493426,0.04738448111013869,0.1995604106748571
2025-08-08 13:31:00,airborne_gamma_uSvph,8.478046909049146,0.04738448111013869,0.1995604106748571
2025-08-08 13:32:00,airborne_gamma_uSvph,8.569142850409866,0.04738448111013869,0.1995604106748571
2025-08-08 13:33:00,airborne_gamma_uSvph,8.557646957535358,0.04738448111013869,0.1995604106748571
2025-08-08 13:34:00,airborne_gamma_uSvph,8.527494352537378,0.04738448111013869,0.1995604106748571
2025-08-08 13:35:00,airborne_gamma_uSvph,8.607790395453405,0.04738448111013869,0.1995604106748571
2025-08-08 13:36:00,airborne_gamma_uSvph,8.555258199652533,0.04738448111013869,0.1995604106748571
2025-08-08 13:37:00,airborne_gamma_uSvph,8.700862117581451,0.04738448111013869,0.1995604106748571
2025-08-08 13:38:00,airborne_gamma_uSvph,8.607071514305675,0.04738448111013869,0.1995604106748571
2025-08-08 13:39:00,airborne_gamma_uSvph,8.666256753227236,0.04738448111013869,0.1995604106748571
2025-08-08 13:40:00,airborne_gamma_uSvph,8.690299689233802,0.04738448111013869,0.1995604106748571
2025-08-08 13:41:00,airborne_gamma_uSvph,8.657010717421358,0.04738448111013869,0.1995604106748571
2025-08-08 13:42:00,airborne_gamma_uSvph,8.771014641408426,0.04738448111013869,0.1995604106748571
2025-08-08 13:43:00,airborne_gamma_uSvph,8.889138972715159,0.04738448111013869,0.1995604106748571
2025-08-08 13:44:00,airborne_gamma_uSvph,8.91087480645323,0.04738448111013869,0.1995604106748571
2025-08-08 13:45:00,airborne_gamma_uSvph,8.884734717270145,0.04738448111013869,0.1995604106748571
2025-08-08 13:46:00,airborne_gamma_uSvph,8.900002400576424,0.04738448111013869,0.1995604106748571
2025-08-08 13:47:00,airborne_gamma_uSvph,8.880904741827967,0.04738448111013869,0.1995604106748571
2025-08-08 13:48:00,airborne_gamma_uSvph,8.990036953530879,0.04738448111013869,0.1995604106748571
2025-08-08 13:49:00,airborne_gamma_uSvph,8.98585598812204,0.04738448111013869,0.1995604106748571
2025-08-08 13:50:00,airborne_gamma_uSvph,8.873444241898529,0.04738448111013869,0.1995604106748571
2025-08-08 13:51:00,airborne_gamma_uSvph,9.018457756648663,0.04738448111013869,0.1995604106748571
2025-08-08 13:52:00,airborne_gamma_uSvph,9.157094427098633,0.04738448111013869,0.1995604106748571
2025-08-08 13:53:00,airborne_gamma_uSvph,9.157094427098633,0.04738448111013869,0.1995604106748571
2025-08-08 13:54:00,airborne_gamma_uSvph,9.145205590842393,0.04738448111013869,0.1995604106748571
2025-08-08 13:55:00,airborne_gamma_uSvph,9.169580692589369,0.04738448111013869,0.1995604106748571
2025-08-08 13:56:00,airborne_gamma_uSvph,9.173273981191018,0.04738448111013869,0.1995604106748571
2025-08-08 13:57:00,airborne_gamma_uSvph,9.193477881868438,0.04738448111013869,0.1995604106748571
2025-08-08 13:58:00,airborne_gamma_uSvph,9.217505189696814,0.04738448111013869,0.1995604106748571
2025-08-08 13:59:00,airborne_gamma_uSvph,9.220799588939846,0.04738448111013869,0.1995604106748571
2025-08-08 14:00:00,airborne_gamma_uSvph,9.357089640884944,0.04738448111013869,0.1995604106748571
2025-08-08 14:01:00,airborne_gamma_uSvph,9.220483185655208,0.04738448111013869,0.1995604106748571
2025-08-08 14:02:00,airborne_gamma_uSvph,9.324498061192392,0.04738448111013869,0.1995604106748571
2025-08-08 14:03:00,airborne_gamma_uSvph,9.32628105458515,0.04738448111013869,0.1995604106748571
2025-08-08 14:04:00,airborne_gamma_uSvph,9.321410349840695,0.04738448111013869,0.1995604106748571
2025-08-08 14:05:00,airborne_gamma_uSvph,9.36816044550594,0.04738448111013869,0.1995604106748571
2025-08-08 14:06:00,airborne_gamma_uSvph,9.580068222164511,0.04738448111013869,0.1995604106748571
2025-08-08 14:07:00,airborne_gamma_uSvph,9.542132499803332,0.04738448111013869,0.1995604106748571
2025-08-08 14:08:00,airborne_gamma_uSvph,9.55333116571507,0.04738448111013869,0.1995604106748571
2025-08-08 14:09:00,airborne_gamma_uSvph,9.51841147316896,0.04738448111013869,0.1995604106748571
2025-08-08 14:10:00,airborne_gamma_uSvph,9.651561844360446,0.04738448111013869,0.1995604106748571
2025-08-08 14:11:00,airborne_gamma_uSvph,9.59673191387298,0.04738448111013869,0.1995604106748571
2025-08-08 14:12:00,airborne_gamma_uSvph,9.657123623783498,0.04738448111013869,0.1995604106748571
2025-08-08 14:13:00,airborne_gamma_uSvph,9.648178702947837,0.04738448111013869,0.1995604106748571
2025-08-08 14:14:00,airborne_gamma_uSvph,9.721231781459633,0.04738448111013869,0.1995604106748571
2025-08-08 14:15:00,airborne_gamma_uSvph,9.612703950373096,0.04738448111013869,0.1995604106748571
2025-08-08 14:16:00,airborne_gamma_uSvph,9.766428597931665,0.04738448111013869,0.1995604106748571
2025-08-08 18:08:00,airborne_gamma_uSvph,0.0411796140243428,0.04738448111013869,0.1995604106748571
2025-08-08 18:38:00,airborne_gamma_uSvph,0.0391601089863713,0.04738448111013869,0.1995604106748571
2025-08-09 04:01:00,airborne_gamma_uSvph,1.053837369060038,0.04738448111013869,0.1995604106748571
2025-08-09 04:02:00,airborne_gamma_uSvph,1.0778755091626673,0.04738448111013869,0.1995604106748571
2025-08-09 04:03:00,airborne_gamma_uSvph,1.239099291876822,0.04738448111013869,0.1995604106748571
2025-08-09 04:04:00,airborne_gamma_uSvph,1.1585085065980514,0.04738448111013869,0.1995604106748571
2025-08-09 04:05:00,airborne_gamma_uSvph,1.282900372332981,0.04738448111013869,0.1995604106748571
2025-08-09 04:06:00,airborne_gamma_uSvph,1.1963933283044947,0.04738448111013869,0.1995604106748571
2025-08-09 04:07:00,airborne_gamma_uSvph,1.1218149255737997,0.04738448111013869,0.1995604106748571
2025-08-09 04:08:00,airborne_gamma_uSvph,1.3431883274770666,0.04738448111013869,0.1995604106748571
2025-08-09 04:09:00,airborne_gamma_uSvph,1.3561605689502088,0.04738448111013869,0.1995604106748571
2025-08-09 04:10:00,airborne_gamma_uSvph,1.4188379013325447,0.04738448111013869,0.1995604106748571
2025-08-09 04:11:00,airborne_gamma_uSvph,1.486425667986859,0.04738448111013869,0.1995604106748571
2025-08-09 04:12:00,airborne_gamma_uSvph,1.4165476594331197,0.04738448111013869,0.1995604106748571
2025-08-09 04:13:00,airborne_gamma_uSvph,1.431389791543453,0.04738448111013869,0.1995604106748571
2025-08-09 04:14:00,airborne_gamma_uSvph,1.3710159287673631,0.04738448111013869,0.1995604106748571
2025-08-09 04:15:00,airborne_gamma_uSvph,1.4991732509887978,0.04738448111013869,0.1995604106748571
2025-08-09 04:16:00,airborne_gamma_uSvph,1.587095100213225,0.04738448111013869,0.1995604106748571
2025-08-09 04:17:00,airborne_gamma_uSvph,1.6318674653426528,0.04738448111013869,0.1995604106748571
2025-08-09 04:18:00,airborne_gamma_uSvph,1.643819926474694,0.04738448111013869,0.1995604106748571
2025-08-09 04:19:00,airborne_gamma_uSvph,1.6981230369226492,0.04738448111013869,0.1995604106748571
2025-08-09 04:20:00,airborne_gamma_uSvph,1.554872116826587,0.04738448111013869,0.1995604106748571
2025-08-09 04:21:00,airborne_gamma_uSvph,1.739050785246027,0.04738448111013869,0.1995604106748571
2025-08-09 04:22:00,airborne_gamma_uSvph,1.6526929916523818,0.04738448111013869,0.1995604106748571
2025-08-09 04:23:00,airborne_gamma_uSvph,1.7224361466112277,0.04738448111013869,0.1995604106748571
2025-08-09 04:24:00,airborne_gamma_uSvph,1.844980423359048,0.04738448111013869,0.1995604106748571
2025-08-09 04:25:00,airborne_gamma_uSvph,1.864871393841797,0.04738448111013869,0.1995604106748571
2025-08-09 04:26:00,airborne_gamma_uSvph,1.7751628651530815,0.04738448111013869,0.1995604106748571
2025-08-09 04:27:00,airborne_gamma_uSvph,2.0447196040065734,0.04738448111013869,0.1995604106748571
2025-08-09 04:28:00,airborne_gamma_uSvph,1.8471836391978185,0.04738448111013869,0.1995604106748571
2025-08-09 04:29:00,airborne_gamma_uSvph,1.9177289060569989,0.04738448111013869,0.1995604106748571
2025-08-09 04:30:00,airborne_gamma_uSvph,2.029268415681089,0.04738448111013869,0.1995604106748571
2025-08-09 04:31:00,airborne_gamma_uSvph,1.971510934227232,0.04738448111013869,0.1995604106748571
2025-08-09 04:32:00,airborne_gamma_uSvph,2.078231418156305,0.04738448111013869,0.1995604106748571
2025-08-09 04:33:00,airborne_gamma_uSvph,2.069244507033177,0.04738448111013869,0.1995604106748571
2025-08-09 04:34:00,airborne_gamma_uSvph,2.117097714197325,0.04738448111013869,0.1995604106748571
2025-08-09 04:35:00,airborne_gamma_uSvph,2.207181303733341,0.04738448111013869,0.1995604106748571
2025-08-09 04:36:00,airborne_gamma_uSvph,2.1733903027330936,0.04738448111013869,0.1995604106748571
2025-08-09 04:37:00,airborne_gamma_uSvph,2.229077949445853,0.04738448111013869,0.1995604106748571
2025-08-09 04:38:00,airborne_gamma_uSvph,2.299851717365787,0.04738448111013869,0.1995604106748571
2025-08-09 04:39:00,airborne_gamma_uSvph,2.212317866994237,0.04738448111013869,0.1995604106748571
2025-08-09 04:40:00,airborne_gamma_uSvph,2.279826293276426,0.04738448111013869,0.1995604106748571
2025-08-09 04:41:00,airborne_gamma_uSvph,2.297020020304533,0.04738448111013869,0.1995604106748571
2025-08-09 04:42:00,airborne_gamma_uSvph,2.3379561004904983,0.04738448111013869,0.1995604106748571
2025-08-09 04:43:00,airborne_gamma_uSvph,2.4483085878277064,0.04738448111013869,0.1995604106748571
2025-08-09 04:44:00,airborne_gamma_uSvph,2.523605833329362,0.04738448111013869,0.1995604106748571
2025-08-09 04:45:00,airborne_gamma_uSvph,2.4857075863919293,0.04738448111013869,0.1995604106748571
2025-08-09 04:46:00,airborne_gamma_uSvph,2.5707748658378584,0.04738448111013869,0.1995604106748571
2025-08-09 04:47:00,airborne_gamma_uSvph,2.4774997577471853,0.04738448111013869,0.1995604106748571
2025-08-09 04:48:00,airborne_gamma_uSvph,2.503993683467448,0.04738448111013869,0.1995604106748571
2025-08-09 04:49:00,airborne_gamma_uSvph,2.455744315574368,0.04738448111013869,0.1995604106748571
2025-08-09 04:50:00,airborne_gamma_uSvph,2.707618255555651,0.04738448111013869,0.1995604106748571
2025-08-09 04:51:00,airborne_gamma_uSvph,2.690815805643185,0.04738448111013869,0.1995604106748571
2025-08-09 04:52:00,airborne_gamma_uSvph,2.7117187371958167,0.04738448111013869,0.1995604106748571
2025-08-09 04:53:00,airborne_gamma_uSvph,2.7376307287981465,0.04738448111013869,0.1995604106748571
2025-08-09 04:54:00,airborne_gamma_uSvph,2.6549746441566517,0.04738448111013869,0.1995604106748571
2025-08-09 04:55:00,airborne_gamma_uSvph,2.8763064189465983,0.04738448111013869,0.1995604106748571
2025-08-09 04:56:00,airborne_gamma_uSvph,2.828580044311819,0.04738448111013869,0.1995604106748571
2025-08-09 04:57:00,airborne_gamma_uSvph,2.8602244101088594,0.04738448111013869,0.1995604106748571
2025-08-09 04:58:00,airborne_gamma_uSvph,2.940730035609875,0.04738448111013869,0.1995604106748571
2025-08-09 04:59:00,airborne_gamma_uSvph,2.826086579319578,0.04738448111013869,0.1995604106748571
2025-08-09 05:00:00,airborne_gamma_uSvph,2.9852866974758525,0.04738448111013869,0.1995604106748571
2025-08-09 05:01:00,airborne_gamma_uSvph,3.015561615217784,0.04738448111013869,0.1995604106748571
2025-08-09 05:02:00,airborne_gamma_uSvph,2.906239785164147,0.04738448111013869,0.1995604106748571
2025-08-09 05:03:00,airborne_gamma_uSvph,3.020177537848298,0.04738448111013869,0.1995604106748571
2025-08-09 05:04:00,airborne_gamma_uSvph,3.0488051758397314,0.04738448111013869,0.1995604106748571
2025-08-09 05:05:00,airborne_gamma_uSvph,3.104530606269479,0.04738448111013869,0.1995604106748571
2025-08-09 05:06:00,airborne_gamma_uSvph,3.1299531171689683,0.04738448111013869,0.1995604106748571
2025-08-09 05:07:00,airborne_gamma_uSvph,3.105235302736621,0.04738448111013869,0.1995604106748571
2025-08-09 05:08:00,airborne_gamma_uSvph,3.305036475240136,0.04738448111013869,0.1995604106748571
2025-08-09 05:09:00,airborne_gamma_uSvph,3.2392470492449443,0.04738448111013869,0.1995604106748571
2025-08-09 05:10:00,airborne_gamma_uSvph,3.298464807064882,0.04738448111013869,0.1995604106748571
2025-08-09 05:11:00,airborne_gamma_uSvph,3.296317135069609,0.04738448111013869,0.1995604106748571
2025-08-09 05:12:00,airborne_gamma_uSvph,3.3513293460874194,0.04738448111013869,0.1995604106748571
2025-08-09 05:13:00,airborne_gamma_uSvph,3.356558896973874,0.04738448111013869,0.1995604106748571
2025-08-09 05:14:00,airborne_gamma_uSvph,3.340042641834589,0.04738448111013869,0.1995604106748571
2025-08-09 05:15:00,airborne_gamma_uSvph,3.4055398329110464,0.04738448111013869,0.1995604106748571
2025-08-09 05:16:00,airborne_gamma_uSvph,3.422407588238776,0.04738448111013869,0.1995604106748571
2025-08-09 05:17:00,airborne_gamma_uSvph,3.4751400737444658,0.04738448111013869,0.1995604106748571
2025-08-09 05:18:00,airborne_gamma_uSvph,3.521859680115229,0.04738448111013869,0.1995604106748571
2025-08-09 05:19:00,airborne_gamma_uSvph,3.578435846898324,0.04738448111013869,0.1995604106748571
2025-08-09 05:20:00,airborne_gamma_uSvph,3.536909581106465,0.04738448111013869,0.1995604106748571
2025-08-09 05:21:00,airborne_gamma_uSvph,3.645029756936258,0.04738448111013869,0.1995604106748571
2025-08-09 05:22:00,airborne_gamma_uSvph,3.5195794813654504,0.04738448111013869,0.1995604106748571
2025-08-09 05:23:00,airborne_gamma_uSvph,3.734751490050174,0.04738448111013869,0.1995604106748571
2025-08-09 05:24:00,airborne_gamma_uSvph,3.652212441753663,0.04738448111013869,0.1995604106748571
2025-08-09 05:25:00,airborne_gamma_uSvph,3.641572219360472,0.04738448111013869,0.1995604106748571
2025-08-09 05:26:00,airborne_gamma_uSvph,3.811435880893323,0.04738448111013869,0.1995604106748571
2025-08-09 05:27:00,airborne_gamma_uSvph,3.7783895213493306,0.04738448111013869,0.1995604106748571
2025-08-09 05:28:00,airborne_gamma_uSvph,3.7582275569231847,0.04738448111013869,0.1995604106748571
2025-08-09 05:29:00,airborne_gamma_uSvph,3.8691185161435886,0.04738448111013869,0.1995604106748571
2025-08-09 05:30:00,airborne_gamma_uSvph,3.8686541657548954,0.04738448111013869,0.1995604106748571
2025-08-09 05:31:00,airborne_gamma_uSvph,3.9547534054292353,0.04738448111013869,0.1995604106748571
2025-08-09 05:32:00,airborne_gamma_uSvph,3.986884829613139,0.04738448111013869,0.1995604106748571
2025-08-09 05:33:00,airborne_gamma_uSvph,3.9955642589705818,0.04738448111013869,0.1995604106748571
2025-08-09 05:34:00,airborne_gamma_uSvph,3.948210247645464,0.04738448111013869,0.1995604106748571
2025-08-09 05:35:00,airborne_gamma_uSvph,4.061674334933439,0.04738448111013869,0.1995604106748571
2025-08-09 05:36:00,airborne_gamma_uSvph,4.006329053915353,0.04738448111013869,0.1995604106748571
2025-08-09 05:37:00,airborne_gamma_uSvph,4.084959806679479,0.04738448111013869,0.1995604106748571
2025-08-09 05:38:00,airborne_gamma_uSvph,4.13388779520468,0.04738448111013869,0.1995604106748571
2025-08-09 05:39:00,airborne_gamma_uSvph,4.240662084812739,0.04738448111013869,0.1995604106748571
2025-08-09 05:40:00,airborne_gamma_uSvph,4.2212950741376,0.04738448111013869,0.1995604106748571
2025-08-09 05:41:00,airborne_gamma_uSvph,4.263728342293003,0.04738448111013869,0.1995604106748571
2025-08-09 05:42:00,airborne_gamma_uSvph,4.26540763994326,0.04738448111013869,0.1995604106748571
2025-08-09 05:43:00,airborne_gamma_uSvph,4.273079969795074,0.04738448111013869,0.1995604106748571
2025-08-09 05:44:00,airborne_gamma_uSvph,4.368537279400002,0.04738448111013869,0.1995604106748571
2025-08-09 05:45:00,airborne_gamma_uSvph,4.405078099287321,0.04738448111013869,0.1995604106748571
2025-08-09 05:46:00,airborne_gamma_uSvph,4.451083738120505,0.04738448111013869,0.1995604106748571
2025-08-09 05:47:00,airborne_gamma_uSvph,4.491919718520503,0.04738448111013869,0.1995604106748571
2025-08-09 05:48:00,airborne_gamma_uSvph,4.419210356013556,0.04738448111013869,0.1995604106748571
2025-08-09 05:49:00,airborne_gamma_uSvph,4.530030799698408,0.04738448111013869,0.1995604106748571
2025-08-09 05:50:00,airborne_gamma_uSvph,4.541782391274784,0.04738448111013869,0.1995604106748571
2025-08-09 05:51:00,airborne_gamma_uSvph,4.554008585657319,0.04738448111013869,0.1995604106748571
2025-08-09 05:52:00,airborne_gamma_uSvph,4.57199238245607,0.04738448111013869,0.1995604106748571
2025-08-09 05:53:00,airborne_gamma_uSvph,4.638069371691671,0.04738448111013869,0.1995604106748571
2025-08-09 05:54:00,airborne_gamma_uSvph,4.752293439384819,0.04738448111013869,0.1995604106748571
2025-08-09 05:55:00,airborne_gamma_uSvph,4.722283533486522,0.04738448111013869,0.1995604106748571
2025-08-09 05:56:00,airborne_gamma_uSvph,4.679987442798588,0.04738448111013869,0.1995604106748571
2025-08-09 05:57:00,airborne_gamma_uSvph,4.831536157092224,0.04738448111013869,0.1995604106748571
2025-08-09 05:58:00,airborne_gamma_uSvph,4.8558631632280935,0.04738448111013869,0.1995604106748571
2025-08-09 05:59:00,airborne_gamma_uSvph,4.835946630659077,0.04738448111013869,0.1995604106748571
2025-08-09 06:00:00,airborne_gamma_uSvph,4.838747949548601,0.04738448111013869,0.1995604106748571
2025-08-09 06:01:00,airborne_gamma_uSvph,4.866105672815085,0.04738448111013869,0.1995604106748571
2025-08-09 06:02:00,airborne_gamma_uSvph,4.913461062739862,0.04738448111013869,0.1995604106748571
2025-08-09 06:03:00,airborne_gamma_uSvph,5.016864549754625,0.04738448111013869,0.1995604106748571
2025-08-09 06:04:00,airborne_gamma_uSvph,4.970230665153151,0.04738448111013869,0.1995604106748571
2025-08-09 06:05:00,airborne_gamma_uSvph,5.063204468079959,0.04738448111013869,0.1995604106748571
2025-08-09 06:06:00,airborne_gamma_uSvph,5.039953443815857,0.04738448111013869,0.1995604106748571
2025-08-09 06:07:00,airborne_gamma_uSvph,5.065986917488827,0.04738448111013869,0.1995604106748571
2025-08-09 06:08:00,airborne_gamma_uSvph,5.12137696529276,0.04738448111013869,0.1995604106748571
2025-08-09 06:09:00,airborne_gamma_uSvph,5.209889145298579,0.04738448111013869,0.1995604106748571
2025-08-09 06:10:00,airborne_gamma_uSvph,5.257488051142921,0.04738448111013869,0.1995604106748571
2025-08-09 06:11:00,airborne_gamma_uSvph,5.269401555262873,0.04738448111013869,0.1995604106748571
2025-08-09 06:12:00,airborne_gamma_uSvph,5.195212534939918,0.04738448111013869,0.1995604106748571
2025-08-09 06:13:00,airborne_gamma_uSvph,5.318529434903613,0.04738448111013869,0.1995604106748571
2025-08-09 06:14:00,airborne_gamma_uSvph,5.390160234620297,0.04738448111013869,0.1995604106748571
2025-08-09 06:15:00,airborne_gamma_uSvph,5.380291833684114,0.04738448111013869,0.1995604106748571
2025-08-09 06:16:00,airborne_gamma_uSvph,5.34985216428257,0.04738448111013869,0.1995604106748571
2025-08-09 06:17:00,airborne_gamma_uSvph,5.483662437757739,0.04738448111013869,0.1995604106748571
2025-08-09 06:18:00,airborne_gamma_uSvph,5.397276424883306,0.04738448111013869,0.1995604106748571
2025-08-09 06:19:00,airborne_gamma_uSvph,5.428861115776455,0.04738448111013869,0.1995604106748571
2025-08-09 06:20:00,airborne_gamma_uSvph,5.486720957342543,0.04738448111013869,0.1995604106748571
2025-08-09 06:21:00,airborne_gamma_uSvph,5.489426780357449,0.04738448111013869,0.1995604106748571
2025-08-09 06:22:00,airborne_gamma_uSvph,5.639312488180332,0.04738448111013869,0.1995604106748571
2025-08-09 06:23:00,airborne_gamma_uSvph,5.601271972878616,0.04738448111013869,0.1995604106748571
2025-08-09 06:24:00,airborne_gamma_uSvph,5.635051240641824,0.04738448111013869,0.1995604106748571
2025-08-09 06:25:00,airborne_gamma_uSvph,5.536152613054942,0.04738448111013869,0.1995604106748571
2025-08-09 06:26:00,airborne_gamma_uSvph,5.694469737730582,0.04738448111013869,0.1995604106748571
2025-08-09 18:51:00,airborne_gamma_uSvph,0.0462818211582443,0.04738448111013869,0.1995604106748571
2025-08-09 22:29:00,airborne_gamma_uSvph,1.7702748603899432,0.04738448111013869,0.1995604106748571
2025-08-09 22:30:00,airborne_gamma_uSvph,1.964338069693111,0.04738448111013869,0.1995604106748571
2025-08-09 22:31:00,airborne_gamma_uSvph,1.928225876111222,0.04738448111013869,0.1995604106748571
2025-08-09 22:32:00,airborne_gamma_uSvph,1.928225876111222,0.04738448111013869,0.1995604106748571
2025-08-09 22:33:00,airborne_gamma_uSvph,2.05028366612907,0.04738448111013869,0.1995604106748571
2025-08-09 22:34:00,airborne_gamma_uSvph,1.972144949054346,0.04738448111013869,0.1995604106748571
2025-08-09 22:35:00,airborne_gamma_uSvph,1.9134634595910591,0.04738448111013869,0.1995604106748571
2025-08-09 22:36:00,airborne_gamma_uSvph,1.9963643916303144,0.04738448111013869,0.1995604106748571
2025-08-09 22:37:00,airborne_gamma_uSvph,2.077631354903774,0.04738448111013869,0.1995604106748571
2025-08-09 22:38:00,airborne_gamma_uSvph,2.117739255861545,0.04738448111013869,0.1995604106748571
2025-08-09 22:39:00,airborne_gamma_uSvph,2.095897670677969,0.04738448111013869,0.1995604106748571
2025-08-09 22:40:00,airborne_gamma_uSvph,2.039008147762663,0.04738448111013869,0.1995604106748571
2025-08-09 22:41:00,airborne_gamma_uSvph,2.087350525151456,0.04738448111013869,0.1995604106748571
2025-08-09 22:42:00,airborne_gamma_uSvph,2.2526585245735378,0.04738448111013869,0.1995604106748571
2025-08-09 22:43:00,airborne_gamma_uSvph,2.246809956463335,0.04738448111013869,0.1995604106748571
2025-08-09 22:44:00,airborne_gamma_uSvph,2.2984980638215657,0.04738448111013869,0.1995604106748571
2025-08-09 22:45:00,airborne_gamma_uSvph,2.185973448921754,0.04738448111013869,0.1995604106748571
2025-08-09 22:46:00,airborne_gamma_uSvph,2.251142723520178,0.04738448111013869,0.1995604106748571
2025-08-09 22:47:00,airborne_gamma_uSvph,2.3508277094644563,0.04738448111013869,0.1995604106748571
2025-08-09 22:48:00,airborne_gamma_uSvph,2.2667442936416737,0.04738448111013869,0.1995604106748571
2025-08-09 22:49:00,airborne_gamma_uSvph,2.3080287036065195,0.04738448111013869,0.1995604106748571
2025-08-09 22:50:00,airborne_gamma_uSvph,2.200291001525021,0.04738448111013869,0.1995604106748571
2025-08-09 22:51:00,airborne_gamma_uSvph,2.429827473019475,0.04738448111013869,0.1995604106748571
2025-08-09 22:52:00,airborne_gamma_uSvph,2.3701666640688783,0.04738448111013869,0.1995604106748571
2025-08-09 22:53:00,airborne_gamma_uSvph,2.515237676811071,0.04738448111013869,0.1995604106748571
2025-08-09 22:54:00,airborne_gamma_uSvph,2.462341556220778,0.04738448111013869,0.1995604106748571
2025-08-09 22:55:00,airborne_gamma_uSvph,2.4193630365445755,0.04738448111013869,0.1995604106748571
2025-08-09 22:56:00,airborne_gamma_uSvph,2.4916046215633223,0.04738448111013869,0.1995604106748571
2025-08-09 22:57:00,airborne_gamma_uSvph,2.502872085266906,0.04738448111013869,0.1995604106748571
2025-08-09 22:58:00,airborne_gamma_uSvph,2.629526350395426,0.04738448111013869,0.1995604106748571
2025-08-09 22:59:00,airborne_gamma_uSvph,2.634152706584345,0.04738448111013869,0.1995604106748571
2025-08-09 23:00:00,airborne_gamma_uSvph,2.6316850609049225,0.04738448111013869,0.1995604106748571
2025-08-09 23:01:00,airborne_gamma_uSvph,2.627447383903561,0.04738448111013869,0.1995604106748571
2025-08-09 23:02:00,airborne_gamma_uSvph,2.6938858448270704,0.04738448111013869,0.1995604106748571
2025-08-09 23:03:00,airborne_gamma_uSvph,2.849772323491907,0.04738448111013869,0.1995604106748571
2025-08-09 23:04:00,airborne_gamma_uSvph,2.791748345547856,0.04738448111013869,0.1995604106748571
2025-08-09 23:05:00,airborne_gamma_uSvph,2.749514965609944,0.04738448111013869,0.1995604106748571
2025-08-09 23:06:00,airborne_gamma_uSvph,2.9063647292821,0.04738448111013869,0.1995604106748571
2025-08-09 23:07:00,airborne_gamma_uSvph,2.8274051854669966,0.04738448111013869,0.1995604106748571
2025-08-09 23:08:00,airborne_gamma_uSvph,2.9166238496495525,0.04738448111013869,0.1995604106748571
2025-08-09 23:09:00,airborne_gamma_uSvph,2.8890085285907614,0.04738448111013869,0.1995604106748571
2025-08-09 23:10:00,airborne_gamma_uSvph,2.8428001064400257,0.04738448111013869,0.1995604106748571
2025-08-09 23:11:00,airborne_gamma_uSvph,2.964406921689496,0.04738448111013869,0.1995604106748571
2025-08-09 23:12:00,airborne_gamma_uSvph,2.989268353244824,0.04738448111013869,0.1995604106748571
2025-08-09 23:13:00,airborne_gamma_uSvph,3.049269031737947,0.04738448111013869,0.1995604106748571
2025-08-09 23:14:00,airborne_gamma_uSvph,2.8801425629983046,0.04738448111013869,0.1995604106748571
2025-08-09 23:15:00,airborne_gamma_uSvph,3.1054590735093304,0.04738448111013869,0.1995604106748571
2025-08-09 23:16:00,airborne_gamma_uSvph,3.07801133593999,0.04738448111013869,0.1995604106748571
2025-08-09 23:17:00,airborne_gamma_uSvph,3.1445850375990747,0.04738448111013869,0.1995604106748571
2025-08-09 23:18:00,airborne_gamma_uSvph,3.031211588140142,0.04738448111013869,0.1995604106748571
2025-08-09 23:19:00,airborne_gamma_uSvph,3.1097252972986023,0.04738448111013869,0.1995604106748571
2025-08-09 23:20:00,airborne_gamma_uSvph,3.1527371963379007,0.04738448111013869,0.1995604106748571
2025-08-09 23:21:00,airborne_gamma_uSvph,3.2176318025374,0.04738448111013869,0.1995604106748571
2025-08-09 23:22:00,airborne_gamma_uSvph,3.1161819886745885,0.04738448111013869,0.1995604106748571
2025-08-09 23:23:00,airborne_gamma_uSvph,3.2659641235053254,0.04738448111013869,0.1995604106748571
2025-08-09 23:24:00,airborne_gamma_uSvph,3.220578053978145,0.04738448111013869,0.1995604106748571
2025-08-09 23:25:00,airborne_gamma_uSvph,3.175671871928782,0.04738448111013869,0.1995604106748571
2025-08-09 23:26:00,airborne_gamma_uSvph,3.353362190802877,0.04738448111013869,0.1995604106748571
2025-08-09 23:27:00,airborne_gamma_uSvph,3.321353275445903,0.04738448111013869,0.1995604106748571
2025-08-09 23:28:00,airborne_gamma_uSvph,3.345090125101151,0.04738448111013869,0.1995604106748571
2025-08-09 23:29:00,airborne_gamma_uSvph,3.3383997282213382,0.04738448111013869,0.1995604106748571
2025-08-09 23:30:00,airborne_gamma_uSvph,3.413914289359047,0.04738448111013869,0.1995604106748571
2025-08-09 23:31:00,airborne_gamma_uSvph,3.3060909074009475,0.04738448111013869,0.1995604106748571
2025-08-09 23:32:00,airborne_gamma_uSvph,3.491012684511998,0.04738448111013869,0.1995604106748571
2025-08-09 23:33:00,airborne_gamma_uSvph,3.4984363609845857,0.04738448111013869,0.1995604106748571
2025-08-09 23:34:00,airborne_gamma_uSvph,3.459376076841128,0.04738448111013869,0.1995604106748571
2025-08-09 23:35:00,airborne_gamma_uSvph,3.42525716886843,0.04738448111013869,0.1995604106748571
2025-08-09 23:36:00,airborne_gamma_uSvph,3.434553632481239,0.04738448111013869,0.1995604106748571
2025-08-09 23:37:00,airborne_gamma_uSvph,3.4332683941849917,0.04738448111013869,0.1995604106748571
2025-08-09 23:38:00,airborne_gamma_uSvph,3.678941520547227,0.04738448111013869,0.1995604106748571
2025-08-09 23:39:00,airborne_gamma_uSvph,3.673604035687271,0.04738448111013869,0.1995604106748571
2025-08-09 23:40:00,airborne_gamma_uSvph,3.565210892811733,0.04738448111013869,0.1995604106748571
2025-08-09 23:41:00,airborne_gamma_uSvph,3.6937459603646974,0.04738448111013869,0.1995604106748571
2025-08-09 23:42:00,airborne_gamma_uSvph,3.7155657897702494,0.04738448111013869,0.1995604106748571
2025-08-09 23:43:00,airborne_gamma_uSvph,3.724289064515741,0.04738448111013869,0.1995604106748571
2025-08-09 23:44:00,airborne_gamma_uSvph,3.742821702569996,0.04738448111013869,0.1995604106748571
2025-08-09 23:45:00,airborne_gamma_uSvph,3.689007323853665,0.04738448111013869,0.1995604106748571
2025-08-09 23:46:00,airborne_gamma_uSvph,3.75317037728184,0.04738448111013869,0.1995604106748571
2025-08-09 23:47:00,airborne_gamma_uSvph,3.8709566805059272,0.04738448111013869,0.1995604106748571
2025-08-09 23:48:00,airborne_gamma_uSvph,3.947160205034215,0.04738448111013869,0.1995604106748571
2025-08-09 23:49:00,airborne_gamma_uSvph,3.947160205034215,0.04738448111013869,0.1995604106748571
2025-08-09 23:50:00,airborne_gamma_uSvph,3.8770086465332234,0.04738448111013869,0.1995604106748571
2025-08-09 23:51:00,airborne_gamma_uSvph,4.031527652590236,0.04738448111013869,0.1995604106748571
2025-08-09 23:52:00,airborne_gamma_uSvph,4.004055171796932,0.04738448111013869,0.1995604106748571
2025-08-09 23:53:00,airborne_gamma_uSvph,4.094223379805281,0.04738448111013869,0.1995604106748571
2025-08-09 23:54:00,airborne_gamma_uSvph,4.066054397081008,0.04738448111013869,0.1995604106748571
2025-08-09 23:55:00,airborne_gamma_uSvph,4.071121864736536,0.04738448111013869,0.1995604106748571
2025-08-09 23:56:00,airborne_gamma_uSvph,4.110332808401829,0.04738448111013869,0.1995604106748571
2025-08-09 23:57:00,airborne_gamma_uSvph,4.050584268030383,0.04738448111013869,0.1995604106748571
2025-08-09 23:58:00,airborne_gamma_uSvph,4.1515623009012925,0.04738448111013869,0.1995604106748571
2025-08-09 23:59:00,airborne_gamma_uSvph,4.321098207955072,0.04738448111013869,0.1995604106748571
2025-08-10 00:00:00,airborne_gamma_uSvph,4.223481395862783,0.04738448111013869,0.1995604106748571
2025-08-10 00:01:00,airborne_gamma_uSvph,4.19484201686901,0.04738448111013869,0.1995604106748571
2025-08-10 00:02:00,airborne_gamma_uSvph,4.216140689407481,0.04738448111013869,0.1995604106748571
2025-08-10 00:03:00,airborne_gamma_uSvph,4.150176015210794,0.04738448111013869,0.1995604106748571
2025-08-10 00:04:00,airborne_gamma_uSvph,4.319057224798089,0.04738448111013869,0.1995604106748571
2025-08-10 00:05:00,airborne_gamma_uSvph,4.337117989245533,0.04738448111013869,0.1995604106748571
2025-08-10 00:06:00,airborne_gamma_uSvph,4.344952515542951,0.04738448111013869,0.1995604106748571
2025-08-10 00:07:00,airborne_gamma_uSvph,4.35219989401789,0.04738448111013869,0.1995604106748571
2025-08-10 00:08:00,airborne_gamma_uSvph,4.382180538293343,0.04738448111013869,0.1995604106748571
2025-08-10 00:09:00,airborne_gamma_uSvph,4.368802509019552,0.04738448111013869,0.1995604106748571
2025-08-10 00:10:00,airborne_gamma_uSvph,4.547416271777871,0.04738448111013869,0.1995604106748571
2025-08-10 00:11:00,airborne_gamma_uSvph,4.435888101056125,0.04738448111013869,0.1995604106748571
2025-08-10 00:12:00,airborne_gamma_uSvph,4.451001017805332,0.04738448111013869,0.1995604106748571
2025-08-10 00:13:00,airborne_gamma_uSvph,4.5043264439961614,0.04738448111013869,0.1995604106748571
2025-08-10 00:14:00,airborne_gamma_uSvph,4.591542688717605,0.04738448111013869,0.1995604106748571
2025-08-10 00:15:00,airborne_gamma_uSvph,4.575033634003192,0.04738448111013869,0.1995604106748571
2025-08-10 00:16:00,airborne_gamma_uSvph,4.627447973369454,0.04738448111013869,0.1995604106748571
2025-08-10 00:17:00,airborne_gamma_uSvph,4.6406942508022135,0.04738448111013869,0.1995604106748571
2025-08-10 00:18:00,airborne_gamma_uSvph,4.670582965759954,0.04738448111013869,0.1995604106748571
2025-08-10 00:19:00,airborne_gamma_uSvph,4.7890129235560455,0.04738448111013869,0.1995604106748571
2025-08-10 00:20:00,airborne_gamma_uSvph,4.7032970698249805,0.04738448111013869,0.1995604106748571
2025-08-10 00:21:00,airborne_gamma_uSvph,4.717299494450755,0.04738448111013869,0.1995604106748571
2025-08-10 00:22:00,airborne_gamma_uSvph,4.77775261972783,0.04738448111013869,0.1995604106748571
2025-08-10 00:23:00,airborne_gamma_uSvph,4.806028573571553,0.04738448111013869,0.1995604106748571
2025-08-10 00:24:00,airborne_gamma_uSvph,4.80391161812257,0.04738448111013869,0.1995604106748571
2025-08-10 00:25:00,airborne_gamma_uSvph,4.789413122325599,0.04738448111013869,0.1995604106748571
2025-08-10 00:26:00,airborne_gamma_uSvph,4.848276379636458,0.04738448111013869,0.1995604106748571
2025-08-10 00:27:00,airborne_gamma_uSvph,4.767130514311932,0.04738448111013869,0.1995604106748571
2025-08-10 00:28:00,airborne_gamma_uSvph,4.857515332298037,0.04738448111013869,0.1995604106748571
2025-08-10 00:29:00,airborne_gamma_uSvph,4.950077243616765,0.04738448111013869,0.1995604106748571
2025-08-10 00:30:00,airborne_gamma_uSvph,4.949004797408196,0.04738448111013869,0.1995604106748571
2025-08-10 00:31:00,airborne_gamma_uSvph,4.938416131812351,0.04738448111013869,0.1995604106748571
2025-08-10 00:32:00,airborne_gamma_uSvph,5.012015711489924,0.04738448111013869,0.1995604106748571
2025-08-10 00:33:00,airborne_gamma_uSvph,5.058480117709809,0.04738448111013869,0.1995604106748571
2025-08-10 00:34:00,airborne_gamma_uSvph,5.02081630695962,0.04738448111013869,0.1995604106748571
2025-08-10 00:35:00,airborne_gamma_uSvph,5.1008487708508,0.04738448111013869,0.1995604106748571
2025-08-10 00:36:00,airborne_gamma_uSvph,5.028226535398634,0.04738448111013869,0.1995604106748571
2025-08-10 00:37:00,airborne_gamma_uSvph,5.027534494075104,0.04738448111013869,0.1995604106748571
2025-08-10 00:38:00,airborne_gamma_uSvph,5.0241785104008505,0.04738448111013869,0.1995604106748571
2025-08-10 00:39:00,airborne_gamma_uSvph,5.1723189669932,0.04738448111013869,0.1995604106748571
2025-08-10 00:40:00,airborne_gamma_uSvph,5.272524602697937,0.04738448111013869,0.1995604106748571
2025-08-10 00:41:00,airborne_gamma_uSvph,5.23570692840267,0.04738448111013869,0.1995604106748571
2025-08-10 00:42:00,airborne_gamma_uSvph,5.356329601046855,0.04738448111013869,0.1995604106748571
2025-08-10 00:43:00,airborne_gamma_uSvph,5.298105610924106,0.04738448111013869,0.1995604106748571
2025-08-10 00:44:00,airborne_gamma_uSvph,5.278938693525904,0.04738448111013869,0.1995604106748571
2025-08-10 00:45:00,airborne_gamma_uSvph,5.249041354768277,0.04738448111013869,0.1995604106748571
2025-08-10 00:46:00,airborne_gamma_uSvph,5.4074166588507335,0.04738448111013869,0.1995604106748571
2025-08-10 00:47:00,airborne_gamma_uSvph,5.381185847777545,0.04738448111013869,0.1995604106748571
2025-08-10 00:48:00,airborne_gamma_uSvph,5.465264932540119,0.04738448111013869,0.1995604106748571
2025-08-10 00:49:00,airborne_gamma_uSvph,5.448786859789711,0.04738448111013869,0.1995604106748571
2025-08-10 00:50:00,airborne_gamma_uSvph,5.377590366748208,0.04738448111013869,0.1995604106748571
2025-08-10 00:51:00,airborne_gamma_uSvph,5.53543708844914,0.04738448111013869,0.1995604106748571
2025-08-10 00:52:00,airborne_gamma_uSvph,5.6280600190056935,0.04738448111013869,0.1995604106748571
2025-08-10 00:53:00,airborne_gamma_uSvph,5.610987841437056,0.04738448111013869,0.1995604106748571
2025-08-10 00:54:00,airborne_gamma_uSvph,5.621321381080145,0.04738448111013869,0.1995604106748571
2025-08-10 00:55:00,airborne_gamma_uSvph,5.615099389050562,0.04738448111013869,0.1995604106748571
2025-08-10 00:56:00,airborne_gamma_uSvph,5.617506950239597,0.04738448111013869,0.1995604106748571
2025-08-10 00:57:00,airborne_gamma_uSvph,5.600254850781794,0.04738448111013869,0.1995604106748571
2025-08-10 00:58:00,airborne_gamma_uSvph,5.621347000269259,0.04738448111013869,0.1995604106748571
2025-08-10 00:59:00,airborne_gamma_uSvph,5.707631581277899,0.04738448111013869,0.1995604106748571
2025-08-10 01:00:00,airborne_gamma_uSvph,5.699092386806078,0.04738448111013869,0.1995604106748571
2025-08-10 01:01:00,airborne_gamma_uSvph,5.766803243246283,0.04738448111013869,0.1995604106748571
2025-08-10 01:02:00,airborne_gamma_uSvph,5.650878719653666,0.04738448111013869,0.1995604106748571
2025-08-10 01:03:00,airborne_gamma_uSvph,5.765360820165381,0.04738448111013869,0.1995604106748571
2025-08-10 01:04:00,airborne_gamma_uSvph,5.781026309432734,0.04738448111013869,0.1995604106748571
2025-08-10 01:05:00,airborne_gamma_uSvph,5.89239336592868,0.04738448111013869,0.1995604106748571
2025-08-10 01:06:00,airborne_gamma_uSvph,5.905511625382772,0.04738448111013869,0.1995604106748571
2025-08-10 01:07:00,airborne_gamma_uSvph,5.861706957219426,0.04738448111013869,0.1995604106748571
2025-08-10 01:08:00,airborne_gamma_uSvph,5.947533357462265,0.04738448111013869,0.1995604106748571
2025-08-10 01:09:00,airborne_gamma_uSvph,5.96230468251211,0.04738448111013869,0.1995604106748571
2025-08-10 01:10:00,airborne_gamma_uSvph,5.901461989534799,0.04738448111013869,0.1995604106748571
2025-08-10 01:11:00,airborne_gamma_uSvph,6.032515250938729,0.04738448111013869,0.1995604106748571
2025-08-10 01:12:00,airborne_gamma_uSvph,5.992482648517697,0.04738448111013869,0.1995604106748571
2025-08-10 01:13:00,airborne_gamma_uSvph,6.139514952639551,0.04738448111013869,0.1995604106748571
2025-08-10 01:14:00,airborne_gamma_uSvph,6.065898849330769,0.04738448111013869,0.1995604106748571
2025-08-10 01:15:00,airborne_gamma_uSvph,6.085409572969344,0.04738448111013869,0.1995604106748571
2025-08-10 01:16:00,airborne_gamma_uSvph,6.107421347256666,0.04738448111013869,0.1995604106748571
2025-08-10 01:17:00,airborne_gamma_uSvph,6.161500283400114,0.04738448111013869,0.1995604106748571
2025-08-10 01:18:00,airborne_gamma_uSvph,6.230630332350276,0.04738448111013869,0.1995604106748571
2025-08-10 01:19:00,airborne_gamma_uSvph,6.230630332350276,0.04738448111013869,0.1995604106748571
2025-08-10 01:20:00,airborne_gamma_uSvph,6.258709269978856,0.04738448111013869,0.1995604106748571
2025-08-10 01:21:00,airborne_gamma_uSvph,6.233637672852636,0.04738448111013869,0.1995604106748571
2025-08-10 01:22:00,airborne_gamma_uSvph,6.279764543145788,0.04738448111013869,0.1995604106748571
2025-08-10 01:23:00,airborne_gamma_uSvph,6.301396631718309,0.04738448111013869,0.1995604106748571
2025-08-10 01:24:00,airborne_gamma_uSvph,6.3441509713347095,0.04738448111013869,0.1995604106748571
2025-08-10 01:25:00,airborne_gamma_uSvph,6.246406256757725,0.04738448111013869,0.1995604106748571
2025-08-10 01:26:00,airborne_gamma_uSvph,6.375903255761494,0.04738448111013869,0.1995604106748571
2025-08-10 01:27:00,airborne_gamma_uSvph,6.457062435091772,0.04738448111013869,0.1995604106748571
2025-08-10 01:28:00,airborne_gamma_uSvph,6.480456947460764,0.04738448111013869,0.1995604106748571
2025-08-10 01:29:00,airborne_gamma_uSvph,6.556598768653316,0.04738448111013869,0.1995604106748571
2025-08-10 01:30:00,airborne_gamma_uSvph,6.546735873141664,0.04738448111013869,0.1995604106748571
2025-08-10 01:31:00,airborne_gamma_uSvph,6.537459897776108,0.04738448111013869,0.1995604106748571
2025-08-10 01:32:00,airborne_gamma_uSvph,6.490802585795573,0.04738448111013869,0.1995604106748571
2025-08-10 01:33:00,airborne_gamma_uSvph,6.584088155823608,0.04738448111013869,0.1995604106748571
2025-08-10 01:34:00,airborne_gamma_uSvph,6.477521328985162,0.04738448111013869,0.1995604106748571
2025-08-10 01:35:00,airborne_gamma_uSvph,6.551504854448012,0.04738448111013869,0.1995604106748571
2025-08-10 01:36:00,airborne_gamma_uSvph,6.686495508563186,0.04738448111013869,0.1995604106748571
2025-08-10 01:37:00,airborne_gamma_uSvph,6.640150450578844,0.04738448111013869,0.1995604106748571
2025-08-10 01:38:00,airborne_gamma_uSvph,6.741464197380099,0.04738448111013869,0.1995604106748571
2025-08-10 01:39:00,airborne_gamma_uSvph,6.795084269297927,0.04738448111013869,0.1995604106748571
2025-08-10 01:40:00,airborne_gamma_uSvph,6.69137027302037,0.04738448111013869,0.1995604106748571
2025-08-10 01:41:00,airborne_gamma_uSvph,6.85227082739888,0.04738448111013869,0.1995604106748571
2025-08-10 01:42:00,airborne_gamma_uSvph,6.808455603242565,0.04738448111013869,0.1995604106748571
2025-08-10 01:43:00,airborne_gamma_uSvph,6.769189786763373,0.04738448111013869,0.1995604106748571
2025-08-10 01:44:00,airborne_gamma_uSvph,6.921928527707882,0.04738448111013869,0.1995604106748571
2025-08-10 01:45:00,airborne_gamma_uSvph,6.954550765562642,0.04738448111013869,0.1995604106748571
2025-08-10 01:46:00,airborne_gamma_uSvph,6.93537857476979,0.04738448111013869,0.1995604106748571
2025-08-10 01:47:00,airborne_gamma_uSvph,6.8713570381402285,0.04738448111013869,0.1995604106748571
2025-08-10 01:48:00,airborne_gamma_uSvph,6.925050818269621,0.04738448111013869,0.1995604106748571
2025-08-10 01:49:00,airborne_gamma_uSvph,6.946947528051456,0.04738448111013869,0.1995604106748571
2025-08-10 01:50:00,airborne_gamma_uSvph,7.061174664641619,0.04738448111013869,0.1995604106748571
2025-08-10 01:51:00,airborne_gamma_uSvph,7.04865052899097,0.04738448111013869,0.1995604106748571
2025-08-10 01:52:00,airborne_gamma_uSvph,7.065932076262256,0.04738448111013869,0.1995604106748571
2025-08-10 01:53:00,airborne_gamma_uSvph,6.995617218822551,0.04738448111013869,0.1995604106748571
2025-08-10 01:54:00,airborne_gamma_uSvph,7.073902207887338,0.04738448111013869,0.1995604106748571
2025-08-10 01:55:00,airborne_gamma_uSvph,7.115515260869302,0.04738448111013869,0.1995604106748571
2025-08-10 01:56:00,airborne_gamma_uSvph,7.264550853925059,0.04738448111013869,0.1995604106748571
2025-08-10 01:57:00,airborne_gamma_uSvph,7.303984329661347,0.04738448111013869,0.1995604106748571
2025-08-10 01:58:00,airborne_gamma_uSvph,7.242314755417804,0.04738448111013869,0.1995604106748571
2025-08-10 01:59:00,airborne_gamma_uSvph,7.217013752948622,0.04738448111013869,0.1995604106748571
2025-08-10 02:00:00,airborne_gamma_uSvph,7.215910256260138,0.04738448111013869,0.1995604106748571
2025-08-10 02:01:00,airborne_gamma_uSvph,7.243234950503065,0.04738448111013869,0.1995604106748571
2025-08-10 02:02:00,airborne_gamma_uSvph,7.265287488513241,0.04738448111013869,0.1995604106748571
2025-08-10 02:03:00,airborne_gamma_uSvph,7.28279658104786,0.04738448111013869,0.1995604106748571
2025-08-10 02:04:00,airborne_gamma_uSvph,7.383139560470326,0.04738448111013869,0.1995604106748571
2025-08-10 02:05:00,airborne_gamma_uSvph,7.472348535577823,0.04738448111013869,0.1995604106748571
2025-08-10 02:06:00,airborne_gamma_uSvph,7.391454261103136,0.04738448111013869,0.1995604106748571
2025-08-10 02:07:00,airborne_gamma_uSvph,7.497195805182112,0.04738448111013869,0.1995604106748571
2025-08-10 02:08:00,airborne_gamma_uSvph,7.398295583795829,0.04738448111013869,0.1995604106748571
2025-08-10 02:09:00,airborne_gamma_uSvph,7.459080312746645,0.04738448111013869,0.1995604106748571
2025-08-10 02:10:00,airborne_gamma_uSvph,7.473547178239412,0.04738448111013869,0.1995604106748571
2025-08-10 02:11:00,airborne_gamma_uSvph,7.489418675723432,0.04738448111013869,0.1995604106748571
2025-08-10 02:12:00,airborne_gamma_uSvph,7.588794866078167,0.04738448111013869,0.1995604106748571
2025-08-10 02:13:00,airborne_gamma_uSvph,7.68602371248597,0.04738448111013869,0.1995604106748571
2025-08-10 02:14:00,airborne_gamma_uSvph,7.58484627258063,0.04738448111013869,0.1995604106748571
2025-08-10 02:15:00,airborne_gamma_uSvph,7.74335110739876,0.04738448111013869,0.1995604106748571
2025-08-10 02:16:00,airborne_gamma_uSvph,7.680141224874253,0.04738448111013869,0.1995604106748571
2025-08-10 02:17:00,airborne_gamma_uSvph,7.734060847637933,0.04738448111013869,0.1995604106748571
2025-08-10 02:18:00,airborne_gamma_uSvph,7.807777033124149,0.04738448111013869,0.1995604106748571
2025-08-10 02:19:00,airborne_gamma_uSvph,7.793996358140431,0.04738448111013869,0.1995604106748571
2025-08-10 02:20:00,airborne_gamma_uSvph,7.849986909132503,0.04738448111013869,0.1995604106748571
2025-08-10 02:21:00,airborne_gamma_uSvph,7.840723853950602,0.04738448111013869,0.1995604106748571
2025-08-10 02:22:00,airborne_gamma_uSvph,7.900666487075183,0.04738448111013869,0.1995604106748571
2025-08-10 02:23:00,airborne_gamma_uSvph,7.786656414933336,0.04738448111013869,0.1995604106748571
2025-08-10 02:24:00,airborne_gamma_uSvph,7.844777769880071,0.04738448111013869,0.1995604106748571
2025-08-10 02:25:00,airborne_gamma_uSvph,7.956633170187465,0.04738448111013869,0.1995604106748571
2025-08-10 02:26:00,airborne_gamma_uSvph,7.9339739170371795,0.04738448111013869,0.1995604106748571
2025-08-10 02:27:00,airborne_gamma_uSvph,8.011749405279103,0.04738448111013869,0.1995604106748571
2025-08-10 02:28:00,airborne_gamma_uSvph,7.988339859390259,0.04738448111013869,0.1995604106748571
2025-08-10 02:29:00,airborne_gamma_uSvph,7.9678751103698655,0.04738448111013869,0.1995604106748571
2025-08-10 02:30:00,airborne_gamma_uSvph,8.000620232124412,0.04738448111013869,0.1995604106748571
2025-08-10 02:31:00,airborne_gamma_uSvph,7.992941706580446,0.04738448111013869,0.1995604106748571
2025-08-10 02:32:00,airborne_gamma_uSvph,8.201713780520016,0.04738448111013869,0.1995604106748571
2025-08-10 02:33:00,airborne_gamma_uSvph,8.12737956037911,0.04738448111013869,0.1995604106748571
2025-08-10 02:34:00,airborne_gamma_uSvph,8.10779470560097,0.04738448111013869,0.1995604106748571
2025-08-10 02:35:00,airborne_gamma_uSvph,8.109870043927593,0.04738448111013869,0.1995604106748571
2025-08-10 02:36:00,airborne_gamma_uSvph,8.17086231047821,0.04738448111013869,0.1995604106748571
2025-08-10 02:37:00,airborne_gamma_uSvph,8.151035977227924,0.04738448111013869,0.1995604106748571
2025-08-10 02:38:00,airborne_gamma_uSvph,8.193833855443145,0.04738448111013869,0.1995604106748571
2025-08-10 02:39:00,airborne_gamma_uSvph,8.289514397893058,0.04738448111013869,0.1995604106748571
2025-08-10 02:40:00,airborne_gamma_uSvph,8.373543268020233,0.04738448111013869,0.1995604106748571
2025-08-10 02:41:00,airborne_gamma_uSvph,8.198460055527246,0.04738448111013869,0.1995604106748571
2025-08-10 02:42:00,airborne_gamma_uSvph,8.343612622902869,0.04738448111013869,0.1995604106748571
2025-08-10 02:43:00,airborne_gamma_uSvph,8.428266125021429,0.04738448111013869,0.1995604106748571
2025-08-10 02:44:00,airborne_gamma_uSvph,8.385624542287147,0.04738448111013869,0.1995604106748571
2025-08-10 02:45:00,airborne_gamma_uSvph,8.452425742527954,0.04738448111013869,0.1995604106748571
2025-08-10 02:46:00,airborne_gamma_uSvph,8.348350856404842,0.04738448111013869,0.1995604106748571
2025-08-10 02:47:00,airborne_gamma_uSvph,8.435116121943238,0.04738448111013869,0.1995604106748571
2025-08-10 02:48:00,airborne_gamma_uSvph,8.51911027704292,0.04738448111013869,0.1995604106748571
2025-08-10 02:49:00,airborne_gamma_uSvph,8.534208168941118,0.04738448111013869,0.1995604106748571
2025-08-10 02:50:00,airborne_gamma_uSvph,8.585395509988304,0.04738448111013869,0.1995604106748571
2025-08-10 02:51:00,airborne_gamma_uSvph,8.521222221556203,0.04738448111013869,0.1995604106748571
2025-08-10 02:52:00,airborne_gamma_uSvph,8.632990611534577,0.04738448111013869,0.1995604106748571
2025-08-10 02:53:00,airborne_gamma_uSvph,8.650913443903693,0.04738448111013869,0.1995604106748571
2025-08-10 02:54:00,airborne_gamma_uSvph,8.653123026356603,0.04738448111013869,0.1995604106748571
2025-08-10 02:55:00,airborne_gamma_uSvph,8.69154465532019,0.04738448111013869,0.1995604106748571
2025-08-10 02:56:00,airborne_gamma_uSvph,8.666421822646837,0.04738448111013869,0.1995604106748571
2025-08-10 02:57:00,airborne_gamma_uSvph,8.64992739249737,0.04738448111013869,0.1995604106748571
2025-08-10 02:58:00,airborne_gamma_uSvph,8.743501632240596,0.04738448111013869,0.1995604106748571
2025-08-10 02:59:00,airborne_gamma_uSvph,8.837250092387743,0.04738448111013869,0.1995604106748571
2025-08-10 03:00:00,airborne_gamma_uSvph,8.773139533903084,0.04738448111013869,0.1995604106748571
2025-08-10 03:01:00,airborne_gamma_uSvph,8.840431695201753,0.04738448111013869,0.1995604106748571
2025-08-10 03:02:00,airborne_gamma_uSvph,8.928894050574788,0.04738448111013869,0.1995604106748571
2025-08-10 03:03:00,airborne_gamma_uSvph,8.934746904627916,0.04738448111013869,0.1995604106748571
2025-08-10 03:04:00,airborne_gamma_uSvph,8.863275373889607,0.04738448111013869,0.1995604106748571
2025-08-10 03:05:00,airborne_gamma_uSvph,8.967938161749666,0.04738448111013869,0.1995604106748571
2025-08-10 03:06:00,airborne_gamma_uSvph,9.0146228423041,0.04738448111013869,0.1995604106748571
2025-08-10 03:07:00,airborne_gamma_uSvph,9.048029763604823,0.04738448111013869,0.1995604106748571
2025-08-10 03:08:00,airborne_gamma_uSvph,9.01220591635918,0.04738448111013869,0.1995604106748571
2025-08-10 03:09:00,airborne_gamma_uSvph,8.913688813226312,0.04738448111013869,0.1995604106748571
2025-08-10 03:10:00,airborne_gamma_uSvph,9.082750153277557,0.04738448111013869,0.1995604106748571
2025-08-10 03:11:00,airborne_gamma_uSvph,9.07531513207412,0.04738448111013869,0.1995604106748571
2025-08-10 03:12:00,airborne_gamma_uSvph,9.026566431742754,0.04738448111013869,0.1995604106748571
2025-08-10 03:13:00,airborne_gamma_uSvph,9.203090543337073,0.04738448111013869,0.1995604106748571
2025-08-10 03:14:00,airborne_gamma_uSvph,9.182165758589182,0.04738448111013869,0.1995604106748571
2025-08-10 03:15:00,airborne_gamma_uSvph,9.176930252302132,0.04738448111013869,0.1995604106748571
2025-08-10 03:16:00,airborne_gamma_uSvph,9.176930252302132,0.04738448111013869,0.1995604106748571
2025-08-10 03:17:00,airborne_gamma_uSvph,9.245359353209809,0.04738448111013869,0.1995604106748571
2025-08-10 03:18:00,airborne_gamma_uSvph,9.287897726232227,0.04738448111013869,0.1995604106748571
2025-08-10 03:19:00,airborne_gamma_uSvph,9.273883523479778,0.04738448111013869,0.1995604106748571
2025-08-10 03:20:00,airborne_gamma_uSvph,9.264632611122876,0.04738448111013869,0.1995604106748571
2025-08-10 03:21:00,airborne_gamma_uSvph,9.39738686548688,0.04738448111013869,0.1995604106748571
2025-08-10 03:22:00,airborne_gamma_uSvph,9.449007844669357,0.04738448111013869,0.1995604106748571
2025-08-10 03:23:00,airborne_gamma_uSvph,9.422419650442766,0.04738448111013869,0.1995604106748571
2025-08-10 03:24:00,airborne_gamma_uSvph,9.382090822213062,0.04738448111013869,0.1995604106748571
2025-08-10 03:25:00,airborne_gamma_uSvph,9.398227067040764,0.04738448111013869,0.1995604106748571
2025-08-10 03:26:00,airborne_gamma_uSvph,9.43846322750128,0.04738448111013869,0.1995604106748571
2025-08-10 03:27:00,airborne_gamma_uSvph,9.464137586986874,0.04738448111013869,0.1995604106748571
2025-08-10 03:28:00,airborne_gamma_uSvph,9.597435114069476,0.04738448111013869,0.1995604106748571
2025-08-10 03:29:00,airborne_gamma_uSvph,9.576688891689187,0.04738448111013869,0.1995604106748571
2025-08-10 03:30:00,airborne_gamma_uSvph,9.60130242991062,0.04738448111013869,0.1995604106748571
2025-08-10 03:31:00,airborne_gamma_uSvph,9.63699774996672,0.04738448111013869,0.1995604106748571
2025-08-10 03:32:00,airborne_gamma_uSvph,9.75041883363292,0.04738448111013869,0.1995604106748571
2025-08-10 03:33:00,airborne_gamma_uSvph,9.647204974076429,0.04738448111013869,0.1995604106748571
2025-08-10 03:34:00,airborne_gamma_uSvph,9.656324822171005,0.04738448111013869,0.1995604106748571
2025-08-10 03:35:00,airborne_gamma_uSvph,9.767743270207912,0.04738448111013869,0.1995604106748571
2025-08-10 03:36:00,airborne_gamma_uSvph,9.666480622004464,0.04738448111013869,0.1995604106748571
2025-08-10 03:37:00,airborne_gamma_uSvph,9.693344914819386,0.04738448111013869,0.1995604106748571
2025-08-10 03:38:00,airborne_gamma_uSvph,9.808079827773224,0.04738448111013869,0.1995604106748571
2025-08-10 03:39:00,airborne_gamma_uSvph,9.812024391662984,0.04738448111013869,0.1995604106748571
2025-08-10 03:40:00,airborne_gamma_uSvph,9.808188226048603,0.04738448111013869,0.1995604106748571
2025-08-10 03:41:00,airborne_gamma_uSvph,9.823986158427996,0.04738448111013869,0.1995604106748571
2025-08-10 03:42:00,airborne_gamma_uSvph,9.879322126716891,0.04738448111013869,0.1995604106748571
2025-08-10 03:43:00,airborne_gamma_uSvph,9.888545951262946,0.04738448111013869,0.1995604106748571
2025-08-10 03:44:00,airborne_gamma_uSvph,9.955860259689269,0.04738448111013869,0.1995604106748571
2025-08-10 03:45:00,airborne_gamma_uSvph,9.93997093510897,0.04738448111013869,0.1995604106748571
2025-08-10 03:46:00,airborne_gamma_uSvph,9.99202227168302,0.04738448111013869,0.1995604106748571
2025-08-10 03:47:00,airborne_gamma_uSvph,10.000789145746213,0.04738448111013869,0.1995604106748571
2025-08-10 03:48:00,airborne_gamma_uSvph,10.018061871807715,0.04738448111013869,0.1995604106748571
2025-08-10 03:49:00,airborne_gamma_uSvph,9.942330513233008,0.04738448111013869,0.1995604106748571
2025-08-10 03:50:00,airborne_gamma_uSvph,10.078487622042775,0.04738448111013869,0.1995604106748571
2025-08-10 03:51:00,airborne_gamma_uSvph,10.020187095686772,0.04738448111013869,0.1995604106748571
2025-08-10 03:52:00,airborne_gamma_uSvph,10.020187095686772,0.04738448111013869,0.1995604106748571
2025-08-10 03:53:00,airborne_gamma_uSvph,10.24283334630002,0.04738448111013869,0.1995604106748571
2025-08-10 03:54:00,airborne_gamma_uSvph,10.198866400081153,0.04738448111013869,0.1995604106748571
2025-08-10 03:55:00,airborne_gamma_uSvph,10.253029401268131,0.04738448111013869,0.1995604106748571
2025-08-10 03:56:00,airborne_gamma_uSvph,10.379847570535906,0.04738448111013869,0.1995604106748571
2025-08-10 03:57:00,airborne_gamma_uSvph,10.20302574331529,0.04738448111013869,0.1995604106748571
2025-08-10 03:58:00,airborne_gamma_uSvph,10.343210941297109,0.04738448111013869,0.1995604106748571
2025-08-10 03:59:00,airborne_gamma_uSvph,10.343210941297109,0.04738448111013869,0.1995604106748571
2025-08-10 04:00:00,airborne_gamma_uSvph,10.327322291721554,0.04738448111013869,0.1995604106748571
2025-08-10 04:01:00,airborne_gamma_uSvph,10.445109453617212,0.04738448111013869,0.1995604106748571
2025-08-10 04:02:00,airborne_gamma_uSvph,10.426241588137431,0.04738448111013869,0.1995604106748571
2025-08-10 04:03:00,airborne_gamma_uSvph,10.42451538463519,0.04738448111013869,0.1995604106748571
2025-08-10 04:04:00,airborne_gamma_uSvph,10.487167302598989,0.04738448111013869,0.1995604106748571
2025-08-10 04:05:00,airborne_gamma_uSvph,10.379428057992076,0.04738448111013869,0.1995604106748571
2025-08-10 04:06:00,airborne_gamma_uSvph,10.482500126068173,0.04738448111013869,0.1995604106748571
2025-08-10 19:14:00,airborne_gamma_uSvph,0.0391690133969727,0.04738448111013869,0.1995604106748571
2025-08-10 22:44:00,airborne_gamma_uSvph,0.0428322731572788,0.04738448111013869,0.1995604106748571
2025-08-11 04:29:00,airborne_gamma_uSvph,0.2054081631441885,0.04738448111013869,0.1995604106748571
2025-08-11 16:44:00,airborne_gamma_uSvph,0.0370227163039199,0.04738448111013869,0.1995604106748571
2025-08-12 13:21:00,airborne_gamma_uSvph,0.0237655815878727,0.04738448111013869,0.1995604106748571
2025-08-12 15:35:00,airborne_gamma_uSvph,0.0422018120512793,0.04738448111013869,0.1995604106748571
2025-08-12 19:33:00,airborne_gamma_uSvph,0.0342680611383048,0.04738448111013869,0.1995604106748571
2025-08-13 02:20:00,airborne_gamma_uSvph,0.2060281956222846,0.04738448111013869,0.1995604106748571
2025-08-13 14:53:00,airborne_gamma_uSvph,1.2098282949421293,0.04738448111013869,0.1995604106748571
2025-08-13 14:54:00,airborne_gamma_uSvph,4.383861957578612,0.04738448111013869,0.1995604106748571
2025-08-13 14:55:00,airborne_gamma_uSvph,1.4965302686758448,0.04738448111013869,0.1995604106748571
2025-08-13 14:56:00,airborne_gamma_uSvph,4.823354197617432,0.04738448111013869,0.1995604106748571
2025-08-13 14:57:00,airborne_gamma_uSvph,2.727408821722761,0.04738448111013869,0.1995604106748571
2025-08-13 14:58:00,airborne_gamma_uSvph,4.309694054244682,0.04738448111013869,0.1995604106748571
2025-08-13 14:59:00,airborne_gamma_uSvph,2.418308783161345,0.04738448111013869,0.1995604106748571
2025-08-13 15:00:00,airborne_gamma_uSvph,1.3989012112043475,0.04738448111013869,0.1995604106748571
2025-08-13 15:01:00,airborne_gamma_uSvph,4.867277365584017,0.04738448111013869,0.1995604106748571
2025-08-13 15:02:00,airborne_gamma_uSvph,1.2184442410395395,0.04738448111013869,0.1995604106748571
2025-08-13 15:03:00,airborne_gamma_uSvph,2.7609376144989435,0.04738448111013869,0.1995604106748571
2025-08-13 15:04:00,airborne_gamma_uSvph,2.4117605556870703,0.04738448111013869,0.1995604106748571
2025-08-13 15:05:00,airborne_gamma_uSvph,1.5366730008090488,0.04738448111013869,0.1995604106748571
2025-08-13 15:06:00,airborne_gamma_uSvph,4.92172497474669,0.04738448111013869,0.1995604106748571
2025-08-13 15:07:00,airborne_gamma_uSvph,2.3549072800285624,0.04738448111013869,0.1995604106748571
2025-08-13 15:08:00,airborne_gamma_uSvph,2.1076637328304884,0.04738448111013869,0.1995604106748571
2025-08-13 15:09:00,airborne_gamma_uSvph,3.6563304060497424,0.04738448111013869,0.1995604106748571
2025-08-13 15:10:00,airborne_gamma_uSvph,1.690615267382919,0.04738448111013869,0.1995604106748571
2025-08-13 15:11:00,airborne_gamma_uSvph,1.8641566074708036,0.04738448111013869,0.1995604106748571
2025-08-13 15:12:00,airborne_gamma_uSvph,3.4594790560348105,0.04738448111013869,0.1995604106748571
2025-08-13 15:13:00,airborne_gamma_uSvph,4.245749566606485,0.04738448111013869,0.1995604106748571
2025-08-13 15:14:00,airborne_gamma_uSvph,3.290714449634262,0.04738448111013869,0.1995604106748571
2025-08-13 15:15:00,airborne_gamma_uSvph,4.134024217146864,0.04738448111013869,0.1995604106748571
2025-08-13 15:16:00,airborne_gamma_uSvph,4.0132326982059245,0.04738448111013869,0.1995604106748571
2025-08-13 15:17:00,airborne_gamma_uSvph,2.8845961389226584,0.04738448111013869,0.1995604106748571
2025-08-13 15:18:00,airborne_gamma_uSvph,4.740341751301246,0.04738448111013869,0.1995604106748571
2025-08-13 15:19:00,airborne_gamma_uSvph,5.093733259455967,0.04738448111013869,0.1995604106748571
2025-08-13 15:20:00,airborne_gamma_uSvph,4.690440541180806,0.04738448111013869,0.1995604106748571
2025-08-13 15:21:00,airborne_gamma_uSvph,2.7171869198318075,0.04738448111013869,0.1995604106748571
2025-08-13 15:22:00,airborne_gamma_uSvph,4.3121356789733465,0.04738448111013869,0.1995604106748571
2025-08-13 15:23:00,airborne_gamma_uSvph,1.9998338416875587,0.04738448111013869,0.1995604106748571
2025-08-13 15:24:00,airborne_gamma_uSvph,3.2579012424516867,0.04738448111013869,0.1995604106748571
2025-08-13 15:25:00,airborne_gamma_uSvph,1.1289963961059593,0.04738448111013869,0.1995604106748571
2025-08-13 15:26:00,airborne_gamma_uSvph,1.0070122379777628,0.04738448111013869,0.1995604106748571
2025-08-13 15:27:00,airborne_gamma_uSvph,1.0852447593881644,0.04738448111013869,0.1995604106748571
2025-08-13 15:28:00,airborne_gamma_uSvph,4.568861068000609,0.04738448111013869,0.1995604106748571
2025-08-13 15:29:00,airborne_gamma_uSvph,1.9759244603820216,0.04738448111013869,0.1995604106748571
2025-08-13 15:30:00,airborne_gamma_uSvph,3.588148960743248,0.04738448111013869,0.1995604106748571
2025-08-13 15:31:00,airborne_gamma_uSvph,0.65071056335123,0.04738448111013869,0.1995604106748571
2025-08-13 15:32:00,airborne_gamma_uSvph,3.4276857914174044,0.04738448111013869,0.1995604106748571
2025-08-13 15:33:00,airborne_gamma_uSvph,1.1043981679825383,0.04738448111013869,0.1995604106748571
2025-08-13 15:34:00,airborne_gamma_uSvph,0.9848803731798772,0.04738448111013869,0.1995604106748571
2025-08-13 15:35:00,airborne_gamma_uSvph,4.065238884217612,0.04738448111013869,0.1995604106748571
2025-08-13 15:36:00,airborne_gamma_uSvph,2.260582184701057,0.04738448111013869,0.1995604106748571
2025-08-13 15:37:00,airborne_gamma_uSvph,4.200169453527837,0.04738448111013869,0.1995604106748571
2025-08-13 15:38:00,airborne_gamma_uSvph,4.189096426178643,0.04738448111013869,0.1995604106748571
2025-08-13 15:39:00,airborne_gamma_uSvph,3.955101712183328,0.04738448111013869,0.1995604106748571
2025-08-13 15:40:00,airborne_gamma_uSvph,1.4571788294978332,0.04738448111013869,0.1995604106748571
2025-08-13 15:41:00,airborne_gamma_uSvph,2.9172927608719963,0.04738448111013869,0.1995604106748571
2025-08-13 15:42:00,airborne_gamma_uSvph,4.992270713485738,0.04738448111013869,0.1995604106748571
2025-08-13 15:43:00,airborne_gamma_uSvph,1.6143778577327776,0.04738448111013869,0.1995604106748571
2025-08-13 15:44:00,airborne_gamma_uSvph,2.7120733382949247,0.04738448111013869,0.1995604106748571
2025-08-13 15:45:00,airborne_gamma_uSvph,4.647094840335584,0.04738448111013869,0.1995604106748571
2025-08-13 15:46:00,airborne_gamma_uSvph,2.745130808797852,0.04738448111013869,0.1995604106748571
2025-08-13 15:47:00,airborne_gamma_uSvph,4.885153008717543,0.04738448111013869,0.1995604106748571
2025-08-13 15:52:00,airborne_gamma_uSvph,0.045286761073949,0.04738448111013869,0.1995604106748571
2025-08-13 18:50:00,airborne_gamma_uSvph,0.0360507299007927,0.04738448111013869,0.1995604106748571
2025-08-13 20:56:00,airborne_gamma_uSvph,1.7480876478523102,0.04738448111013869,0.1995604106748571
2025-08-13 20:57:00,airborne_gamma_uSvph,1.8194462362781791,0.04738448111013869,0.1995604106748571
2025-08-13 20:58:00,airborne_gamma_uSvph,1.8913063944784785,0.04738448111013869,0.1995604106748571
2025-08-13 20:59:00,airborne_gamma_uSvph,2.004584967091105,0.04738448111013869,0.1995604106748571
2025-08-13 21:00:00,airborne_gamma_uSvph,1.9585333091159287,0.04738448111013869,0.1995604106748571
2025-08-13 21:01:00,airborne_gamma_uSvph,1.9253545540702488,0.04738448111013869,0.1995604106748571
2025-08-13 21:02:00,airborne_gamma_uSvph,2.059397565547544,0.04738448111013869,0.1995604106748571
2025-08-13 21:03:00,airborne_gamma_uSvph,2.1710704459565733,0.04738448111013869,0.1995604106748571
2025-08-13 21:04:00,airborne_gamma_uSvph,2.291910177579786,0.04738448111013869,0.1995604106748571
2025-08-13 21:05:00,airborne_gamma_uSvph,2.298376081570664,0.04738448111013869,0.1995604106748571
2025-08-13 21:06:00,airborne_gamma_uSvph,2.293879032990494,0.04738448111013869,0.1995604106748571
2025-08-13 21:07:00,airborne_gamma_uSvph,2.208343444016605,0.04738448111013869,0.1995604106748571
2025-08-13 21:08:00,airborne_gamma_uSvph,2.411895489611755,0.04738448111013869,0.1995604106748571
2025-08-13 21:09:00,airborne_gamma_uSvph,2.466979962429716,0.04738448111013869,0.1995604106748571
2025-08-13 21:10:00,airborne_gamma_uSvph,2.519267939312631,0.04738448111013869,0.1995604106748571
2025-08-13 21:11:00,airborne_gamma_uSvph,2.5557285525353004,0.04738448111013869,0.1995604106748571
2025-08-13 21:12:00,airborne_gamma_uSvph,2.5557285525353004,0.04738448111013869,0.1995604106748571
2025-08-13 21:13:00,airborne_gamma_uSvph,2.4868905273246806,0.04738448111013869,0.1995604106748571
2025-08-13 21:14:00,airborne_gamma_uSvph,2.6221775301836434,0.04738448111013869,0.1995604106748571
2025-08-13 21:15:00,airborne_gamma_uSvph,2.689582966646016,0.04738448111013869,0.1995604106748571
2025-08-13 21:16:00,airborne_gamma_uSvph,2.6731220631928503,0.04738448111013869,0.1995604106748571
2025-08-13 21:17:00,airborne_gamma_uSvph,2.745305072736792,0.04738448111013869,0.1995604106748571
2025-08-13 21:18:00,airborne_gamma_uSvph,2.6796230223609814,0.04738448111013869,0.1995604106748571
2025-08-13 21:19:00,airborne_gamma_uSvph,2.9475339223582067,0.04738448111013869,0.1995604106748571
2025-08-13 21:20:00,airborne_gamma_uSvph,2.881937493243476,0.04738448111013869,0.1995604106748571
2025-08-13 21:21:00,airborne_gamma_uSvph,2.871936032249526,0.04738448111013869,0.1995604106748571
2025-08-13 21:22:00,airborne_gamma_uSvph,3.020585264970419,0.04738448111013869,0.1995604106748571
2025-08-13 21:23:00,airborne_gamma_uSvph,3.0491286878343886,0.04738448111013869,0.1995604106748571
2025-08-13 21:24:00,airborne_gamma_uSvph,3.077063931019288,0.04738448111013869,0.1995604106748571
2025-08-13 21:25:00,airborne_gamma_uSvph,3.1107729850756387,0.04738448111013869,0.1995604106748571
2025-08-13 21:26:00,airborne_gamma_uSvph,3.18993898313205,0.04738448111013869,0.1995604106748571
2025-08-13 21:27:00,airborne_gamma_uSvph,3.2450173912404887,0.04738448111013869,0.1995604106748571
2025-08-13 21:28:00,airborne_gamma_uSvph,3.318577077543832,0.04738448111013869,0.1995604106748571
2025-08-13 21:29:00,airborne_gamma_uSvph,3.4030516493066543,0.04738448111013869,0.1995604106748571
2025-08-13 21:30:00,airborne_gamma_uSvph,3.4267077028544417,0.04738448111013869,0.1995604106748571
2025-08-13 21:31:00,airborne_gamma_uSvph,3.4009361941072456,0.04738448111013869,0.1995604106748571
2025-08-13 21:32:00,airborne_gamma_uSvph,3.454476484334627,0.04738448111013869,0.1995604106748571
2025-08-13 21:33:00,airborne_gamma_uSvph,3.5205998795136906,0.04738448111013869,0.1995604106748571
2025-08-13 21:34:00,airborne_gamma_uSvph,3.543567581461949,0.04738448111013869,0.1995604106748571
2025-08-13 21:35:00,airborne_gamma_uSvph,3.614895759710224,0.04738448111013869,0.1995604106748571
2025-08-13 21:36:00,airborne_gamma_uSvph,3.635045706666751,0.04738448111013869,0.1995604106748571
2025-08-13 21:37:00,airborne_gamma_uSvph,3.711370673188075,0.04738448111013869,0.1995604106748571
2025-08-13 21:38:00,airborne_gamma_uSvph,3.775805367734572,0.04738448111013869,0.1995604106748571
2025-08-13 21:39:00,airborne_gamma_uSvph,3.8398704262420655,0.04738448111013869,0.1995604106748571
2025-08-13 21:40:00,airborne_gamma_uSvph,3.835595801071456,0.04738448111013869,0.1995604106748571
2025-08-13 21:41:00,airborne_gamma_uSvph,3.761917093217024,0.04738448111013869,0.1995604106748571
2025-08-13 21:42:00,airborne_gamma_uSvph,3.9897351675524,0.04738448111013869,0.1995604106748571
2025-08-13 21:43:00,airborne_gamma_uSvph,3.989695022672568,0.04738448111013869,0.1995604106748571
2025-08-13 21:44:00,airborne_gamma_uSvph,4.002018405417923,0.04738448111013869,0.1995604106748571
2025-08-13 21:45:00,airborne_gamma_uSvph,4.044576593662396,0.04738448111013869,0.1995604106748571
2025-08-13 21:46:00,airborne_gamma_uSvph,4.182263360155256,0.04738448111013869,0.1995604106748571
2025-08-13 21:47:00,airborne_gamma_uSvph,4.164753138996828,0.04738448111013869,0.1995604106748571
2025-08-13 21:48:00,airborne_gamma_uSvph,4.168197072377724,0.04738448111013869,0.1995604106748571
2025-08-13 21:49:00,airborne_gamma_uSvph,4.236424931298922,0.04738448111013869,0.1995604106748571
2025-08-13 21:50:00,airborne_gamma_uSvph,4.321345505330841,0.04738448111013869,0.1995604106748571
2025-08-13 21:51:00,airborne_gamma_uSvph,4.342474677475203,0.04738448111013869,0.1995604106748571
2025-08-13 21:52:00,airborne_gamma_uSvph,4.435631180974786,0.04738448111013869,0.1995604106748571
2025-08-13 21:53:00,airborne_gamma_uSvph,4.520675204258576,0.04738448111013869,0.1995604106748571
2025-08-13 21:54:00,airborne_gamma_uSvph,4.545793527029415,0.04738448111013869,0.1995604106748571
2025-08-13 21:55:00,airborne_gamma_uSvph,4.5183523360030735,0.04738448111013869,0.1995604106748571
2025-08-13 21:56:00,airborne_gamma_uSvph,4.5779882286858,0.04738448111013869,0.1995604106748571
2025-08-13 21:57:00,airborne_gamma_uSvph,4.613876551576912,0.04738448111013869,0.1995604106748571
2025-08-13 21:58:00,airborne_gamma_uSvph,4.7147203248983525,0.04738448111013869,0.1995604106748571
2025-08-13 21:59:00,airborne_gamma_uSvph,4.688405555321323,0.04738448111013869,0.1995604106748571
2025-08-13 22:00:00,airborne_gamma_uSvph,4.754999412304241,0.04738448111013869,0.1995604106748571
2025-08-13 22:01:00,airborne_gamma_uSvph,4.760476534136342,0.04738448111013869,0.1995604106748571
2025-08-13 22:02:00,airborne_gamma_uSvph,4.8767283300711615,0.04738448111013869,0.1995604106748571
2025-08-13 22:03:00,airborne_gamma_uSvph,4.932982946529933,0.04738448111013869,0.1995604106748571
2025-08-13 22:04:00,airborne_gamma_uSvph,5.040210990372377,0.04738448111013869,0.1995604106748571
2025-08-13 22:05:00,airborne_gamma_uSvph,5.030753187378262,0.04738448111013869,0.1995604106748571
2025-08-13 22:06:00,airborne_gamma_uSvph,5.112360416232578,0.04738448111013869,0.1995604106748571
2025-08-13 22:07:00,airborne_gamma_uSvph,5.078212963571727,0.04738448111013869,0.1995604106748571
2025-08-13 22:08:00,airborne_gamma_uSvph,5.174409516789977,0.04738448111013869,0.1995604106748571
2025-08-13 22:09:00,airborne_gamma_uSvph,5.209685772530021,0.04738448111013869,0.1995604106748571
2025-08-13 22:10:00,airborne_gamma_uSvph,5.249423155431171,0.04738448111013869,0.1995604106748571
2025-08-13 22:11:00,airborne_gamma_uSvph,5.319012274273934,0.04738448111013869,0.1995604106748571
2025-08-13 22:12:00,airborne_gamma_uSvph,5.319012274273934,0.04738448111013869,0.1995604106748571
2025-08-13 22:13:00,airborne_gamma_uSvph,5.485352041381683,0.04738448111013869,0.1995604106748571
2025-08-13 22:14:00,airborne_gamma_uSvph,5.357534861137758,0.04738448111013869,0.1995604106748571
2025-08-13 22:15:00,airborne_gamma_uSvph,5.417832765291196,0.04738448111013869,0.1995604106748571
2025-08-13 22:16:00,airborne_gamma_uSvph,5.533733363011536,0.04738448111013869,0.1995604106748571
2025-08-13 22:17:00,airborne_gamma_uSvph,5.532807320722434,0.04738448111013869,0.1995604106748571
2025-08-13 22:18:00,airborne_gamma_uSvph,5.6000224834737375,0.04738448111013869,0.1995604106748571
2025-08-13 22:19:00,airborne_gamma_uSvph,5.716328806696526,0.04738448111013869,0.1995604106748571
2025-08-13 22:20:00,airborne_gamma_uSvph,5.666573477127546,0.04738448111013869,0.1995604106748571
2025-08-13 22:21:00,airborne_gamma_uSvph,5.718811714207426,0.04738448111013869,0.1995604106748571
2025-08-13 22:22:00,airborne_gamma_uSvph,5.896314108148432,0.04738448111013869,0.1995604106748571
2025-08-13 22:23:00,airborne_gamma_uSvph,5.898882179531447,0.04738448111013869,0.1995604106748571
2025-08-13 22:24:00,airborne_gamma_uSvph,5.883699093070288,0.04738448111013869,0.1995604106748571
2025-08-13 22:25:00,airborne_gamma_uSvph,5.891470923429278,0.04738448111013869,0.1995604106748571
2025-08-13 22:26:00,airborne_gamma_uSvph,5.979621145132331,0.04738448111013869,0.1995604106748571
2025-08-13 22:27:00,airborne_gamma_uSvph,6.021172557118,0.04738448111013869,0.1995604106748571
2025-08-13 22:28:00,airborne_gamma_uSvph,6.0680234387792025,0.04738448111013869,0.1995604106748571
2025-08-13 22:29:00,airborne_gamma_uSvph,6.192828067214171,0.04738448111013869,0.1995604106748571
2025-08-13 22:30:00,airborne_gamma_uSvph,6.220961115414657,0.04738448111013869,0.1995604106748571
2025-08-13 22:31:00,airborne_gamma_uSvph,6.182155760517387,0.04738448111013869,0.1995604106748571
2025-08-13 22:32:00,airborne_gamma_uSvph,6.252865470241055,0.04738448111013869,0.1995604106748571
2025-08-13 22:33:00,airborne_gamma_uSvph,6.242981360122484,0.04738448111013869,0.1995604106748571
2025-08-13 22:34:00,airborne_gamma_uSvph,6.444638814198334,0.04738448111013869,0.1995604106748571
2025-08-13 22:35:00,airborne_gamma_uSvph,6.335923397349896,0.04738448111013869,0.1995604106748571
2025-08-13 22:36:00,airborne_gamma_uSvph,6.465686160714609,0.04738448111013869,0.1995604106748571
2025-08-13 22:37:00,airborne_gamma_uSvph,6.349025537385495,0.04738448111013869,0.1995604106748571
2025-08-13 22:38:00,airborne_gamma_uSvph,6.5772947879403,0.04738448111013869,0.1995604106748571
2025-08-13 22:39:00,airborne_gamma_uSvph,6.608269862316562,0.04738448111013869,0.1995604106748571
2025-08-13 22:40:00,airborne_gamma_uSvph,6.611676084888806,0.04738448111013869,0.1995604106748571
2025-08-13 22:41:00,airborne_gamma_uSvph,6.632102634970076,0.04738448111013869,0.1995604106748571
2025-08-13 22:42:00,airborne_gamma_uSvph,6.632102634970076,0.04738448111013869,0.1995604106748571
2025-08-13 22:43:00,airborne_gamma_uSvph,6.837448817654052,0.04738448111013869,0.1995604106748571
2025-08-13 22:44:00,airborne_gamma_uSvph,6.798423084174611,0.04738448111013869,0.1995604106748571
2025-08-13 22:45:00,airborne_gamma_uSvph,6.904125129283428,0.04738448111013869,0.1995604106748571
2025-08-13 22:46:00,airborne_gamma_uSvph,6.938019911818534,0.04738448111013869,0.1995604106748571
2025-08-13 22:47:00,airborne_gamma_uSvph,6.962395144857514,0.04738448111013869,0.1995604106748571
2025-08-13 22:48:00,airborne_gamma_uSvph,7.079598517022262,0.04738448111013869,0.1995604106748571
2025-08-13 22:49:00,airborne_gamma_uSvph,6.940575494014356,0.04738448111013869,0.1995604106748571
2025-08-13 22:50:00,airborne_gamma_uSvph,7.155361195696518,0.04738448111013869,0.1995604106748571
2025-08-13 22:51:00,airborne_gamma_uSvph,7.171118003791309,0.04738448111013869,0.1995604106748571
2025-08-13 22:52:00,airborne_gamma_uSvph,7.223466277621797,0.04738448111013869,0.1995604106748571
2025-08-13 22:53:00,airborne_gamma_uSvph,7.183898537423365,0.04738448111013869,0.1995604106748571
2025-08-13 22:54:00,airborne_gamma_uSvph,7.223963826946276,0.04738448111013869,0.1995604106748571
2025-08-13 22:55:00,airborne_gamma_uSvph,7.220954462821451,0.04738448111013869,0.1995604106748571
2025-08-13 22:56:00,airborne_gamma_uSvph,7.369895747926141,0.04738448111013869,0.1995604106748571
2025-08-13 22:57:00,airborne_gamma_uSvph,7.4174642572934175,0.04738448111013869,0.1995604106748571
2025-08-13 22:58:00,airborne_gamma_uSvph,7.445165687302768,0.04738448111013869,0.1995604106748571
2025-08-13 22:59:00,airborne_gamma_uSvph,7.530800480495543,0.04738448111013869,0.1995604106748571
2025-08-13 23:00:00,airborne_gamma_uSvph,7.4783454071140305,0.04738448111013869,0.1995604106748571
2025-08-13 23:01:00,airborne_gamma_uSvph,7.587940645058803,0.04738448111013869,0.1995604106748571
2025-08-13 23:02:00,airborne_gamma_uSvph,7.710327982463139,0.04738448111013869,0.1995604106748571
2025-08-13 23:03:00,airborne_gamma_uSvph,7.63111833151436,0.04738448111013869,0.1995604106748571
2025-08-13 23:04:00,airborne_gamma_uSvph,7.770741087935182,0.04738448111013869,0.1995604106748571
2025-08-13 23:05:00,airborne_gamma_uSvph,7.763118842892086,0.04738448111013869,0.1995604106748571
2025-08-13 23:06:00,airborne_gamma_uSvph,7.85989920925926,0.04738448111013869,0.1995604106748571
2025-08-13 23:07:00,airborne_gamma_uSvph,7.895246419092764,0.04738448111013869,0.1995604106748571
2025-08-13 23:08:00,airborne_gamma_uSvph,7.989907115435138,0.04738448111013869,0.1995604106748571
2025-08-13 23:09:00,airborne_gamma_uSvph,7.932112684338249,0.04738448111013869,0.1995604106748571
2025-08-13 23:10:00,airborne_gamma_uSvph,8.126140985613326,0.04738448111013869,0.1995604106748571
2025-08-13 23:11:00,airborne_gamma_uSvph,8.126140985613326,0.04738448111013869,0.1995604106748571
2025-08-13 23:12:00,airborne_gamma_uSvph,8.057299641360714,0.04738448111013869,0.1995604106748571
2025-08-13 23:13:00,airborne_gamma_uSvph,8.188002209467735,0.04738448111013869,0.1995604106748571
2025-08-13 23:14:00,airborne_gamma_uSvph,8.19064808094722,0.04738448111013869,0.1995604106748571
2025-08-13 23:15:00,airborne_gamma_uSvph,8.243355683222875,0.04738448111013869,0.1995604106748571
2025-08-13 23:16:00,airborne_gamma_uSvph,8.235277945476666,0.04738448111013869,0.1995604106748571
2025-08-13 23:17:00,airborne_gamma_uSvph,8.330716966345035,0.04738448111013869,0.1995604106748571
2025-08-13 23:18:00,airborne_gamma_uSvph,8.422129618527212,0.04738448111013869,0.1995604106748571
2025-08-13 23:19:00,airborne_gamma_uSvph,8.385370245633784,0.04738448111013869,0.1995604106748571
2025-08-13 23:20:00,airborne_gamma_uSvph,8.50436062573037,0.04738448111013869,0.1995604106748571
2025-08-13 23:21:00,airborne_gamma_uSvph,8.62595352925857,0.04738448111013869,0.1995604106748571
2025-08-13 23:22:00,airborne_gamma_uSvph,8.574584684710276,0.04738448111013869,0.1995604106748571
2025-08-13 23:23:00,airborne_gamma_uSvph,8.690856772566944,0.04738448111013869,0.1995604106748571
2025-08-13 23:24:00,airborne_gamma_uSvph,8.770740188354987,0.04738448111013869,0.1995604106748571
2025-08-13 23:25:00,airborne_gamma_uSvph,8.66376595137616,0.04738448111013869,0.1995604106748571
2025-08-13 23:26:00,airborne_gamma_uSvph,8.791121142100787,0.04738448111013869,0.1995604106748571
2025-08-13 23:27:00,airborne_gamma_uSvph,8.767628329139685,0.04738448111013869,0.1995604106748571
2025-08-13 23:28:00,airborne_gamma_uSvph,8.850150403121228,0.04738448111013869,0.1995604106748571
2025-08-13 23:29:00,airborne_gamma_uSvph,8.915288268796317,0.04738448111013869,0.1995604106748571
2025-08-13 23:30:00,airborne_gamma_uSvph,9.036661648844284,0.04738448111013869,0.1995604106748571
2025-08-13 23:31:00,airborne_gamma_uSvph,9.03767573727957,0.04738448111013869,0.1995604106748571
2025-08-13 23:32:00,airborne_gamma_uSvph,9.19166746724262,0.04738448111013869,0.1995604106748571
2025-08-13 23:33:00,airborne_gamma_uSvph,9.04305351002343,0.04738448111013869,0.1995604106748571
2025-08-13 23:34:00,airborne_gamma_uSvph,9.21834260571389,0.04738448111013869,0.1995604106748571
2025-08-13 23:35:00,airborne_gamma_uSvph,9.225364861628304,0.04738448111013869,0.1995604106748571
2025-08-13 23:36:00,airborne_gamma_uSvph,9.22968404494758,0.04738448111013869,0.1995604106748571
2025-08-13 23:37:00,airborne_gamma_uSvph,9.289036788309724,0.04738448111013869,0.1995604106748571
2025-08-13 23:38:00,airborne_gamma_uSvph,9.380210991067749,0.04738448111013869,0.1995604106748571
2025-08-13 23:39:00,airborne_gamma_uSvph,9.440428486214882,0.04738448111013869,0.1995604106748571
2025-08-13 23:40:00,airborne_gamma_uSvph,9.492007377341258,0.04738448111013869,0.1995604106748571
2025-08-13 23:41:00,airborne_gamma_uSvph,9.543332275059829,0.04738448111013869,0.1995604106748571
2025-08-13 23:42:00,airborne_gamma_uSvph,9.4011486691224,0.04738448111013869,0.1995604106748571
2025-08-13 23:43:00,airborne_gamma_uSvph,9.517859109533257,0.04738448111013869,0.1995604106748571
2025-08-13 23:44:00,airborne_gamma_uSvph,9.609033100646853,0.04738448111013869,0.1995604106748571
2025-08-13 23:45:00,airborne_gamma_uSvph,9.646550185699272,0.04738448111013869,0.1995604106748571
2025-08-13 23:46:00,airborne_gamma_uSvph,9.718878366583612,0.04738448111013869,0.1995604106748571
2025-08-13 23:47:00,airborne_gamma_uSvph,9.64357888908156,0.04738448111013869,0.1995604106748571
2025-08-13 23:48:00,airborne_gamma_uSvph,9.724421269568902,0.04738448111013869,0.1995604106748571
2025-08-13 23:49:00,airborne_gamma_uSvph,9.74392756569648,0.04738448111013869,0.1995604106748571
2025-08-13 23:50:00,airborne_gamma_uSvph,9.894620784053174,0.04738448111013869,0.1995604106748571
2025-08-13 23:51:00,airborne_gamma_uSvph,9.856993889192475,0.04738448111013869,0.1995604106748571
2025-08-13 23:52:00,airborne_gamma_uSvph,9.874288945116431,0.04738448111013869,0.1995604106748571
2025-08-13 23:53:00,airborne_gamma_uSvph,10.056318628825032,0.04738448111013869,0.1995604106748571
2025-08-13 23:54:00,airborne_gamma_uSvph,10.084249812299126,0.04738448111013869,0.1995604106748571
2025-08-13 23:55:00,airborne_gamma_uSvph,10.122567077009183,0.04738448111013869,0.1995604106748571
2025-08-13 23:56:00,airborne_gamma_uSvph,10.194263104030414,0.04738448111013869,0.1995604106748571
2025-08-13 23:57:00,airborne_gamma_uSvph,10.210207166728797,0.04738448111013869,0.1995604106748571
2025-08-13 23:58:00,airborne_gamma_uSvph,10.32346628609116,0.04738448111013869,0.1995604106748571
2025-08-14 17:47:00,airborne_gamma_uSvph,0.0466769979033109,0.04738448111013869,0.1995604106748571
2025-08-02 13:07:00,particulate_cpm,34.0,4.5,32.5
2025-08-03 01:49:00,particulate_cpm,3.0,4.5,32.5
2025-08-03 04:54:00,particulate_cpm,35.0,4.5,32.5
2025-08-03 13:54:00,particulate_cpm,193.78080305378623,4.5,32.5
2025-08-03 13:55:00,particulate_cpm,220.21157804166475,4.5,32.5
2025-08-03 13:56:00,particulate_cpm,235.0154249151496,4.5,32.5
2025-08-03 13:57:00,particulate_cpm,203.58464992727107,4.5,32.5
2025-08-03 13:58:00,particulate_cpm,232.8192717886344,4.5,32.5
2025-08-03 13:59:00,particulate_cpm,214.99619054772552,4.5,32.5
2025-08-03 14:00:00,particulate_cpm,192.58464992727107,4.5,32.5
2025-08-03 14:01:00,particulate_cpm,242.23081240908883,4.5,32.5
2025-08-03 14:02:00,particulate_cpm,218.80003742121036,4.5,32.5
2025-08-03 14:03:00,particulate_cpm,269.85774052348256,4.5,32.5
2025-08-03 14:04:00,particulate_cpm,221.21157804166475,4.5,32.5
2025-08-03 14:05:00,particulate_cpm,203.78080305378623,4.5,32.5
2025-08-03 14:06:00,particulate_cpm,181.76156868636215,4.5,32.5
2025-08-03 14:07:00,particulate_cpm,215.80003742121036,4.5,32.5
2025-08-03 14:08:00,particulate_cpm,211.1923436742407,4.5,32.5
2025-08-03 14:09:00,particulate_cpm,175.76156868636218,4.5,32.5
2025-08-03 14:10:00,particulate_cpm,216.99619054772552,4.5,32.5
2025-08-03 14:11:00,particulate_cpm,242.426965535604,4.5,32.5
2025-08-03 14:12:00,particulate_cpm,169.35002806590774,4.5,32.5
2025-08-03 14:13:00,particulate_cpm,157.7423343189381,4.5,32.5
2025-08-03 14:14:00,particulate_cpm,201.58464992727107,4.5,32.5
2025-08-03 14:15:00,particulate_cpm,233.0154249151496,4.5,32.5
2025-08-03 14:16:00,particulate_cpm,194.97695618030144,4.5,32.5
2025-08-03 14:17:00,particulate_cpm,192.97695618030144,4.5,32.5
2025-08-03 14:18:00,particulate_cpm,188.17310930681663,4.5,32.5
2025-08-03 14:19:00,particulate_cpm,231.8192717886344,4.5,32.5
2025-08-03 14:20:00,particulate_cpm,191.97695618030144,4.5,32.5
2025-08-03 14:21:00,particulate_cpm,256.44619990302806,4.5,32.5
2025-08-03 14:22:00,particulate_cpm,176.95772181287737,4.5,32.5
2025-08-03 14:23:00,particulate_cpm,254.8385061560585,4.5,32.5
2025-08-03 14:24:00,particulate_cpm,210.99619054772552,4.5,32.5
2025-08-03 14:25:00,particulate_cpm,216.40773116817996,4.5,32.5
2025-08-03 14:26:00,particulate_cpm,234.0154249151496,4.5,32.5
2025-08-03 14:27:00,particulate_cpm,201.3884968007559,4.5,32.5
2025-08-03 14:28:00,particulate_cpm,210.80003742121036,4.5,32.5
2025-08-03 14:29:00,particulate_cpm,210.99619054772552,4.5,32.5
2025-08-03 14:30:00,particulate_cpm,210.1923436742407,4.5,32.5
2025-08-03 14:31:00,particulate_cpm,235.0154249151496,4.5,32.5
2025-08-03 14:32:00,particulate_cpm,211.80003742121036,4.5,32.5
2025-08-03 14:33:00,particulate_cpm,145.9384874454533,4.5,32.5
2025-08-03 14:34:00,particulate_cpm,191.3692624333318,4.5,32.5
2025-08-03 14:35:00,particulate_cpm,216.80003742121036,4.5,32.5
2025-08-03 14:36:00,particulate_cpm,193.97695618030144,4.5,32.5
2025-08-03 14:37:00,particulate_cpm,162.15387493939255,4.5,32.5
2025-08-03 14:38:00,particulate_cpm,184.3692624333318,4.5,32.5
2025-08-03 14:39:00,particulate_cpm,206.58464992727107,4.5,32.5
2025-08-03 14:40:00,particulate_cpm,196.78080305378623,4.5,32.5
2025-08-03 14:41:00,particulate_cpm,187.565415559847,4.5,32.5
2025-08-03 14:42:00,particulate_cpm,258.03465928257367,4.5,32.5
2025-08-03 14:43:00,particulate_cpm,231.8192717886344,4.5,32.5
2025-08-03 14:44:00,particulate_cpm,220.99619054772552,4.5,32.5
2025-08-03 14:45:00,particulate_cpm,217.60388429469515,4.5,32.5
2025-08-03 14:46:00,particulate_cpm,210.80003742121036,4.5,32.5
2025-08-03 14:47:00,particulate_cpm,204.58464992727107,4.5,32.5
2025-08-03 14:48:00,particulate_cpm,186.565415559847,4.5,32.5
2025-08-03 14:49:00,particulate_cpm,194.17310930681663,4.5,32.5
2025-08-03 14:50:00,particulate_cpm,250.23081240908883,4.5,32.5
2025-08-03 14:51:00,particulate_cpm,211.80003742121036,4.5,32.5
2025-08-03 14:52:00,particulate_cpm,291.6808217643914,4.5,32.5
2025-08-03 14:53:00,particulate_cpm,229.8192717886344,4.5,32.5
2025-08-03 14:54:00,particulate_cpm,233.21157804166475,4.5,32.5
2025-08-03 14:55:00,particulate_cpm,243.426965535604,4.5,32.5
2025-08-03 14:56:00,particulate_cpm,251.23081240908883,4.5,32.5
2025-08-03 14:57:00,particulate_cpm,162.35002806590774,4.5,32.5
2025-08-03 14:58:00,particulate_cpm,193.78080305378623,4.5,32.5
2025-08-03 14:59:00,particulate_cpm,194.78080305378623,4.5,32.5
2025-08-03 15:00:00,particulate_cpm,216.60388429469515,4.5,32.5
2025-08-03 15:01:00,particulate_cpm,236.40773116817996,4.5,32.5
2025-08-03 15:02:00,particulate_cpm,215.99619054772552,4.5,32.5
2025-08-03 15:03:00,particulate_cpm,231.8192717886344,4.5,32.5
2025-08-03 15:04:00,particulate_cpm,170.15387493939255,4.5,32.5
2025-08-03 15:05:00,particulate_cpm,210.3884968007559,4.5,32.5
2025-08-03 15:06:00,particulate_cpm,195.97695618030144,4.5,32.5
2025-08-03 15:07:00,particulate_cpm,184.565415559847,4.5,32.5
2025-08-03 15:08:00,particulate_cpm,257.6423530295433,4.5,32.5
2025-08-03 15:09:00,particulate_cpm,189.17310930681663,4.5,32.5
2025-08-03 15:10:00,particulate_cpm,206.99619054772552,4.5,32.5
2025-08-03 15:11:00,particulate_cpm,212.80003742121036,4.5,32.5
2025-08-03 15:12:00,particulate_cpm,196.97695618030144,4.5,32.5
2025-08-03 15:13:00,particulate_cpm,253.03465928257364,4.5,32.5
2025-08-03 15:14:00,particulate_cpm,180.3692624333318,4.5,32.5
2025-08-03 15:15:00,particulate_cpm,211.60388429469515,4.5,32.5
2025-08-03 15:16:00,particulate_cpm,245.426965535604,4.5,32.5
2025-08-03 15:17:00,particulate_cpm,230.0154249151496,4.5,32.5
2025-08-03 15:18:00,particulate_cpm,220.60388429469515,4.5,32.5
2025-08-03 15:19:00,particulate_cpm,204.3884968007559,4.5,32.5
2025-08-03 15:20:00,particulate_cpm,252.03465928257364,4.5,32.5
2025-08-03 15:21:00,particulate_cpm,294.8769748909066,4.5,32.5
2025-08-03 15:22:00,particulate_cpm,245.23081240908883,4.5,32.5
2025-08-03 15:23:00,particulate_cpm,276.85774052348256,4.5,32.5
2025-08-03 15:24:00,particulate_cpm,188.17310930681663,4.5,32.5
2025-08-03 15:25:00,particulate_cpm,220.60388429469515,4.5,32.5
2025-08-03 15:26:00,particulate_cpm,191.97695618030144,4.5,32.5
2025-08-03 15:27:00,particulate_cpm,180.76156868636215,4.5,32.5
2025-08-03 15:28:00,particulate_cpm,212.99619054772552,4.5,32.5
2025-08-03 15:29:00,particulate_cpm,175.76156868636218,4.5,32.5
2025-08-03 15:30:00,particulate_cpm,239.8192717886344,4.5,32.5
2025-08-03 15:31:00,particulate_cpm,164.54618119242292,4.5,32.5
2025-08-03 15:32:00,particulate_cpm,198.17310930681663,4.5,32.5
2025-08-03 15:33:00,particulate_cpm,188.3692624333318,4.5,32.5
2025-08-03 15:34:00,particulate_cpm,188.3692624333318,4.5,32.5
2025-08-03 15:35:00,particulate_cpm,154.9384874454533,4.5,32.5
2025-08-03 15:36:00,particulate_cpm,161.15387493939255,4.5,32.5
2025-08-03 15:37:00,particulate_cpm,247.426965535604,4.5,32.5
2025-08-03 15:38:00,particulate_cpm,175.95772181287737,4.5,32.5
2025-08-03 15:39:00,particulate_cpm,284.07312801742177,4.5,32.5
2025-08-03 15:40:00,particulate_cpm,209.3884968007559,4.5,32.5
2025-08-03 15:41:00,particulate_cpm,168.95772181287737,4.5,32.5
2025-08-03 15:42:00,particulate_cpm,168.95772181287737,4.5,32.5
2025-08-03 15:43:00,particulate_cpm,187.97695618030144,4.5,32.5
2025-08-03 15:44:00,particulate_cpm,191.78080305378623,4.5,32.5
2025-08-03 15:45:00,particulate_cpm,188.17310930681663,4.5,32.5
2025-08-03 15:46:00,particulate_cpm,167.15387493939255,4.5,32.5
2025-08-03 15:47:00,particulate_cpm,185.565415559847,4.5,32.5
2025-08-03 15:48:00,particulate_cpm,223.40773116817996,4.5,32.5
2025-08-03 15:49:00,particulate_cpm,258.03465928257367,4.5,32.5
2025-08-03 15:50:00,particulate_cpm,155.9384874454533,4.5,32.5
2025-08-03 15:51:00,particulate_cpm,196.3884968007559,4.5,32.5
2025-08-03 15:52:00,particulate_cpm,189.17310930681663,4.5,32.5
2025-08-03 15:53:00,particulate_cpm,210.99619054772552,4.5,32.5
2025-08-03 15:54:00,particulate_cpm,177.3692624333318,4.5,32.5
2025-08-03 15:55:00,particulate_cpm,201.3884968007559,4.5,32.5
2025-08-03 15:56:00,particulate_cpm,201.3884968007559,4.5,32.5
2025-08-03 15:57:00,particulate_cpm,202.58464992727107,4.5,32.5
2025-08-03 15:58:00,particulate_cpm,256.03465928257367,4.5,32.5
2025-08-03 15:59:00,particulate_cpm,172.35002806590774,4.5,32.5
2025-08-03 16:00:00,particulate_cpm,163.35002806590774,4.5,32.5
2025-08-03 16:01:00,particulate_cpm,201.58464992727107,4.5,32.5
2025-08-03 16:02:00,particulate_cpm,208.1923436742407,4.5,32.5
2025-08-03 16:03:00,particulate_cpm,189.97695618030144,4.5,32.5
2025-08-03 16:04:00,particulate_cpm,210.1923436742407,4.5,32.5
2025-08-03 16:05:00,particulate_cpm,210.1923436742407,4.5,32.5
2025-08-03 16:06:00,particulate_cpm,196.3884968007559,4.5,32.5
2025-08-03 16:07:00,particulate_cpm,230.0154249151496,4.5,32.5
2025-08-03 16:08:00,particulate_cpm,187.97695618030144,4.5,32.5
2025-08-03 16:09:00,particulate_cpm,235.6231186621192,4.5,32.5
2025-08-03 16:10:00,particulate_cpm,178.565415559847,4.5,32.5
2025-08-03 16:11:00,particulate_cpm,198.58464992727107,4.5,32.5
2025-08-03 16:12:00,particulate_cpm,195.78080305378623,4.5,32.5
2025-08-03 16:13:00,particulate_cpm,217.80003742121036,4.5,32.5
2025-08-03 16:14:00,particulate_cpm,196.78080305378623,4.5,32.5
2025-08-03 16:15:00,particulate_cpm,151.13464057196848,4.5,32.5
2025-08-03 16:16:00,particulate_cpm,271.25004677651293,4.5,32.5
2025-08-03 16:17:00,particulate_cpm,224.21157804166475,4.5,32.5
2025-08-03 16:18:00,particulate_cpm,217.60388429469515,4.5,32.5
2025-08-03 16:19:00,particulate_cpm,196.78080305378623,4.5,32.5
2025-08-03 16:20:00,particulate_cpm,193.58464992727107,4.5,32.5
2025-08-03 16:21:00,particulate_cpm,210.80003742121036,4.5,32.5
2025-08-03 16:22:00,particulate_cpm,193.58464992727107,4.5,32.5
2025-08-03 16:23:00,particulate_cpm,219.60388429469515,4.5,32.5
2025-08-03 16:24:00,particulate_cpm,259.25004677651293,4.5,32.5
2025-08-03 16:25:00,particulate_cpm,233.6231186621192,4.5,32.5
2025-08-03 16:26:00,particulate_cpm,203.1923436742407,4.5,32.5
2025-08-03 16:27:00,particulate_cpm,249.8385061560585,4.5,32.5
2025-08-03 16:28:00,particulate_cpm,197.58464992727107,4.5,32.5
2025-08-03 16:29:00,particulate_cpm,191.17310930681663,4.5,32.5
2025-08-03 16:30:00,particulate_cpm,191.97695618030144,4.5,32.5
2025-08-03 16:31:00,particulate_cpm,202.1923436742407,4.5,32.5
2025-08-03 16:32:00,particulate_cpm,210.1923436742407,4.5,32.5
2025-08-03 16:33:00,particulate_cpm,191.78080305378623,4.5,32.5
2025-08-03 16:34:00,particulate_cpm,174.95772181287737,4.5,32.5
2025-08-03 16:35:00,particulate_cpm,181.3692624333318,4.5,32.5
2025-08-04 18:01:00,particulate_cpm,36.0,4.5,32.5
2025-08-04 18:26:00,particulate_cpm,33.0,4.5,32.5
2025-08-04 21:31:00,particulate_cpm,33.0,4.5,32.5
2025-08-05 02:23:00,particulate_cpm,34.0,4.5,32.5
2025-08-05 04:32:00,particulate_cpm,37.0,4.5,32.5
2025-08-05 11:54:00,particulate_cpm,225.12652130071132,4.5,32.5
2025-08-05 11:55:00,particulate_cpm,230.12652130071132,4.5,32.5
2025-08-05 11:56:00,particulate_cpm,168.7050416373538,4.5,32.5
2025-08-05 11:57:00,particulate_cpm,203.21846642695223,4.5,32.5
2025-08-05 11:58:00,particulate_cpm,218.521151384872,4.5,32.5
2025-08-05 11:59:00,particulate_cpm,191.61309651111287,4.5,32.5
2025-08-05 12:00:00,particulate_cpm,182.961754032153,4.5,32.5
2025-08-05 12:01:00,particulate_cpm,244.3832336955106,4.5,32.5
2025-08-05 12:02:00,particulate_cpm,207.21846642695223,4.5,32.5
2025-08-05 12:03:00,particulate_cpm,109.2835619739962,4.5,32.5
2025-08-05 12:04:00,particulate_cpm,181.961754032153,4.5,32.5
2025-08-05 12:05:00,particulate_cpm,181.961754032153,4.5,32.5
2025-08-05 12:06:00,particulate_cpm,205.21846642695223,4.5,32.5
2025-08-05 12:07:00,particulate_cpm,196.91578146903257,4.5,32.5
2025-08-05 12:08:00,particulate_cpm,178.00772659527348,4.5,32.5
2025-08-05 12:09:00,particulate_cpm,201.91578146903257,4.5,32.5
2025-08-05 12:10:00,particulate_cpm,233.12652130071132,4.5,32.5
2025-08-05 12:11:00,particulate_cpm,231.42920625863104,4.5,32.5
2025-08-05 12:12:00,particulate_cpm,180.961754032153,4.5,32.5
2025-08-05 12:13:00,particulate_cpm,200.56712394799243,4.5,32.5
2025-08-05 12:14:00,particulate_cpm,216.82383634279165,4.5,32.5
2025-08-05 12:15:00,particulate_cpm,199.56712394799243,4.5,32.5
2025-08-05 12:16:00,particulate_cpm,203.56712394799243,4.5,32.5
2025-08-05 12:17:00,particulate_cpm,178.00772659527348,4.5,32.5
2025-08-05 12:18:00,particulate_cpm,200.56712394799243,4.5,32.5
2025-08-05 12:19:00,particulate_cpm,218.7778637796712,4.5,32.5
2025-08-05 12:20:00,particulate_cpm,175.65906907423332,4.5,32.5
2025-08-05 12:21:00,particulate_cpm,211.521151384872,4.5,32.5
2025-08-05 12:22:00,particulate_cpm,208.21846642695223,4.5,32.5
2025-08-05 12:23:00,particulate_cpm,221.4751788217515,4.5,32.5
2025-08-05 12:24:00,particulate_cpm,232.12652130071132,4.5,32.5
2025-08-05 12:25:00,particulate_cpm,205.21846642695223,4.5,32.5
2025-08-05 12:26:00,particulate_cpm,194.26443899007276,4.5,32.5
2025-08-05 12:27:00,particulate_cpm,185.3104115531932,4.5,32.5
2025-08-05 12:28:00,particulate_cpm,211.17249386383185,4.5,32.5
2025-08-05 12:29:00,particulate_cpm,204.86980890591207,4.5,32.5
2025-08-05 12:30:00,particulate_cpm,274.94263104822954,4.5,32.5
2025-08-05 12:31:00,particulate_cpm,208.17249386383185,4.5,32.5
2025-08-05 12:32:00,particulate_cpm,178.00772659527348,4.5,32.5
2025-08-05 12:33:00,particulate_cpm,183.6590690742333,4.5,32.5
2025-08-05 12:34:00,particulate_cpm,195.61309651111287,4.5,32.5
2025-08-05 12:35:00,particulate_cpm,211.21846642695223,4.5,32.5
2025-08-05 12:36:00,particulate_cpm,182.3104115531932,4.5,32.5
2025-08-05 12:37:00,particulate_cpm,174.31041155319318,4.5,32.5
2025-08-05 12:38:00,particulate_cpm,224.12652130071132,4.5,32.5
2025-08-05 12:39:00,particulate_cpm,213.86980890591207,4.5,32.5
2025-08-05 12:40:00,particulate_cpm,206.21846642695223,4.5,32.5
2025-08-05 12:41:00,particulate_cpm,33.0,4.5,32.5
2025-08-06 15:05:00,particulate_cpm,482.2927624734688,4.5,32.5
2025-08-06 15:06:00,particulate_cpm,439.0465659915811,4.5,32.5
2025-08-06 15:07:00,particulate_cpm,384.5926700960454,4.5,32.5
2025-08-06 15:08:00,particulate_cpm,445.8388665779331,4.5,32.5
2025-08-06 15:09:00,particulate_cpm,295.8925777186221,4.5,32.5
2025-08-06 15:10:00,particulate_cpm,385.8003695096934,4.5,32.5
2025-08-06 15:11:00,particulate_cpm,374.1772712687495,4.5,32.5
2025-08-06 15:12:00,particulate_cpm,344.34647361415773,4.5,32.5
2025-08-06 15:13:00,particulate_cpm,388.8003695096934,4.5,32.5
2025-08-06 15:14:00,particulate_cpm,409.2157683369893,4.5,32.5
2025-08-06 15:15:00,particulate_cpm,336.1387742005098,4.5,32.5
2025-08-06 15:16:00,particulate_cpm,380.3849706823975,4.5,32.5
2025-08-06 15:17:00,particulate_cpm,320.72337537321386,4.5,32.5
2025-08-06 15:18:00,particulate_cpm,444.254265405229,4.5,32.5
2025-08-06 15:19:00,particulate_cpm,444.254265405229,4.5,32.5
2025-08-06 15:20:00,particulate_cpm,327.72337537321386,4.5,32.5
2025-08-06 15:21:00,particulate_cpm,277.6848783049741,4.5,32.5
2025-08-06 15:22:00,particulate_cpm,462.87736364617285,4.5,32.5
2025-08-06 15:23:00,particulate_cpm,414.2157683369893,4.5,32.5
2025-08-06 15:24:00,particulate_cpm,338.1387742005098,4.5,32.5
2025-08-06 15:25:00,particulate_cpm,379.5926700960454,4.5,32.5
2025-08-06 15:26:00,particulate_cpm,368.1772712687495,4.5,32.5
2025-08-06 15:27:00,particulate_cpm,270.26947947767826,4.5,32.5
2025-08-06 15:28:00,particulate_cpm,383.5926700960454,4.5,32.5
2025-08-06 15:29:00,particulate_cpm,316.72337537321386,4.5,32.5
2025-08-06 15:30:00,particulate_cpm,364.9695718551016,4.5,32.5
2025-08-06 15:31:00,particulate_cpm,426.6311671642852,4.5,32.5
2025-08-06 15:32:00,particulate_cpm,380.3849706823975,4.5,32.5
2025-08-06 15:33:00,particulate_cpm,367.9695718551016,4.5,32.5
2025-08-06 15:34:00,particulate_cpm,368.1772712687495,4.5,32.5
2025-08-06 15:35:00,particulate_cpm,345.5541730278057,4.5,32.5
2025-08-06 15:36:00,particulate_cpm,423.4234677506372,4.5,32.5
2025-08-06 15:37:00,particulate_cpm,333.9310747868618,4.5,32.5
2025-08-06 15:38:00,particulate_cpm,376.1772712687495,4.5,32.5
2025-08-06 15:39:00,particulate_cpm,449.254265405229,4.5,32.5
2025-08-06 15:40:00,particulate_cpm,362.9695718551016,4.5,32.5
2025-08-06 15:41:00,particulate_cpm,369.9695718551016,4.5,32.5
2025-08-06 15:42:00,particulate_cpm,354.5541730278057,4.5,32.5
2025-08-06 15:43:00,particulate_cpm,329.34647361415773,4.5,32.5
2025-08-06 15:44:00,particulate_cpm,351.5541730278057,4.5,32.5
2025-08-06 15:45:00,particulate_cpm,309.307976545918,4.5,32.5
2025-08-06 15:46:00,particulate_cpm,357.76187244145365,4.5,32.5
2025-08-06 15:47:00,particulate_cpm,353.76187244145365,4.5,32.5
2025-08-06 15:48:00,particulate_cpm,411.4234677506372,4.5,32.5
2025-08-06 15:49:00,particulate_cpm,502.7081613007647,4.5,32.5
2025-08-06 15:50:00,particulate_cpm,292.8925777186221,4.5,32.5
2025-08-06 15:51:00,particulate_cpm,424.8388665779331,4.5,32.5
2025-08-06 15:52:00,particulate_cpm,323.1387742005098,4.5,32.5
2025-08-06 15:53:00,particulate_cpm,303.307976545918,4.5,32.5
2025-08-06 15:54:00,particulate_cpm,337.34647361415773,4.5,32.5
2025-08-06 15:55:00,particulate_cpm,326.9310747868618,4.5,32.5
2025-08-06 15:56:00,particulate_cpm,366.9695718551016,4.5,32.5
2025-08-06 15:57:00,particulate_cpm,439.0465659915811,4.5,32.5
2025-08-06 15:58:00,particulate_cpm,421.6311671642852,4.5,32.5
2025-08-06 15:59:00,particulate_cpm,370.3849706823975,4.5,32.5
2025-08-06 16:00:00,particulate_cpm,479.2927624734688,4.5,32.5
2025-08-06 16:01:00,particulate_cpm,321.9310747868618,4.5,32.5
2025-08-06 16:02:00,particulate_cpm,364.1772712687495,4.5,32.5
2025-08-06 16:03:00,particulate_cpm,460.87736364617285,4.5,32.5
2025-08-06 16:04:00,particulate_cpm,348.5541730278057,4.5,32.5
2025-08-06 16:05:00,particulate_cpm,426.6311671642852,4.5,32.5
2025-08-06 16:06:00,particulate_cpm,493.7081613007647,4.5,32.5
2025-08-06 16:07:00,particulate_cpm,368.1772712687495,4.5,32.5
2025-08-06 16:08:00,particulate_cpm,430.0465659915811,4.5,32.5
2025-08-06 16:09:00,particulate_cpm,401.2157683369893,4.5,32.5
2025-08-06 16:10:00,particulate_cpm,367.1772712687495,4.5,32.5
2025-08-06 16:11:00,particulate_cpm,419.4234677506372,4.5,32.5
2025-08-06 16:12:00,particulate_cpm,443.254265405229,4.5,32.5
2025-08-06 16:13:00,particulate_cpm,507.12356012806055,4.5,32.5
2025-08-06 16:14:00,particulate_cpm,384.5926700960454,4.5,32.5
2025-08-06 16:15:00,particulate_cpm,324.9310747868618,4.5,32.5
2025-08-06 16:16:00,particulate_cpm,414.6311671642852,4.5,32.5
2025-08-06 16:17:00,particulate_cpm,364.9695718551016,4.5,32.5
2025-08-06 16:18:00,particulate_cpm,353.5541730278057,4.5,32.5
2025-08-06 16:19:00,particulate_cpm,329.9310747868618,4.5,32.5
2025-08-06 16:20:00,particulate_cpm,354.76187244145365,4.5,32.5
2025-08-06 16:21:00,particulate_cpm,313.307976545918,4.5,32.5
2025-08-06 16:22:00,particulate_cpm,377.3849706823975,4.5,32.5
2025-08-06 16:23:00,particulate_cpm,423.6311671642852,4.5,32.5
2025-08-06 16:24:00,particulate_cpm,366.9695718551016,4.5,32.5
2025-08-06 16:25:00,particulate_cpm,324.72337537321386,4.5,32.5
2025-08-06 16:26:00,particulate_cpm,420.6311671642852,4.5,32.5
2025-08-06 16:27:00,particulate_cpm,411.2157683369893,4.5,32.5
2025-08-06 16:28:00,particulate_cpm,433.8388665779331,4.5,32.5
2025-08-06 16:29:00,particulate_cpm,331.9310747868618,4.5,32.5
2025-08-06 16:30:00,particulate_cpm,380.3849706823975,4.5,32.5
2025-08-06 16:31:00,particulate_cpm,406.0080689233413,4.5,32.5
2025-08-06 16:32:00,particulate_cpm,477.0850630598208,4.5,32.5
2025-08-06 16:33:00,particulate_cpm,339.34647361415773,4.5,32.5
2025-08-06 16:34:00,particulate_cpm,339.34647361415773,4.5,32.5
2025-08-06 16:35:00,particulate_cpm,408.4234677506372,4.5,32.5
2025-08-06 16:36:00,particulate_cpm,346.5541730278057,4.5,32.5
2025-08-06 16:37:00,particulate_cpm,288.6848783049741,4.5,32.5
2025-08-06 16:38:00,particulate_cpm,368.1772712687495,4.5,32.5
2025-08-06 16:39:00,particulate_cpm,392.8003695096934,4.5,32.5
2025-08-06 16:40:00,particulate_cpm,419.6311671642852,4.5,32.5
2025-08-06 16:41:00,particulate_cpm,391.5926700960454,4.5,32.5
2025-08-06 16:42:00,particulate_cpm,306.51567595956595,4.5,32.5
2025-08-06 16:43:00,particulate_cpm,433.0465659915811,4.5,32.5
2025-08-06 16:44:00,particulate_cpm,448.461964818877,4.5,32.5
2025-08-06 16:45:00,particulate_cpm,402.2157683369893,4.5,32.5
2025-08-06 16:46:00,particulate_cpm,424.6311671642852,4.5,32.5
2025-08-06 16:47:00,particulate_cpm,422.6311671642852,4.5,32.5
2025-08-06 16:48:00,particulate_cpm,381.3849706823975,4.5,32.5
2025-08-06 16:49:00,particulate_cpm,381.3849706823975,4.5,32.5
2025-08-06 16:50:00,particulate_cpm,358.96957185510155,4.5,32.5
2025-08-06 16:51:00,particulate_cpm,323.72337537321386,4.5,32.5
2025-08-06 16:52:00,particulate_cpm,383.5926700960454,4.5,32.5
2025-08-06 16:53:00,particulate_cpm,387.5926700960454,4.5,32.5
2025-08-06 16:54:00,particulate_cpm,382.3849706823975,4.5,32.5
2025-08-06 16:55:00,particulate_cpm,401.2157683369893,4.5,32.5
2025-08-06 16:56:00,particulate_cpm,451.254265405229,4.5,32.5
2025-08-06 16:57:00,particulate_cpm,365.9695718551016,4.5,32.5
2025-08-06 16:58:00,particulate_cpm,372.1772712687495,4.5,32.5
2025-08-06 16:59:00,particulate_cpm,409.4234677506372,4.5,32.5
2025-08-06 17:00:00,particulate_cpm,303.10027713227004,4.5,32.5
2025-08-06 17:01:00,particulate_cpm,470.0850630598208,4.5,32.5
2025-08-06 17:02:00,particulate_cpm,345.34647361415773,4.5,32.5
2025-08-06 17:03:00,particulate_cpm,317.51567595956595,4.5,32.5
2025-08-06 17:04:00,particulate_cpm,263.06178006403024,4.5,32.5
2025-08-06 17:05:00,particulate_cpm,355.76187244145365,4.5,32.5
2025-08-06 17:06:00,particulate_cpm,321.72337537321386,4.5,32.5
2025-08-06 17:07:00,particulate_cpm,403.2157683369893,4.5,32.5
2025-08-06 17:08:00,particulate_cpm,408.4234677506372,4.5,32.5
2025-08-06 17:09:00,particulate_cpm,373.1772712687495,4.5,32.5
2025-08-06 17:10:00,particulate_cpm,392.8003695096934,4.5,32.5
2025-08-06 17:11:00,particulate_cpm,384.5926700960454,4.5,32.5
2025-08-06 17:12:00,particulate_cpm,301.307976545918,4.5,32.5
2025-08-06 17:13:00,particulate_cpm,343.34647361415773,4.5,32.5
2025-08-06 17:14:00,particulate_cpm,323.72337537321386,4.5,32.5
2025-08-06 17:15:00,particulate_cpm,412.4234677506372,4.5,32.5
2025-08-06 17:16:00,particulate_cpm,383.3849706823975,4.5,32.5
2025-08-06 17:17:00,particulate_cpm,396.8003695096934,4.5,32.5
2025-08-06 17:18:00,particulate_cpm,385.3849706823975,4.5,32.5
2025-08-06 17:19:00,particulate_cpm,354.76187244145365,4.5,32.5
2025-08-06 17:20:00,particulate_cpm,407.4234677506372,4.5,32.5
2025-08-06 17:21:00,particulate_cpm,421.4234677506372,4.5,32.5
2025-08-06 17:22:00,particulate_cpm,377.3849706823975,4.5,32.5
2025-08-06 17:23:00,particulate_cpm,303.10027713227004,4.5,32.5
2025-08-06 17:24:00,particulate_cpm,340.34647361415773,4.5,32.5
2025-08-06 17:25:00,particulate_cpm,392.8003695096934,4.5,32.5
2025-08-06 17:26:00,particulate_cpm,418.4234677506372,4.5,32.5
2025-08-07 00:11:00,particulate_cpm,33.0,4.5,32.5
2025-08-07 01:44:00,particulate_cpm,37.0,4.5,32.5
2025-08-07 11:38:00,particulate_cpm,34.0,4.5,32.5
2025-08-08 06:53:00,particulate_cpm,153.7011320978063,4.5,32.5
2025-08-08 06:54:00,particulate_cpm,128.20092245006435,4.5,32.5
2025-08-08 06:55:00,particulate_cpm,178.20134174554818,4.5,32.5
2025-08-08 06:56:00,particulate_cpm,132.85098534438694,4.5,32.5
2025-08-08 06:57:00,particulate_cpm,158.80117402735465,4.5,32.5
2025-08-08 06:58:00,particulate_cpm,152.60109016825788,4.5,32.5
2025-08-08 06:59:00,particulate_cpm,162.80117402735465,4.5,32.5
2025-08-08 07:00:00,particulate_cpm,138.50104823870953,4.5,32.5
2025-08-08 07:01:00,particulate_cpm,149.60109016825788,4.5,32.5
2025-08-08 07:02:00,particulate_cpm,162.35119499212885,4.5,32.5
2025-08-08 07:03:00,particulate_cpm,166.0012578864514,4.5,32.5
2025-08-08 07:04:00,particulate_cpm,177.55127885122562,4.5,32.5
2025-08-08 07:05:00,particulate_cpm,151.1511111330321,4.5,32.5
2025-08-08 07:06:00,particulate_cpm,152.1511111330321,4.5,32.5
2025-08-08 07:07:00,particulate_cpm,161.90121595690303,4.5,32.5
2025-08-08 07:08:00,particulate_cpm,138.30096437961276,4.5,32.5
2025-08-08 07:09:00,particulate_cpm,172.55127885122562,4.5,32.5
2025-08-08 07:10:00,particulate_cpm,160.35119499212885,4.5,32.5
2025-08-08 07:11:00,particulate_cpm,130.75094341483856,4.5,32.5
2025-08-08 07:12:00,particulate_cpm,169.45123692167724,4.5,32.5
2025-08-08 07:13:00,particulate_cpm,141.40100630916112,4.5,32.5
2025-08-08 07:14:00,particulate_cpm,151.1511111330321,4.5,32.5
2025-08-08 07:15:00,particulate_cpm,159.1511111330321,4.5,32.5
2025-08-08 07:16:00,particulate_cpm,193.95144656941912,4.5,32.5
2025-08-08 07:17:00,particulate_cpm,134.75094341483856,4.5,32.5
2025-08-08 07:18:00,particulate_cpm,134.75094341483856,4.5,32.5
2025-08-08 07:19:00,particulate_cpm,139.95102727393532,4.5,32.5
2025-08-08 07:20:00,particulate_cpm,121.5508595557418,4.5,32.5
2025-08-08 07:21:00,particulate_cpm,127.75094341483856,4.5,32.5
2025-08-08 07:22:00,particulate_cpm,147.0510692034837,4.5,32.5
2025-08-08 07:23:00,particulate_cpm,155.7011320978063,4.5,32.5
2025-08-08 07:24:00,particulate_cpm,150.0510692034837,4.5,32.5
2025-08-08 07:25:00,particulate_cpm,180.1012998159998,4.5,32.5
2025-08-08 07:26:00,particulate_cpm,132.30096437961276,4.5,32.5
2025-08-08 07:27:00,particulate_cpm,128.20092245006435,4.5,32.5
2025-08-08 07:28:00,particulate_cpm,152.1511111330321,4.5,32.5
2025-08-08 07:29:00,particulate_cpm,155.50104823870953,4.5,32.5
2025-08-08 07:30:00,particulate_cpm,168.45123692167724,4.5,32.5
2025-08-08 07:31:00,particulate_cpm,137.85098534438694,4.5,32.5
2025-08-08 07:32:00,particulate_cpm,139.95102727393532,4.5,32.5
2025-08-08 07:33:00,particulate_cpm,159.35119499212885,4.5,32.5
2025-08-08 07:34:00,particulate_cpm,158.25115306258047,4.5,32.5
2025-08-08 07:35:00,particulate_cpm,143.50104823870953,4.5,32.5
2025-08-08 07:36:00,particulate_cpm,165.45123692167724,4.5,32.5
2025-08-08 07:37:00,particulate_cpm,168.0012578864514,4.5,32.5
2025-08-08 07:38:00,particulate_cpm,105.70071280232249,4.5,32.5
2025-08-08 07:39:00,particulate_cpm,105.70071280232249,4.5,32.5
2025-08-08 07:40:00,particulate_cpm,129.30096437961276,4.5,32.5
2025-08-08 07:41:00,particulate_cpm,104.25073376709666,4.5,32.5
2025-08-08 07:42:00,particulate_cpm,138.30096437961276,4.5,32.5
2025-08-08 07:43:00,particulate_cpm,161.90121595690303,4.5,32.5
2025-08-08 07:44:00,particulate_cpm,160.90121595690303,4.5,32.5
2025-08-08 07:45:00,particulate_cpm,134.85098534438694,4.5,32.5
2025-08-08 07:46:00,particulate_cpm,151.60109016825788,4.5,32.5
2025-08-08 07:47:00,particulate_cpm,153.1511111330321,4.5,32.5
2025-08-08 07:48:00,particulate_cpm,149.0510692034837,4.5,32.5
2025-08-08 07:49:00,particulate_cpm,147.40100630916112,4.5,32.5
2025-08-08 07:50:00,particulate_cpm,196.95144656941912,4.5,32.5
2025-08-08 07:51:00,particulate_cpm,153.60109016825788,4.5,32.5
2025-08-08 07:52:00,particulate_cpm,161.35119499212885,4.5,32.5
2025-08-08 07:53:00,particulate_cpm,173.55127885122562,4.5,32.5
2025-08-08 07:54:00,particulate_cpm,135.30096437961276,4.5,32.5
2025-08-08 07:55:00,particulate_cpm,166.90121595690303,4.5,32.5
2025-08-08 07:56:00,particulate_cpm,145.60109016825788,4.5,32.5
2025-08-08 07:57:00,particulate_cpm,145.60109016825788,4.5,32.5
2025-08-08 07:58:00,particulate_cpm,128.100880520516,4.5,32.5
2025-08-08 07:59:00,particulate_cpm,131.20092245006435,4.5,32.5
2025-08-08 08:00:00,particulate_cpm,155.7011320978063,4.5,32.5
2025-08-08 08:01:00,particulate_cpm,146.50104823870953,4.5,32.5
2025-08-08 08:02:00,particulate_cpm,145.95102727393532,4.5,32.5
2025-08-08 08:03:00,particulate_cpm,130.5508595557418,4.5,32.5
2025-08-08 08:04:00,particulate_cpm,124.20092245006435,4.5,32.5
2025-08-08 08:05:00,particulate_cpm,143.50104823870953,4.5,32.5
2025-08-08 08:06:00,particulate_cpm,125.100880520516,4.5,32.5
2025-08-08 08:07:00,particulate_cpm,160.35119499212885,4.5,32.5
2025-08-08 08:08:00,particulate_cpm,140.50104823870953,4.5,32.5
2025-08-08 08:09:00,particulate_cpm,140.95102727393532,4.5,32.5
2025-08-08 08:10:00,particulate_cpm,110.35077569664504,4.5,32.5
2025-08-08 08:11:00,particulate_cpm,123.65090148529018,4.5,32.5
2025-08-08 08:12:00,particulate_cpm,170.45123692167724,4.5,32.5
2025-08-08 08:13:00,particulate_cpm,164.90121595690303,4.5,32.5
2025-08-08 08:14:00,particulate_cpm,135.85098534438694,4.5,32.5
2025-08-08 08:15:00,particulate_cpm,149.7011320978063,4.5,32.5
2025-08-08 08:16:00,particulate_cpm,144.50104823870953,4.5,32.5
2025-08-08 08:17:00,particulate_cpm,127.20092245006435,4.5,32.5
2025-08-08 08:18:00,particulate_cpm,143.40100630916112,4.5,32.5
2025-08-08 08:19:00,particulate_cpm,170.0012578864514,4.5,32.5
2025-08-08 08:20:00,particulate_cpm,130.30096437961276,4.5,32.5
2025-08-08 08:21:00,particulate_cpm,139.40100630916112,4.5,32.5
2025-08-08 08:22:00,particulate_cpm,115.45081762619344,4.5,32.5
2025-08-08 08:23:00,particulate_cpm,96.95060797845152,4.5,32.5
2025-08-08 08:24:00,particulate_cpm,115.00083859096762,4.5,32.5
2025-08-08 08:25:00,particulate_cpm,142.50104823870953,4.5,32.5
2025-08-08 08:26:00,particulate_cpm,175.20134174554818,4.5,32.5
2025-08-08 08:27:00,particulate_cpm,124.65090148529018,4.5,32.5
2025-08-08 08:28:00,particulate_cpm,168.45123692167724,4.5,32.5
2025-08-08 08:29:00,particulate_cpm,141.95102727393532,4.5,32.5
2025-08-08 08:30:00,particulate_cpm,159.80117402735465,4.5,32.5
2025-08-08 08:31:00,particulate_cpm,143.50104823870953,4.5,32.5
2025-08-08 08:32:00,particulate_cpm,145.95102727393532,4.5,32.5
2025-08-08 08:33:00,particulate_cpm,135.75094341483856,4.5,32.5
2025-08-08 08:34:00,particulate_cpm,120.00083859096762,4.5,32.5
2025-08-08 08:35:00,particulate_cpm,156.7011320978063,4.5,32.5
2025-08-08 08:36:00,particulate_cpm,160.80117402735465,4.5,32.5
2025-08-08 08:37:00,particulate_cpm,169.0012578864514,4.5,32.5
2025-08-08 08:38:00,particulate_cpm,156.60109016825788,4.5,32.5
2025-08-08 08:39:00,particulate_cpm,176.55127885122562,4.5,32.5
2025-08-08 08:40:00,particulate_cpm,174.55127885122562,4.5,32.5
2025-08-08 08:41:00,particulate_cpm,173.90121595690303,4.5,32.5
2025-08-08 08:42:00,particulate_cpm,145.95102727393532,4.5,32.5
2025-08-08 08:43:00,particulate_cpm,152.0510692034837,4.5,32.5
2025-08-08 08:44:00,particulate_cpm,143.30096437961276,4.5,32.5
2025-08-08 08:45:00,particulate_cpm,91.85056604890312,4.5,32.5
2025-08-08 08:46:00,particulate_cpm,134.20092245006435,4.5,32.5
2025-08-08 08:47:00,particulate_cpm,130.20092245006435,4.5,32.5
2025-08-08 08:48:00,particulate_cpm,124.5508595557418,4.5,32.5
2025-08-08 08:49:00,particulate_cpm,162.90121595690303,4.5,32.5
2025-08-08 08:50:00,particulate_cpm,130.100880520516,4.5,32.5
2025-08-08 08:51:00,particulate_cpm,130.100880520516,4.5,32.5
2025-08-08 08:52:00,particulate_cpm,124.100880520516,4.5,32.5
2025-08-08 08:53:00,particulate_cpm,117.5508595557418,4.5,32.5
2025-08-08 08:54:00,particulate_cpm,123.5508595557418,4.5,32.5
2025-08-08 08:55:00,particulate_cpm,161.35119499212885,4.5,32.5
2025-08-08 08:56:00,particulate_cpm,130.75094341483856,4.5,32.5
2025-08-08 08:57:00,particulate_cpm,143.0510692034837,4.5,32.5
2025-08-08 08:58:00,particulate_cpm,129.65090148529018,4.5,32.5
2025-08-08 08:59:00,particulate_cpm,142.40100630916112,4.5,32.5
2025-08-08 09:00:00,particulate_cpm,122.100880520516,4.5,32.5
2025-08-08 09:01:00,particulate_cpm,147.60109016825788,4.5,32.5
2025-08-08 09:02:00,particulate_cpm,145.50104823870953,4.5,32.5
2025-08-08 09:03:00,particulate_cpm,132.20092245006435,4.5,32.5
2025-08-08 09:04:00,particulate_cpm,159.35119499212885,4.5,32.5
2025-08-08 09:05:00,particulate_cpm,135.20092245006435,4.5,32.5
2025-08-08 09:06:00,particulate_cpm,165.80117402735465,4.5,32.5
2025-08-08 09:07:00,particulate_cpm,136.30096437961276,4.5,32.5
2025-08-08 09:08:00,particulate_cpm,132.75094341483856,4.5,32.5
2025-08-08 09:09:00,particulate_cpm,161.25115306258047,4.5,32.5
2025-08-08 09:10:00,particulate_cpm,158.7011320978063,4.5,32.5
2025-08-08 09:11:00,particulate_cpm,151.1511111330321,4.5,32.5
2025-08-08 09:12:00,particulate_cpm,157.7011320978063,4.5,32.5
2025-08-08 09:13:00,particulate_cpm,137.40100630916112,4.5,32.5
2025-08-08 09:14:00,particulate_cpm,130.20092245006435,4.5,32.5
2025-08-08 09:15:00,particulate_cpm,146.95102727393532,4.5,32.5
2025-08-08 09:16:00,particulate_cpm,149.1511111330321,4.5,32.5
2025-08-08 09:17:00,particulate_cpm,142.95102727393532,4.5,32.5
2025-08-08 09:18:00,particulate_cpm,137.95102727393532,4.5,32.5
2025-08-08 09:19:00,particulate_cpm,119.5508595557418,4.5,32.5
2025-08-08 09:20:00,particulate_cpm,133.65090148529018,4.5,32.5
2025-08-08 09:21:00,particulate_cpm,149.1511111330321,4.5,32.5
2025-08-08 09:22:00,particulate_cpm,149.60109016825788,4.5,32.5
2025-08-08 09:23:00,particulate_cpm,147.1511111330321,4.5,32.5
2025-08-08 09:24:00,particulate_cpm,157.25115306258047,4.5,32.5
2025-08-08 09:25:00,particulate_cpm,157.35119499212885,4.5,32.5
2025-08-08 09:26:00,particulate_cpm,143.50104823870953,4.5,32.5
2025-08-08 09:27:00,particulate_cpm,148.60109016825788,4.5,32.5
2025-08-08 09:28:00,particulate_cpm,162.80117402735465,4.5,32.5
2025-08-08 09:29:00,particulate_cpm,171.90121595690303,4.5,32.5
2025-08-08 09:30:00,particulate_cpm,164.35119499212885,4.5,32.5
2025-08-08 09:31:00,particulate_cpm,124.75094341483856,4.5,32.5
2025-08-08 09:32:00,particulate_cpm,163.45123692167724,4.5,32.5
2025-08-08 09:33:00,particulate_cpm,164.90121595690303,4.5,32.5
2025-08-08 09:34:00,particulate_cpm,486.7554430265809,4.5,32.5
2025-08-08 09:35:00,particulate_cpm,467.0974792837272,4.5,32.5
2025-08-08 09:36:00,particulate_cpm,470.7475421780498,4.5,32.5
2025-08-08 09:37:00,particulate_cpm,389.3581008297173,4.5,32.5
2025-08-08 09:38:00,particulate_cpm,493.659351521298,4.5,32.5
2025-08-08 09:39:00,particulate_cpm,560.9064211760972,4.5,32.5
2025-08-08 09:40:00,particulate_cpm,447.1663371146353,4.5,32.5
2025-08-08 09:41:00,particulate_cpm,430.9855860813824,4.5,32.5
2025-08-08 09:42:00,particulate_cpm,430.7317404809878,4.5,32.5
2025-08-08 09:43:00,particulate_cpm,421.40833144223336,4.5,32.5
2025-08-08 09:44:00,particulate_cpm,414.17381866768255,4.5,32.5
2025-08-08 09:45:00,particulate_cpm,516.8633858046603,4.5,32.5
2025-08-08 09:46:00,particulate_cpm,393.0658758896032,4.5,32.5
2025-08-08 09:47:00,particulate_cpm,432.670077891159,4.5,32.5
2025-08-08 09:48:00,particulate_cpm,442.281761445762,4.5,32.5
2025-08-08 09:49:00,particulate_cpm,533.1907452676802,4.5,32.5
2025-08-08 09:50:00,particulate_cpm,409.5044229475162,4.5,32.5
2025-08-08 09:51:00,particulate_cpm,443.1856699404791,4.5,32.5
2025-08-08 09:52:00,particulate_cpm,482.1053801322583,4.5,32.5
2025-08-08 09:53:00,particulate_cpm,425.17381866768255,4.5,32.5
2025-08-08 09:54:00,particulate_cpm,425.17381866768255,4.5,32.5
2025-08-08 09:55:00,particulate_cpm,469.5897880829381,4.5,32.5
2025-08-08 09:56:00,particulate_cpm,462.0974792837272,4.5,32.5
2025-08-08 09:57:00,particulate_cpm,426.1817195162136,4.5,32.5
2025-08-08 09:58:00,particulate_cpm,399.81203028920856,4.5,32.5
2025-08-08 09:59:00,particulate_cpm,483.0670007925388,4.5,32.5
2025-08-08 10:00:00,particulate_cpm,462.7052124140648,4.5,32.5
2025-08-08 10:01:00,particulate_cpm,550.2330750316653,4.5,32.5
2025-08-08 10:02:00,particulate_cpm,499.60163935573473,4.5,32.5
2025-08-08 10:03:00,particulate_cpm,429.3739025267793,4.5,32.5
2025-08-08 10:04:00,particulate_cpm,547.9368996672856,4.5,32.5
2025-08-08 10:05:00,particulate_cpm,531.6174410527967,4.5,32.5
2025-08-08 10:06:00,particulate_cpm,494.4287891710128,4.5,32.5
2025-08-08 10:07:00,particulate_cpm,413.1161065021192,4.5,32.5
2025-08-08 10:08:00,particulate_cpm,403.3043390884195,4.5,32.5
2025-08-08 10:09:00,particulate_cpm,395.3620512539828,4.5,32.5
2025-08-08 10:10:00,particulate_cpm,361.6424249213004,4.5,32.5
2025-08-08 10:11:00,particulate_cpm,472.9630084387249,4.5,32.5
2025-08-08 10:12:00,particulate_cpm,490.1709931463527,4.5,32.5
2025-08-08 10:13:00,particulate_cpm,509.6865851956728,4.5,32.5
2025-08-08 10:14:00,particulate_cpm,502.6633019455636,4.5,32.5
2025-08-08 10:15:00,particulate_cpm,470.8436336833327,4.5,32.5
2025-08-08 10:16:00,particulate_cpm,529.9713285827397,4.5,32.5
2025-08-08 10:17:00,particulate_cpm,471.5130294034991,4.5,32.5
2025-08-08 10:18:00,particulate_cpm,437.2433821060424,4.5,32.5
2025-08-08 10:19:00,particulate_cpm,451.6779787396901,4.5,32.5
2025-08-08 10:20:00,particulate_cpm,507.9594773099432,4.5,32.5
2025-08-08 10:21:00,particulate_cpm,480.2054220618066,4.5,32.5
2025-08-08 10:22:00,particulate_cpm,399.2659597486999,4.5,32.5
2025-08-08 10:23:00,particulate_cpm,473.26313422737,4.5,32.5
2025-08-08 10:24:00,particulate_cpm,457.19357078901015,4.5,32.5
2025-08-08 10:25:00,particulate_cpm,522.7328653839234,4.5,32.5
2025-08-08 10:26:00,particulate_cpm,522.3212656884172,4.5,32.5
2025-08-08 10:27:00,particulate_cpm,419.7855022222856,4.5,32.5
2025-08-08 10:28:00,particulate_cpm,477.7747758524246,4.5,32.5
2025-08-08 10:29:00,particulate_cpm,504.6633019455636,4.5,32.5
2025-08-08 10:30:00,particulate_cpm,510.3750274297149,4.5,32.5
2025-08-08 10:31:00,particulate_cpm,446.2473325303079,4.5,32.5
2025-08-08 10:32:00,particulate_cpm,507.7977727905659,4.5,32.5
2025-08-08 10:33:00,particulate_cpm,427.9278739158191,4.5,32.5
2025-08-08 10:34:00,particulate_cpm,366.25015805163787,4.5,32.5
2025-08-08 10:35:00,particulate_cpm,366.25015805163787,4.5,32.5
2025-08-08 10:36:00,particulate_cpm,480.297563142824,4.5,32.5
2025-08-08 10:37:00,particulate_cpm,488.7554430265809,4.5,32.5
2025-08-08 10:38:00,particulate_cpm,494.4055059209034,4.5,32.5
2025-08-08 10:39:00,particulate_cpm,460.0358166938985,4.5,32.5
2025-08-08 10:40:00,particulate_cpm,467.1358586234469,4.5,32.5
2025-08-08 10:41:00,particulate_cpm,539.3868787025115,4.5,32.5
2025-08-08 10:42:00,particulate_cpm,452.5779368101416,4.5,32.5
2025-08-08 10:43:00,particulate_cpm,440.281761445762,4.5,32.5
2025-08-08 10:44:00,particulate_cpm,486.1093305565238,4.5,32.5
2025-08-08 10:45:00,particulate_cpm,458.0974792837272,4.5,32.5
2025-08-08 10:46:00,particulate_cpm,472.5937385072037,4.5,32.5
2025-08-08 10:47:00,particulate_cpm,461.9974373541789,4.5,32.5
2025-08-08 10:48:00,particulate_cpm,464.685879588221,4.5,32.5
2025-08-08 10:49:00,particulate_cpm,508.1132809807893,4.5,32.5
2025-08-08 10:50:00,particulate_cpm,427.1817195162136,4.5,32.5
2025-08-08 10:51:00,particulate_cpm,449.0551495197422,4.5,32.5
2025-08-08 10:52:00,particulate_cpm,470.297563142824,4.5,32.5
2025-08-08 10:53:00,particulate_cpm,470.297563142824,4.5,32.5
2025-08-08 10:54:00,particulate_cpm,471.5897880829381,4.5,32.5
2025-08-08 10:55:00,particulate_cpm,442.4201827150299,4.5,32.5
2025-08-08 10:56:00,particulate_cpm,508.8210560406752,4.5,32.5
2025-08-08 10:57:00,particulate_cpm,419.6277481271739,4.5,32.5
2025-08-08 10:58:00,particulate_cpm,576.3298721443999,4.5,32.5
2025-08-08 10:59:00,particulate_cpm,451.0895784351962,4.5,32.5
2025-08-08 11:00:00,particulate_cpm,384.7080379353947,4.5,32.5
2025-08-08 11:01:00,particulate_cpm,448.8973954246305,4.5,32.5
2025-08-08 11:02:00,particulate_cpm,401.3043390884195,4.5,32.5
2025-08-08 11:03:00,particulate_cpm,403.73498529780153,4.5,32.5
2025-08-08 11:04:00,particulate_cpm,476.7475421780498,4.5,32.5
2025-08-08 11:05:00,particulate_cpm,422.2161484316677,4.5,32.5
2025-08-08 11:06:00,particulate_cpm,430.3394736113253,4.5,32.5
2025-08-08 11:07:00,particulate_cpm,501.72101411112686,4.5,32.5
2025-08-08 11:08:00,particulate_cpm,508.56721044028063,4.5,32.5
2025-08-08 11:09:00,particulate_cpm,568.010413529911,4.5,32.5
2025-08-08 11:10:00,particulate_cpm,440.7973534950821,4.5,32.5
2025-08-08 11:11:00,particulate_cpm,510.1556107447744,4.5,32.5
2025-08-08 11:12:00,particulate_cpm,425.6316985514394,4.5,32.5
2025-08-08 11:13:00,particulate_cpm,503.1709931463527,4.5,32.5
2025-08-08 11:14:00,particulate_cpm,484.0053382027099,4.5,32.5
2025-08-08 11:15:00,particulate_cpm,397.2042971588711,4.5,32.5
2025-08-08 11:16:00,particulate_cpm,480.4976470019208,4.5,32.5
2025-08-08 11:17:00,particulate_cpm,450.7163580794096,4.5,32.5
2025-08-08 11:18:00,particulate_cpm,510.1556107447744,4.5,32.5
2025-08-08 11:19:00,particulate_cpm,454.116812109571,4.5,32.5
2025-08-08 11:20:00,particulate_cpm,423.0816775866652,4.5,32.5
2025-08-08 11:21:00,particulate_cpm,470.94367561288107,4.5,32.5
2025-08-08 11:22:00,particulate_cpm,488.2670846516355,4.5,32.5
2025-08-08 11:23:00,particulate_cpm,482.3592257326529,4.5,32.5
2025-08-08 11:24:00,particulate_cpm,359.12683287198024,4.5,32.5
2025-08-08 11:25:00,particulate_cpm,441.6012200602509,4.5,32.5
2025-08-08 11:26:00,particulate_cpm,535.7751951479084,4.5,32.5
2025-08-08 11:27:00,particulate_cpm,461.9781045283352,4.5,32.5
2025-08-08 11:28:00,particulate_cpm,408.97373480858585,4.5,32.5
2025-08-08 11:29:00,particulate_cpm,436.9662532555386,4.5,32.5
2025-08-08 11:30:00,particulate_cpm,495.8899138715833,4.5,32.5
2025-08-08 11:31:00,particulate_cpm,424.6277481271739,4.5,32.5
2025-08-08 11:32:00,particulate_cpm,467.685879588221,4.5,32.5
2025-08-08 11:33:00,particulate_cpm,513.3173152641516,4.5,32.5
2025-08-08 11:34:00,particulate_cpm,413.3315727627943,4.5,32.5
2025-08-08 11:35:00,particulate_cpm,535.9289988187546,4.5,32.5
2025-08-08 11:36:00,particulate_cpm,539.3252161126826,4.5,32.5
2025-08-08 11:37:00,particulate_cpm,508.1172314050549,4.5,32.5
2025-08-08 11:38:00,particulate_cpm,464.64750024850144,4.5,32.5
2025-08-08 11:39:00,particulate_cpm,533.4790197835289,4.5,32.5
2025-08-08 11:40:00,particulate_cpm,507.9210979702236,4.5,32.5
2025-08-08 11:41:00,particulate_cpm,455.8396832590672,4.5,32.5
2025-08-08 11:42:00,particulate_cpm,430.1817195162136,4.5,32.5
2025-08-08 11:43:00,particulate_cpm,441.7317404809878,4.5,32.5
2025-08-08 11:44:00,particulate_cpm,416.0777271623997,4.5,32.5
2025-08-08 11:45:00,particulate_cpm,521.0250903240375,4.5,32.5
2025-08-08 11:46:00,particulate_cpm,440.7934030708166,4.5,32.5
2025-08-08 11:47:00,particulate_cpm,532.5062534579037,4.5,32.5
2025-08-08 11:48:00,particulate_cpm,454.8973954246305,4.5,32.5
2025-08-08 11:49:00,particulate_cpm,613.2800608273676,4.5,32.5
2025-08-08 11:50:00,particulate_cpm,433.281761445762,4.5,32.5
2025-08-08 11:51:00,particulate_cpm,588.0143639541766,4.5,32.5
2025-08-08 11:52:00,particulate_cpm,522.7945279737522,4.5,32.5
2025-08-08 11:53:00,particulate_cpm,523.9906614085835,4.5,32.5
2025-08-08 11:54:00,particulate_cpm,403.1042552293227,4.5,32.5
2025-08-08 11:55:00,particulate_cpm,432.31619036121606,4.5,32.5
2025-08-08 11:56:00,particulate_cpm,584.233780639117,4.5,32.5
2025-08-08 11:57:00,particulate_cpm,457.3857537995759,4.5,32.5
2025-08-08 11:58:00,particulate_cpm,441.4201827150299,4.5,32.5
2025-08-08 11:59:00,particulate_cpm,445.4050866254196,4.5,32.5
2025-08-08 12:00:00,particulate_cpm,434.893445000365,4.5,32.5
2025-08-08 12:01:00,particulate_cpm,444.6973115655337,4.5,32.5
2025-08-08 12:02:00,particulate_cpm,421.02396542110193,4.5,32.5
2025-08-08 12:03:00,particulate_cpm,549.4524917166058,4.5,32.5
2025-08-08 12:04:00,particulate_cpm,412.11215607785374,4.5,32.5
2025-08-08 12:05:00,particulate_cpm,391.14263456904223,4.5,32.5
2025-08-08 12:06:00,particulate_cpm,446.3818033753104,4.5,32.5
2025-08-08 12:07:00,particulate_cpm,439.1856699404791,4.5,32.5
2025-08-08 12:08:00,particulate_cpm,355.63847449703485,4.5,32.5
2025-08-08 12:09:00,particulate_cpm,472.3592257326529,4.5,32.5
2025-08-08 12:10:00,particulate_cpm,447.3089951201368,4.5,32.5
2025-08-08 12:11:00,particulate_cpm,388.5926136042681,4.5,32.5
2025-08-08 12:12:00,particulate_cpm,454.9974373541789,4.5,32.5
2025-08-08 12:13:00,particulate_cpm,465.7242589279406,4.5,32.5
2025-08-08 12:14:00,particulate_cpm,521.7712447236429,4.5,32.5
2025-08-08 12:15:00,particulate_cpm,449.8973954246305,4.5,32.5
2025-08-08 12:16:00,particulate_cpm,461.7819710935039,4.5,32.5
2025-08-08 12:17:00,particulate_cpm,468.901345848896,4.5,32.5
2025-08-08 12:18:00,particulate_cpm,540.7751951479084,4.5,32.5
2025-08-08 12:19:00,particulate_cpm,469.7435917537844,4.5,32.5
2025-08-08 12:20:00,particulate_cpm,493.3671265811839,4.5,32.5
2025-08-08 12:21:00,particulate_cpm,411.135439327963,4.5,32.5
2025-08-08 12:22:00,particulate_cpm,498.9748597115214,4.5,32.5
2025-08-08 12:23:00,particulate_cpm,497.013239051241,4.5,32.5
2025-08-08 12:24:00,particulate_cpm,410.3699521025138,4.5,32.5
2025-08-08 12:25:00,particulate_cpm,437.02396542110193,4.5,32.5
2025-08-08 12:26:00,particulate_cpm,457.9974373541789,4.5,32.5
2025-08-08 12:27:00,particulate_cpm,409.662177042628,4.5,32.5
2025-08-08 12:28:00,particulate_cpm,488.0092886269754,4.5,32.5
2025-08-08 12:29:00,particulate_cpm,455.643549824236,4.5,32.5
2025-08-08 12:30:00,particulate_cpm,517.7289149596579,4.5,32.5
2025-08-08 12:31:00,particulate_cpm,440.5779368101416,4.5,32.5
2025-08-08 12:32:00,particulate_cpm,462.62421699839217,4.5,32.5
2025-08-08 12:33:00,particulate_cpm,492.98600537686616,4.5,32.5
2025-08-08 12:34:00,particulate_cpm,442.712407655144,4.5,32.5
2025-08-08 12:35:00,particulate_cpm,475.7131132625958,4.5,32.5
2025-08-08 12:36:00,particulate_cpm,457.93577476435007,4.5,32.5
2025-08-08 12:37:00,particulate_cpm,316.42682567710955,4.5,32.5
2025-08-08 12:38:00,particulate_cpm,382.8739791910054,4.5,32.5
2025-08-08 12:39:00,particulate_cpm,355.6043318935488,4.5,32.5
2025-08-08 12:40:00,particulate_cpm,362.51219081253146,4.5,32.5
2025-08-08 12:41:00,particulate_cpm,300.9728962176182,4.5,32.5
2025-08-08 12:42:00,particulate_cpm,323.3346845960922,4.5,32.5
2025-08-08 12:43:00,particulate_cpm,351.6043318935488,4.5,32.5
2025-08-08 12:44:00,particulate_cpm,313.3346845960922,4.5,32.5
2025-08-08 12:45:00,particulate_cpm,408.781838109988,4.5,32.5
2025-08-08 12:46:00,particulate_cpm,329.24254351507483,4.5,32.5
2025-08-08 12:47:00,particulate_cpm,273.1571783796529,4.5,32.5
2025-08-08 12:48:00,particulate_cpm,343.24254351507483,4.5,32.5
2025-08-08 12:49:00,particulate_cpm,423.5975559479533,4.5,32.5
2025-08-08 12:50:00,particulate_cpm,377.4200497315141,4.5,32.5
2025-08-08 12:51:00,particulate_cpm,273.1571783796529,4.5,32.5
2025-08-08 12:52:00,particulate_cpm,281.1571783796529,4.5,32.5
2025-08-08 12:53:00,particulate_cpm,319.3346845960922,4.5,32.5
2025-08-08 12:54:00,particulate_cpm,335.7886140555835,4.5,32.5
2025-08-08 12:55:00,particulate_cpm,342.6964729745661,4.5,32.5
2025-08-08 12:56:00,particulate_cpm,356.6043318935488,4.5,32.5
2025-08-08 12:57:00,particulate_cpm,405.2357675694794,4.5,32.5
2025-08-08 12:58:00,particulate_cpm,258.34146054168764,4.5,32.5
2025-08-08 12:59:00,particulate_cpm,344.6964729745661,4.5,32.5
2025-08-08 13:00:00,particulate_cpm,302.5189667581269,4.5,32.5
2025-08-08 13:01:00,particulate_cpm,335.24254351507483,4.5,32.5
2025-08-08 13:02:00,particulate_cpm,335.24254351507483,4.5,32.5
2025-08-08 13:03:00,particulate_cpm,344.15040243405747,4.5,32.5
2025-08-08 13:04:00,particulate_cpm,349.6043318935488,4.5,32.5
2025-08-08 13:05:00,particulate_cpm,385.4200497315141,4.5,32.5
2025-08-08 13:06:00,particulate_cpm,380.8739791910054,4.5,32.5
2025-08-08 13:07:00,particulate_cpm,336.6964729745661,4.5,32.5
2025-08-08 13:08:00,particulate_cpm,338.6964729745661,4.5,32.5
2025-08-08 13:09:00,particulate_cpm,331.3346845960922,4.5,32.5
2025-08-08 13:10:00,particulate_cpm,375.9661202720228,4.5,32.5
2025-08-08 13:11:00,particulate_cpm,375.9661202720228,4.5,32.5
2025-08-08 13:12:00,particulate_cpm,284.6111078391442,4.5,32.5
2025-08-08 13:13:00,particulate_cpm,389.8739791910054,4.5,32.5
2025-08-08 13:14:00,particulate_cpm,387.4200497315141,4.5,32.5
2025-08-08 13:15:00,particulate_cpm,312.88075513660084,4.5,32.5
2025-08-08 13:16:00,particulate_cpm,312.42682567710955,4.5,32.5
2025-08-08 13:17:00,particulate_cpm,300.9728962176182,4.5,32.5
2025-08-08 13:18:00,particulate_cpm,374.51219081253146,4.5,32.5
2025-08-08 13:19:00,particulate_cpm,300.9728962176182,4.5,32.5
2025-08-08 13:20:00,particulate_cpm,301.5189667581269,4.5,32.5
2025-08-08 13:21:00,particulate_cpm,373.9661202720228,4.5,32.5
2025-08-08 13:22:00,particulate_cpm,334.24254351507483,4.5,32.5
2025-08-08 13:23:00,particulate_cpm,302.9728962176182,4.5,32.5
2025-08-08 13:24:00,particulate_cpm,358.6043318935488,4.5,32.5
2025-08-08 13:25:00,particulate_cpm,375.51219081253146,4.5,32.5
2025-08-08 13:26:00,particulate_cpm,359.6043318935488,4.5,32.5
2025-08-08 13:27:00,particulate_cpm,297.0650372986356,4.5,32.5
2025-08-08 13:28:00,particulate_cpm,431.0514854074447,4.5,32.5
2025-08-08 13:29:00,particulate_cpm,364.51219081253146,4.5,32.5
2025-08-08 13:30:00,particulate_cpm,397.781838109988,4.5,32.5
2025-08-08 13:31:00,particulate_cpm,363.0582613530401,4.5,32.5
2025-08-08 13:32:00,particulate_cpm,286.6111078391442,4.5,32.5
2025-08-08 13:33:00,particulate_cpm,392.8739791910054,4.5,32.5
2025-08-08 13:34:00,particulate_cpm,339.6964729745661,4.5,32.5
2025-08-08 13:35:00,particulate_cpm,341.15040243405747,4.5,32.5
2025-08-08 13:36:00,particulate_cpm,307.42682567710955,4.5,32.5
2025-08-08 13:37:00,particulate_cpm,332.7886140555835,4.5,32.5
2025-08-08 13:38:00,particulate_cpm,330.7886140555835,4.5,32.5
2025-08-08 13:39:00,particulate_cpm,296.9728962176182,4.5,32.5
2025-08-08 13:40:00,particulate_cpm,393.3279086504968,4.5,32.5
2025-08-08 13:41:00,particulate_cpm,280.1571783796529,4.5,32.5
2025-08-08 13:42:00,particulate_cpm,330.24254351507483,4.5,32.5
2025-08-08 13:43:00,particulate_cpm,280.6111078391442,4.5,32.5
2025-08-08 13:44:00,particulate_cpm,422.0514854074447,4.5,32.5
2025-08-08 13:45:00,particulate_cpm,234.43360162270497,4.5,32.5
2025-08-08 13:46:00,particulate_cpm,240.8875310821963,4.5,32.5
2025-08-08 13:47:00,particulate_cpm,326.24254351507483,4.5,32.5
2025-08-08 13:48:00,particulate_cpm,285.1571783796529,4.5,32.5
2025-08-08 13:49:00,particulate_cpm,293.0650372986356,4.5,32.5
2025-08-08 13:50:00,particulate_cpm,286.0650372986356,4.5,32.5
2025-08-08 13:51:00,particulate_cpm,333.6964729745661,4.5,32.5
2025-08-08 13:52:00,particulate_cpm,287.0650372986356,4.5,32.5
2025-08-08 13:53:00,particulate_cpm,210.6178837847397,4.5,32.5
2025-08-08 13:54:00,particulate_cpm,350.6043318935488,4.5,32.5
2025-08-08 13:55:00,particulate_cpm,335.24254351507483,4.5,32.5
2025-08-08 13:56:00,particulate_cpm,343.6964729745661,4.5,32.5
2025-08-08 13:57:00,particulate_cpm,353.6043318935488,4.5,32.5
2025-08-08 13:58:00,particulate_cpm,375.4200497315141,4.5,32.5
2025-08-08 13:59:00,particulate_cpm,382.8739791910054,4.5,32.5
2025-08-08 14:00:00,particulate_cpm,339.6964729745661,4.5,32.5
2025-08-08 14:01:00,particulate_cpm,378.9661202720228,4.5,32.5
2025-08-08 14:02:00,particulate_cpm,418.6896970289706,4.5,32.5
2025-08-08 14:03:00,particulate_cpm,306.42682567710955,4.5,32.5
2025-08-08 14:04:00,particulate_cpm,357.0582613530401,4.5,32.5
2025-08-08 14:05:00,particulate_cpm,357.0582613530401,4.5,32.5
2025-08-08 14:06:00,particulate_cpm,336.6964729745661,4.5,32.5
2025-08-08 14:07:00,particulate_cpm,409.2357675694794,4.5,32.5
2025-08-08 14:08:00,particulate_cpm,349.15040243405747,4.5,32.5
2025-08-08 14:09:00,particulate_cpm,317.88075513660084,4.5,32.5
2025-08-08 14:10:00,particulate_cpm,315.3346845960922,4.5,32.5
2025-08-08 14:11:00,particulate_cpm,377.9661202720228,4.5,32.5
2025-08-08 14:12:00,particulate_cpm,347.15040243405747,4.5,32.5
2025-08-08 14:13:00,particulate_cpm,443.9593443264273,4.5,32.5
2025-08-08 14:14:00,particulate_cpm,353.6043318935488,4.5,32.5
2025-08-08 14:15:00,particulate_cpm,353.6043318935488,4.5,32.5
2025-08-08 14:16:00,particulate_cpm,321.7886140555835,4.5,32.5
2025-08-08 16:12:00,particulate_cpm,4.0,4.5,32.5
2025-08-09 04:01:00,particulate_cpm,131.9416748172043,4.5,32.5
2025-08-09 04:02:00,particulate_cpm,157.38561569305963,4.5,32.5
2025-08-09 04:03:00,particulate_cpm,127.79728072961876,4.5,32.5
2025-08-09 04:04:00,particulate_cpm,134.51925116754643,4.5,32.5
2025-08-09 04:05:00,particulate_cpm,110.64212802893452,4.5,32.5
2025-08-09 04:06:00,particulate_cpm,147.51925116754643,4.5,32.5
2025-08-09 04:07:00,particulate_cpm,136.08606890478984,4.5,32.5
2025-08-09 04:08:00,particulate_cpm,109.06455167859238,4.5,32.5
2025-08-09 04:09:00,particulate_cpm,116.07531029169112,4.5,32.5
2025-08-09 04:10:00,particulate_cpm,140.08606890478984,4.5,32.5
2025-08-09 04:11:00,particulate_cpm,109.2089457661779,4.5,32.5
2025-08-09 04:12:00,particulate_cpm,142.66364525513197,4.5,32.5
2025-08-09 04:13:00,particulate_cpm,142.66364525513197,4.5,32.5
2025-08-09 04:14:00,particulate_cpm,98.7757635034213,4.5,32.5
2025-08-09 04:15:00,particulate_cpm,125.07531029169112,4.5,32.5
2025-08-09 04:16:00,particulate_cpm,129.0753102916911,4.5,32.5
2025-08-09 04:17:00,particulate_cpm,126.78652211652005,4.5,32.5
2025-08-09 04:18:00,particulate_cpm,116.64212802893452,4.5,32.5
2025-08-09 04:19:00,particulate_cpm,116.78652211652005,4.5,32.5
2025-08-09 04:20:00,particulate_cpm,133.50849255444768,4.5,32.5
2025-08-09 04:21:00,particulate_cpm,149.66364525513197,4.5,32.5
2025-08-09 04:22:00,particulate_cpm,115.64212802893452,4.5,32.5
2025-08-09 04:23:00,particulate_cpm,150.95243343030302,4.5,32.5
2025-08-09 04:24:00,particulate_cpm,106.06455167859238,4.5,32.5
2025-08-09 04:25:00,particulate_cpm,86.62061080273705,4.5,32.5
2025-08-09 04:26:00,particulate_cpm,112.35333985376344,4.5,32.5
2025-08-09 04:27:00,particulate_cpm,135.08606890478984,4.5,32.5
2025-08-09 04:28:00,particulate_cpm,109.35333985376344,4.5,32.5
2025-08-09 04:29:00,particulate_cpm,127.5084925544477,4.5,32.5
2025-08-09 04:30:00,particulate_cpm,130.50849255444768,4.5,32.5
2025-08-09 04:31:00,particulate_cpm,125.36409846686216,4.5,32.5
2025-08-09 04:32:00,particulate_cpm,114.93091620410556,4.5,32.5
2025-08-09 04:33:00,particulate_cpm,92.90939897790813,4.5,32.5
2025-08-09 04:34:00,particulate_cpm,121.49773394134895,4.5,32.5
2025-08-09 04:35:00,particulate_cpm,127.36409846686216,4.5,32.5
2025-08-09 04:36:00,particulate_cpm,160.2412216054741,4.5,32.5
2025-08-09 04:37:00,particulate_cpm,136.37485707996092,4.5,32.5
2025-08-09 04:38:00,particulate_cpm,143.66364525513197,4.5,32.5
2025-08-09 04:39:00,particulate_cpm,168.1075861309873,4.5,32.5
2025-08-09 04:40:00,particulate_cpm,96.7757635034213,4.5,32.5
2025-08-09 04:41:00,particulate_cpm,114.78652211652005,4.5,32.5
2025-08-09 04:42:00,particulate_cpm,119.49773394134895,4.5,32.5
2025-08-09 04:43:00,particulate_cpm,132.50849255444768,4.5,32.5
2025-08-09 04:44:00,particulate_cpm,159.2519802185728,4.5,32.5
2025-08-09 04:45:00,particulate_cpm,106.06455167859238,4.5,32.5
2025-08-09 04:46:00,particulate_cpm,142.23046299237535,4.5,32.5
2025-08-09 04:47:00,particulate_cpm,117.35333985376344,4.5,32.5
2025-08-09 04:48:00,particulate_cpm,136.08606890478984,4.5,32.5
2025-08-09 04:49:00,particulate_cpm,126.07531029169112,4.5,32.5
2025-08-09 04:50:00,particulate_cpm,127.5084925544477,4.5,32.5
2025-08-09 04:51:00,particulate_cpm,103.63136941583578,4.5,32.5
2025-08-09 04:52:00,particulate_cpm,124.65288664203324,4.5,32.5
2025-08-09 04:53:00,particulate_cpm,143.8080393427175,4.5,32.5
2025-08-09 04:54:00,particulate_cpm,125.65288664203324,4.5,32.5
2025-08-09 04:55:00,particulate_cpm,130.08606890478984,4.5,32.5
2025-08-09 04:56:00,particulate_cpm,117.64212802893452,4.5,32.5
2025-08-09 04:57:00,particulate_cpm,127.36409846686216,4.5,32.5
2025-08-09 04:58:00,particulate_cpm,140.23046299237535,4.5,32.5
2025-08-09 04:59:00,particulate_cpm,115.78652211652005,4.5,32.5
2025-08-09 05:00:00,particulate_cpm,137.37485707996092,4.5,32.5
2025-08-09 05:01:00,particulate_cpm,116.49773394134895,4.5,32.5
2025-08-09 05:02:00,particulate_cpm,135.79728072961876,4.5,32.5
2025-08-09 05:03:00,particulate_cpm,145.8080393427175,4.5,32.5
2025-08-09 05:04:00,particulate_cpm,118.07531029169112,4.5,32.5
2025-08-09 05:05:00,particulate_cpm,94.05379306549364,4.5,32.5
2025-08-09 05:06:00,particulate_cpm,105.06455167859238,4.5,32.5
2025-08-09 05:07:00,particulate_cpm,113.49773394134895,4.5,32.5
2025-08-09 05:08:00,particulate_cpm,123.78652211652005,4.5,32.5
2025-08-09 05:09:00,particulate_cpm,121.5084925544477,4.5,32.5
2025-08-09 05:10:00,particulate_cpm,120.64212802893452,4.5,32.5
2025-08-09 05:11:00,particulate_cpm,104.92015759100684,4.5,32.5
2025-08-09 05:12:00,particulate_cpm,139.08606890478984,4.5,32.5
2025-08-09 05:13:00,particulate_cpm,107.7757635034213,4.5,32.5
2025-08-09 05:14:00,particulate_cpm,112.2089457661779,4.5,32.5
2025-08-09 05:15:00,particulate_cpm,105.92015759100684,4.5,32.5
2025-08-09 05:16:00,particulate_cpm,120.93091620410556,4.5,32.5
2025-08-09 05:17:00,particulate_cpm,123.64212802893452,4.5,32.5
2025-08-09 05:18:00,particulate_cpm,124.36409846686216,4.5,32.5
2025-08-09 05:19:00,particulate_cpm,134.36409846686217,4.5,32.5
2025-08-09 05:20:00,particulate_cpm,131.65288664203325,4.5,32.5
2025-08-09 05:21:00,particulate_cpm,118.35333985376344,4.5,32.5
2025-08-09 05:22:00,particulate_cpm,109.35333985376344,4.5,32.5
2025-08-09 05:23:00,particulate_cpm,143.51925116754643,4.5,32.5
2025-08-09 05:24:00,particulate_cpm,117.78652211652005,4.5,32.5
2025-08-09 05:25:00,particulate_cpm,128.0753102916911,4.5,32.5
2025-08-09 05:26:00,particulate_cpm,136.08606890478984,4.5,32.5
2025-08-09 05:27:00,particulate_cpm,114.64212802893452,4.5,32.5
2025-08-09 05:28:00,particulate_cpm,130.21970437927664,4.5,32.5
2025-08-09 05:29:00,particulate_cpm,94.7650048903226,4.5,32.5
2025-08-09 05:30:00,particulate_cpm,101.48697532825024,4.5,32.5
2025-08-09 05:31:00,particulate_cpm,129.23046299237535,4.5,32.5
2025-08-09 05:32:00,particulate_cpm,123.64212802893452,4.5,32.5
2025-08-09 05:33:00,particulate_cpm,123.64212802893452,4.5,32.5
2025-08-09 05:34:00,particulate_cpm,142.08606890478984,4.5,32.5
2025-08-09 05:35:00,particulate_cpm,116.78652211652005,4.5,32.5
2025-08-09 05:36:00,particulate_cpm,120.49773394134895,4.5,32.5
2025-08-09 05:37:00,particulate_cpm,119.64212802893452,4.5,32.5
2025-08-09 05:38:00,particulate_cpm,112.49773394134895,4.5,32.5
2025-08-09 05:39:00,particulate_cpm,143.23046299237535,4.5,32.5
2025-08-09 05:40:00,particulate_cpm,135.79728072961876,4.5,32.5
2025-08-09 05:41:00,particulate_cpm,133.65288664203325,4.5,32.5
2025-08-09 05:42:00,particulate_cpm,103.7757635034213,4.5,32.5
2025-08-09 05:43:00,particulate_cpm,133.50849255444768,4.5,32.5
2025-08-09 05:44:00,particulate_cpm,107.49773394134895,4.5,32.5
2025-08-09 05:45:00,particulate_cpm,98.63136941583578,4.5,32.5
2025-08-09 05:46:00,particulate_cpm,110.78652211652005,4.5,32.5
2025-08-09 05:47:00,particulate_cpm,132.08606890478984,4.5,32.5
2025-08-09 05:48:00,particulate_cpm,109.2089457661779,4.5,32.5
2025-08-09 05:49:00,particulate_cpm,115.35333985376344,4.5,32.5
2025-08-09 05:50:00,particulate_cpm,92.19818715307918,4.5,32.5
2025-08-09 05:51:00,particulate_cpm,123.49773394134895,4.5,32.5
2025-08-09 05:52:00,particulate_cpm,129.50849255444768,4.5,32.5
2025-08-09 05:53:00,particulate_cpm,145.9416748172043,4.5,32.5
2025-08-09 05:54:00,particulate_cpm,113.49773394134895,4.5,32.5
2025-08-09 05:55:00,particulate_cpm,116.49773394134895,4.5,32.5
2025-08-09 05:56:00,particulate_cpm,93.19818715307918,4.5,32.5
2025-08-09 05:57:00,particulate_cpm,138.9416748172043,4.5,32.5
2025-08-09 05:58:00,particulate_cpm,138.9416748172043,4.5,32.5
2025-08-09 05:59:00,particulate_cpm,131.65288664203325,4.5,32.5
2025-08-09 06:00:00,particulate_cpm,143.08606890478984,4.5,32.5
2025-08-09 06:01:00,particulate_cpm,127.21970437927664,4.5,32.5
2025-08-09 06:02:00,particulate_cpm,118.35333985376344,4.5,32.5
2025-08-09 06:03:00,particulate_cpm,126.5084925544477,4.5,32.5
2025-08-09 06:04:00,particulate_cpm,141.08606890478984,4.5,32.5
2025-08-09 06:05:00,particulate_cpm,135.23046299237535,4.5,32.5
2025-08-09 06:06:00,particulate_cpm,124.36409846686216,4.5,32.5
2025-08-09 06:07:00,particulate_cpm,127.36409846686216,4.5,32.5
2025-08-09 06:08:00,particulate_cpm,117.35333985376344,4.5,32.5
2025-08-09 06:09:00,particulate_cpm,93.63136941583578,4.5,32.5
2025-08-09 06:10:00,particulate_cpm,125.21970437927664,4.5,32.5
2025-08-09 06:11:00,particulate_cpm,148.66364525513197,4.5,32.5
2025-08-09 06:12:00,particulate_cpm,84.62061080273705,4.5,32.5
2025-08-09 06:13:00,particulate_cpm,131.0753102916911,4.5,32.5
2025-08-09 06:14:00,particulate_cpm,146.66364525513197,4.5,32.5
2025-08-09 06:15:00,particulate_cpm,89.19818715307918,4.5,32.5
2025-08-09 06:16:00,particulate_cpm,143.8080393427175,4.5,32.5
2025-08-09 06:17:00,particulate_cpm,121.35333985376344,4.5,32.5
2025-08-09 06:18:00,particulate_cpm,127.5084925544477,4.5,32.5
2025-08-09 06:19:00,particulate_cpm,131.9309162041056,4.5,32.5
2025-08-09 06:20:00,particulate_cpm,113.06455167859238,4.5,32.5
2025-08-09 06:21:00,particulate_cpm,153.66364525513197,4.5,32.5
2025-08-09 06:22:00,particulate_cpm,128.0753102916911,4.5,32.5
2025-08-09 06:23:00,particulate_cpm,129.50849255444768,4.5,32.5
2025-08-09 06:24:00,particulate_cpm,110.64212802893452,4.5,32.5
2025-08-09 06:25:00,particulate_cpm,124.21970437927664,4.5,32.5
2025-08-09 06:26:00,particulate_cpm,124.07531029169112,4.5,32.5
2025-08-09 22:29:00,particulate_cpm,460.366988284427,4.5,32.5
2025-08-09 22:30:00,particulate_cpm,344.4092793985557,4.5,32.5
2025-08-09 22:31:00,particulate_cpm,343.4092793985557,4.5,32.5
2025-08-09 22:32:00,particulate_cpm,356.8731266576138,4.5,32.5
2025-08-09 22:33:00,particulate_cpm,485.22237732065935,4.5,32.5
2025-08-09 22:34:00,particulate_cpm,321.01773762138146,4.5,32.5
2025-08-09 22:35:00,particulate_cpm,375.26466843478806,4.5,32.5
2025-08-09 22:36:00,particulate_cpm,436.9754465072528,4.5,32.5
2025-08-09 22:37:00,particulate_cpm,365.80082117573,4.5,32.5
2025-08-09 22:38:00,particulate_cpm,351.8731266576138,4.5,32.5
2025-08-09 22:39:00,particulate_cpm,433.9754465072528,4.5,32.5
2025-08-09 22:40:00,particulate_cpm,368.80082117573,4.5,32.5
2025-08-09 22:41:00,particulate_cpm,483.22237732065935,4.5,32.5
2025-08-09 22:42:00,particulate_cpm,418.5839047300785,4.5,32.5
2025-08-09 22:43:00,particulate_cpm,415.5839047300785,4.5,32.5
2025-08-09 22:44:00,particulate_cpm,336.94543213949765,4.5,32.5
2025-08-09 22:45:00,particulate_cpm,416.5839047300785,4.5,32.5
2025-08-09 22:46:00,particulate_cpm,446.9031410253689,4.5,32.5
2025-08-09 22:47:00,particulate_cpm,429.5115992481946,4.5,32.5
2025-08-09 22:48:00,particulate_cpm,465.9031410253689,4.5,32.5
2025-08-09 22:49:00,particulate_cpm,430.5115992481946,4.5,32.5
2025-08-09 22:50:00,particulate_cpm,393.1923629529042,4.5,32.5
2025-08-09 22:51:00,particulate_cpm,437.9754465072528,4.5,32.5
2025-08-09 22:52:00,particulate_cpm,359.3369739166719,4.5,32.5
2025-08-09 22:53:00,particulate_cpm,371.80082117573,4.5,32.5
2025-08-09 22:54:00,particulate_cpm,490.6862245797174,4.5,32.5
2025-08-09 22:55:00,particulate_cpm,490.6862245797174,4.5,32.5
2025-08-09 22:56:00,particulate_cpm,463.8308355434851,4.5,32.5
2025-08-09 22:57:00,particulate_cpm,388.1923629529042,4.5,32.5
2025-08-09 22:58:00,particulate_cpm,337.94543213949765,4.5,32.5
2025-08-09 22:59:00,particulate_cpm,362.3369739166719,4.5,32.5
2025-08-09 23:00:00,particulate_cpm,382.7285156938461,4.5,32.5
2025-08-09 23:01:00,particulate_cpm,494.22237732065935,4.5,32.5
2025-08-09 23:02:00,particulate_cpm,343.4092793985557,4.5,32.5
2025-08-09 23:03:00,particulate_cpm,342.4815848804395,4.5,32.5
2025-08-09 23:04:00,particulate_cpm,362.8731266576138,4.5,32.5
2025-08-09 23:05:00,particulate_cpm,426.5115992481946,4.5,32.5
2025-08-09 23:06:00,particulate_cpm,404.1200574710204,4.5,32.5
2025-08-09 23:07:00,particulate_cpm,523.5416136159497,4.5,32.5
2025-08-09 23:08:00,particulate_cpm,452.9031410253689,4.5,32.5
2025-08-09 23:09:00,particulate_cpm,326.01773762138146,4.5,32.5
2025-08-09 23:10:00,particulate_cpm,308.0900431032653,4.5,32.5
2025-08-09 23:11:00,particulate_cpm,509.1500718387755,4.5,32.5
2025-08-09 23:12:00,particulate_cpm,406.5839047300785,4.5,32.5
2025-08-09 23:13:00,particulate_cpm,450.9031410253689,4.5,32.5
2025-08-09 23:14:00,particulate_cpm,442.9754465072528,4.5,32.5
2025-08-09 23:15:00,particulate_cpm,314.0900431032653,4.5,32.5
2025-08-09 23:16:00,particulate_cpm,379.7285156938461,4.5,32.5
2025-08-09 23:17:00,particulate_cpm,398.1200574710204,4.5,32.5
2025-08-09 23:18:00,particulate_cpm,229.45157051268444,4.5,32.5
2025-08-09 23:19:00,particulate_cpm,462.8308355434851,4.5,32.5
2025-08-09 23:20:00,particulate_cpm,374.26466843478806,4.5,32.5
2025-08-09 23:21:00,particulate_cpm,282.77080680797485,4.5,32.5
2025-08-09 23:22:00,particulate_cpm,365.80082117573,4.5,32.5
2025-08-09 23:23:00,particulate_cpm,346.8731266576138,4.5,32.5
2025-08-09 23:24:00,particulate_cpm,401.65621021196233,4.5,32.5
2025-08-09 23:25:00,particulate_cpm,359.8731266576138,4.5,32.5
2025-08-09 23:26:00,particulate_cpm,359.3369739166719,4.5,32.5
2025-08-09 23:27:00,particulate_cpm,394.65621021196233,4.5,32.5
2025-08-09 23:28:00,particulate_cpm,421.0477519891366,4.5,32.5
2025-08-09 23:29:00,particulate_cpm,371.26466843478806,4.5,32.5
2025-08-09 23:30:00,particulate_cpm,369.80082117573,4.5,32.5
2025-08-09 23:31:00,particulate_cpm,389.7285156938461,4.5,32.5
2025-08-09 23:32:00,particulate_cpm,381.7285156938461,4.5,32.5
2025-08-09 23:33:00,particulate_cpm,422.5115992481946,4.5,32.5
2025-08-09 23:34:00,particulate_cpm,362.3369739166719,4.5,32.5
2025-08-09 23:35:00,particulate_cpm,329.4815848804395,4.5,32.5
2025-08-09 23:36:00,particulate_cpm,359.3369739166719,4.5,32.5
2025-08-09 23:37:00,particulate_cpm,501.6862245797174,4.5,32.5
2025-08-09 23:38:00,particulate_cpm,370.80082117573,4.5,32.5
2025-08-09 23:39:00,particulate_cpm,350.4092793985557,4.5,32.5
2025-08-09 23:40:00,particulate_cpm,322.5538903623234,4.5,32.5
2025-08-09 23:41:00,particulate_cpm,397.1923629529042,4.5,32.5
2025-08-09 23:42:00,particulate_cpm,492.22237732065935,4.5,32.5
2025-08-09 23:43:00,particulate_cpm,451.4392937663108,4.5,32.5
2025-08-09 23:44:00,particulate_cpm,482.7585300616013,4.5,32.5
2025-08-09 23:45:00,particulate_cpm,389.1923629529042,4.5,32.5
2025-08-09 23:46:00,particulate_cpm,297.1623485851491,4.5,32.5
2025-08-09 23:47:00,particulate_cpm,324.01773762138146,4.5,32.5
2025-08-09 23:48:00,particulate_cpm,363.3369739166719,4.5,32.5
2025-08-09 23:49:00,particulate_cpm,458.366988284427,4.5,32.5
2025-08-09 23:50:00,particulate_cpm,396.65621021196233,4.5,32.5
2025-08-09 23:51:00,particulate_cpm,380.7285156938461,4.5,32.5
2025-08-09 23:52:00,particulate_cpm,419.1200574710204,4.5,32.5
2025-08-09 23:53:00,particulate_cpm,470.2946828025432,4.5,32.5
2025-08-09 23:54:00,particulate_cpm,358.3369739166719,4.5,32.5
2025-08-09 23:55:00,particulate_cpm,395.65621021196233,4.5,32.5
2025-08-09 23:56:00,particulate_cpm,440.9754465072528,4.5,32.5
2025-08-09 23:57:00,particulate_cpm,357.3369739166719,4.5,32.5
2025-08-09 23:58:00,particulate_cpm,393.1923629529042,4.5,32.5
2025-08-09 23:59:00,particulate_cpm,465.8308355434851,4.5,32.5
2025-08-10 00:00:00,particulate_cpm,383.7285156938461,4.5,32.5
2025-08-10 00:01:00,particulate_cpm,329.01773762138146,4.5,32.5
2025-08-10 00:02:00,particulate_cpm,351.4092793985557,4.5,32.5
2025-08-10 00:03:00,particulate_cpm,327.01773762138146,4.5,32.5
2025-08-10 00:04:00,particulate_cpm,325.01773762138146,4.5,32.5
2025-08-10 00:05:00,particulate_cpm,289.69850132609105,4.5,32.5
2025-08-10 00:06:00,particulate_cpm,431.9754465072528,4.5,32.5
2025-08-10 00:07:00,particulate_cpm,369.80082117573,4.5,32.5
2025-08-10 00:08:00,particulate_cpm,411.1200574710204,4.5,32.5
2025-08-10 00:09:00,particulate_cpm,453.4392937663108,4.5,32.5
2025-08-10 00:10:00,particulate_cpm,411.5839047300785,4.5,32.5
2025-08-10 00:11:00,particulate_cpm,282.69850132609105,4.5,32.5
2025-08-10 00:12:00,particulate_cpm,413.5839047300785,4.5,32.5
2025-08-10 00:13:00,particulate_cpm,375.26466843478806,4.5,32.5
2025-08-10 00:14:00,particulate_cpm,399.65621021196233,4.5,32.5
2025-08-10 00:15:00,particulate_cpm,449.9031410253689,4.5,32.5
2025-08-10 00:16:00,particulate_cpm,359.80082117573,4.5,32.5
2025-08-10 00:17:00,particulate_cpm,422.0477519891366,4.5,32.5
2025-08-10 00:18:00,particulate_cpm,328.4815848804395,4.5,32.5
2025-08-10 00:19:00,particulate_cpm,393.65621021196233,4.5,32.5
2025-08-10 00:20:00,particulate_cpm,522.5416136159497,4.5,32.5
2025-08-10 00:21:00,particulate_cpm,336.94543213949765,4.5,32.5
2025-08-10 00:22:00,particulate_cpm,379.26466843478806,4.5,32.5
2025-08-10 00:23:00,particulate_cpm,421.0477519891366,4.5,32.5
2025-08-10 00:24:00,particulate_cpm,478.7585300616013,4.5,32.5
2025-08-10 00:25:00,particulate_cpm,371.80082117573,4.5,32.5
2025-08-10 00:26:00,particulate_cpm,392.7285156938461,4.5,32.5
2025-08-10 00:27:00,particulate_cpm,360.8731266576138,4.5,32.5
2025-08-10 00:28:00,particulate_cpm,435.9754465072528,4.5,32.5
2025-08-10 00:29:00,particulate_cpm,383.26466843478806,4.5,32.5
2025-08-10 00:30:00,particulate_cpm,436.9754465072528,4.5,32.5
2025-08-10 00:31:00,particulate_cpm,398.1923629529042,4.5,32.5
2025-08-10 00:32:00,particulate_cpm,393.1923629529042,4.5,32.5
2025-08-10 00:33:00,particulate_cpm,393.1923629529042,4.5,32.5
2025-08-10 00:34:00,particulate_cpm,382.7285156938461,4.5,32.5
2025-08-10 00:35:00,particulate_cpm,336.01773762138146,4.5,32.5
2025-08-10 00:36:00,particulate_cpm,442.9031410253689,4.5,32.5
2025-08-10 00:37:00,particulate_cpm,392.1923629529042,4.5,32.5
2025-08-10 00:38:00,particulate_cpm,338.94543213949765,4.5,32.5
2025-08-10 00:39:00,particulate_cpm,411.5839047300785,4.5,32.5
2025-08-10 00:40:00,particulate_cpm,424.0477519891366,4.5,32.5
2025-08-10 00:41:00,particulate_cpm,384.7285156938461,4.5,32.5
2025-08-10 00:42:00,particulate_cpm,386.7285156938461,4.5,32.5
2025-08-10 00:43:00,particulate_cpm,401.1200574710204,4.5,32.5
2025-08-10 00:44:00,particulate_cpm,362.80082117573,4.5,32.5
2025-08-10 00:45:00,particulate_cpm,427.9754465072528,4.5,32.5
2025-08-10 00:46:00,particulate_cpm,357.3369739166719,4.5,32.5
2025-08-10 00:47:00,particulate_cpm,351.8731266576138,4.5,32.5
2025-08-10 00:48:00,particulate_cpm,436.9754465072528,4.5,32.5
2025-08-10 00:49:00,particulate_cpm,495.22237732065935,4.5,32.5
2025-08-10 00:50:00,particulate_cpm,390.1923629529042,4.5,32.5
2025-08-10 00:51:00,particulate_cpm,466.8308355434851,4.5,32.5
2025-08-10 00:52:00,particulate_cpm,377.26466843478806,4.5,32.5
2025-08-10 00:53:00,particulate_cpm,399.65621021196233,4.5,32.5
2025-08-10 00:54:00,particulate_cpm,354.8731266576138,4.5,32.5
2025-08-10 00:55:00,particulate_cpm,391.7285156938461,4.5,32.5
2025-08-10 00:56:00,particulate_cpm,410.1200574710204,4.5,32.5
2025-08-10 00:57:00,particulate_cpm,341.94543213949765,4.5,32.5
2025-08-10 00:58:00,particulate_cpm,397.1923629529042,4.5,32.5
2025-08-10 00:59:00,particulate_cpm,397.1923629529042,4.5,32.5
2025-08-10 01:00:00,particulate_cpm,298.62619584420725,4.5,32.5
2025-08-10 01:01:00,particulate_cpm,406.1200574710204,4.5,32.5
2025-08-10 01:02:00,particulate_cpm,394.65621021196233,4.5,32.5
2025-08-10 01:03:00,particulate_cpm,392.7285156938461,4.5,32.5
2025-08-10 01:04:00,particulate_cpm,345.4092793985557,4.5,32.5
2025-08-10 01:05:00,particulate_cpm,374.26466843478806,4.5,32.5
2025-08-10 01:06:00,particulate_cpm,372.80082117573,4.5,32.5
2025-08-10 01:07:00,particulate_cpm,447.9031410253689,4.5,32.5
2025-08-10 01:08:00,particulate_cpm,471.2946828025432,4.5,32.5
2025-08-10 01:09:00,particulate_cpm,368.80082117573,4.5,32.5
2025-08-10 01:10:00,particulate_cpm,368.80082117573,4.5,32.5
2025-08-10 01:11:00,particulate_cpm,401.1923629529042,4.5,32.5
2025-08-10 01:12:00,particulate_cpm,460.366988284427,4.5,32.5
2025-08-10 01:13:00,particulate_cpm,472.2946828025432,4.5,32.5
2025-08-10 01:14:00,particulate_cpm,354.4092793985557,4.5,32.5
2025-08-10 01:15:00,particulate_cpm,436.4392937663108,4.5,32.5
2025-08-10 01:16:00,particulate_cpm,359.80082117573,4.5,32.5
2025-08-10 01:17:00,particulate_cpm,477.7585300616013,4.5,32.5
2025-08-10 01:18:00,particulate_cpm,395.1923629529042,4.5,32.5
2025-08-10 01:19:00,particulate_cpm,343.4092793985557,4.5,32.5
2025-08-10 01:20:00,particulate_cpm,406.1200574710204,4.5,32.5
2025-08-10 01:21:00,particulate_cpm,464.8308355434851,4.5,32.5
2025-08-10 01:22:00,particulate_cpm,435.9754465072528,4.5,32.5
2025-08-10 01:23:00,particulate_cpm,353.8731266576138,4.5,32.5
2025-08-10 01:24:00,particulate_cpm,362.3369739166719,4.5,32.5
2025-08-10 01:25:00,particulate_cpm,438.4392937663108,4.5,32.5
2025-08-10 01:26:00,particulate_cpm,331.4815848804395,4.5,32.5
2025-08-10 01:27:00,particulate_cpm,400.1200574710204,4.5,32.5
2025-08-10 01:28:00,particulate_cpm,434.5115992481946,4.5,32.5
2025-08-10 01:29:00,particulate_cpm,326.4815848804395,4.5,32.5
2025-08-10 01:30:00,particulate_cpm,372.26466843478806,4.5,32.5
2025-08-10 01:31:00,particulate_cpm,363.80082117573,4.5,32.5
2025-08-10 01:32:00,particulate_cpm,358.3369739166719,4.5,32.5
2025-08-10 01:33:00,particulate_cpm,455.366988284427,4.5,32.5
2025-08-10 01:34:00,particulate_cpm,338.94543213949765,4.5,32.5
2025-08-10 01:35:00,particulate_cpm,387.7285156938461,4.5,32.5
2025-08-10 01:36:00,particulate_cpm,326.4815848804395,4.5,32.5
2025-08-10 01:37:00,particulate_cpm,326.4815848804395,4.5,32.5
2025-08-10 01:38:00,particulate_cpm,363.80082117573,4.5,32.5
2025-08-10 01:39:00,particulate_cpm,421.0477519891366,4.5,32.5
2025-08-10 01:40:00,particulate_cpm,367.80082117573,4.5,32.5
2025-08-10 01:41:00,particulate_cpm,400.65621021196233,4.5,32.5
2025-08-10 01:42:00,particulate_cpm,365.3369739166719,4.5,32.5
2025-08-10 01:43:00,particulate_cpm,379.7285156938461,4.5,32.5
2025-08-10 01:44:00,particulate_cpm,431.5115992481946,4.5,32.5
2025-08-10 01:45:00,particulate_cpm,320.01773762138146,4.5,32.5
2025-08-10 01:46:00,particulate_cpm,363.80082117573,4.5,32.5
2025-08-10 01:47:00,particulate_cpm,363.80082117573,4.5,32.5
2025-08-10 01:48:00,particulate_cpm,316.5538903623234,4.5,32.5
2025-08-10 01:49:00,particulate_cpm,317.5538903623234,4.5,32.5
2025-08-10 01:50:00,particulate_cpm,349.8731266576138,4.5,32.5
2025-08-10 01:51:00,particulate_cpm,344.4092793985557,4.5,32.5
2025-08-10 01:52:00,particulate_cpm,518.0777663568917,4.5,32.5
2025-08-10 01:53:00,particulate_cpm,399.65621021196233,4.5,32.5
2025-08-10 01:54:00,particulate_cpm,378.26466843478806,4.5,32.5
2025-08-10 01:55:00,particulate_cpm,356.8731266576138,4.5,32.5
2025-08-10 01:56:00,particulate_cpm,375.26466843478806,4.5,32.5
2025-08-10 01:57:00,particulate_cpm,346.4092793985557,4.5,32.5
2025-08-10 01:58:00,particulate_cpm,375.26466843478806,4.5,32.5
2025-08-10 01:59:00,particulate_cpm,382.7285156938461,4.5,32.5
2025-08-10 02:00:00,particulate_cpm,397.1200574710204,4.5,32.5
2025-08-10 02:01:00,particulate_cpm,372.80082117573,4.5,32.5
2025-08-10 02:02:00,particulate_cpm,330.4815848804395,4.5,32.5
2025-08-10 02:03:00,particulate_cpm,380.7285156938461,4.5,32.5
2025-08-10 02:04:00,particulate_cpm,472.2946828025432,4.5,32.5
2025-08-10 02:05:00,particulate_cpm,325.01773762138146,4.5,32.5
2025-08-10 02:06:00,particulate_cpm,343.4092793985557,4.5,32.5
2025-08-10 02:07:00,particulate_cpm,363.80082117573,4.5,32.5
2025-08-10 02:08:00,particulate_cpm,335.94543213949765,4.5,32.5
2025-08-10 02:09:00,particulate_cpm,445.4392937663108,4.5,32.5
2025-08-10 02:10:00,particulate_cpm,308.0900431032653,4.5,32.5
2025-08-10 02:11:00,particulate_cpm,382.7285156938461,4.5,32.5
2025-08-10 02:12:00,particulate_cpm,374.80082117573,4.5,32.5
2025-08-10 02:13:00,particulate_cpm,371.80082117573,4.5,32.5
2025-08-10 02:14:00,particulate_cpm,468.8308355434851,4.5,32.5
2025-08-10 02:15:00,particulate_cpm,313.0900431032653,4.5,32.5
2025-08-10 02:16:00,particulate_cpm,324.01773762138146,4.5,32.5
2025-08-10 02:17:00,particulate_cpm,395.65621021196233,4.5,32.5
2025-08-10 02:18:00,particulate_cpm,370.80082117573,4.5,32.5
2025-08-10 02:19:00,particulate_cpm,324.01773762138146,4.5,32.5
2025-08-10 02:20:00,particulate_cpm,442.4392937663108,4.5,32.5
2025-08-10 02:21:00,particulate_cpm,436.5115992481946,4.5,32.5
2025-08-10 02:22:00,particulate_cpm,466.8308355434851,4.5,32.5
2025-08-10 02:23:00,particulate_cpm,352.8731266576138,4.5,32.5
2025-08-10 02:24:00,particulate_cpm,452.366988284427,4.5,32.5
2025-08-10 02:25:00,particulate_cpm,444.4392937663108,4.5,32.5
2025-08-10 02:26:00,particulate_cpm,418.0477519891366,4.5,32.5
2025-08-10 02:27:00,particulate_cpm,380.26466843478806,4.5,32.5
2025-08-10 02:28:00,particulate_cpm,314.0900431032653,4.5,32.5
2025-08-10 02:29:00,particulate_cpm,314.5538903623234,4.5,32.5
2025-08-10 02:30:00,particulate_cpm,429.0477519891366,4.5,32.5
2025-08-10 02:31:00,particulate_cpm,426.0477519891366,4.5,32.5
2025-08-10 02:32:00,particulate_cpm,323.4815848804395,4.5,32.5
2025-08-10 02:33:00,particulate_cpm,318.5538903623234,4.5,32.5
2025-08-10 02:34:00,particulate_cpm,290.1623485851491,4.5,32.5
2025-08-10 02:35:00,particulate_cpm,404.1200574710204,4.5,32.5
2025-08-10 02:36:00,particulate_cpm,397.65621021196233,4.5,32.5
2025-08-10 02:37:00,particulate_cpm,401.65621021196233,4.5,32.5
2025-08-10 02:38:00,particulate_cpm,376.26466843478806,4.5,32.5
2025-08-10 02:39:00,particulate_cpm,376.26466843478806,4.5,32.5
2025-08-10 02:40:00,particulate_cpm,426.5115992481946,4.5,32.5
2025-08-10 02:41:00,particulate_cpm,467.2946828025432,4.5,32.5
2025-08-10 02:42:00,particulate_cpm,304.62619584420725,4.5,32.5
2025-08-10 02:43:00,particulate_cpm,470.2946828025432,4.5,32.5
2025-08-10 02:44:00,particulate_cpm,363.80082117573,4.5,32.5
2025-08-10 02:45:00,particulate_cpm,382.7285156938461,4.5,32.5
2025-08-10 02:46:00,particulate_cpm,369.26466843478806,4.5,32.5
2025-08-10 02:47:00,particulate_cpm,354.3369739166719,4.5,32.5
2025-08-10 02:48:00,particulate_cpm,346.8731266576138,4.5,32.5
2025-08-10 02:49:00,particulate_cpm,426.0477519891366,4.5,32.5
2025-08-10 02:50:00,particulate_cpm,394.65621021196233,4.5,32.5
2025-08-10 02:51:00,particulate_cpm,468.2946828025432,4.5,32.5
2025-08-10 02:52:00,particulate_cpm,391.1923629529042,4.5,32.5
2025-08-10 02:53:00,particulate_cpm,423.5115992481946,4.5,32.5
2025-08-10 02:54:00,particulate_cpm,310.0900431032653,4.5,32.5
2025-08-10 02:55:00,particulate_cpm,436.9754465072528,4.5,32.5
2025-08-10 02:56:00,particulate_cpm,436.9754465072528,4.5,32.5
2025-08-10 02:57:00,particulate_cpm,432.9754465072528,4.5,32.5
2025-08-10 02:58:00,particulate_cpm,393.1923629529042,4.5,32.5
2025-08-10 02:59:00,particulate_cpm,383.7285156938461,4.5,32.5
2025-08-10 03:00:00,particulate_cpm,439.4392937663108,4.5,32.5
2025-08-10 03:01:00,particulate_cpm,439.4392937663108,4.5,32.5
2025-08-10 03:02:00,particulate_cpm,334.94543213949765,4.5,32.5
2025-08-10 03:03:00,particulate_cpm,340.4815848804395,4.5,32.5
2025-08-10 03:04:00,particulate_cpm,408.65621021196233,4.5,32.5
2025-08-10 03:05:00,particulate_cpm,348.8731266576138,4.5,32.5
2025-08-10 03:06:00,particulate_cpm,370.26466843478806,4.5,32.5
2025-08-10 03:07:00,particulate_cpm,371.3369739166719,4.5,32.5
2025-08-10 03:08:00,particulate_cpm,383.26466843478806,4.5,32.5
2025-08-10 03:09:00,particulate_cpm,414.0477519891366,4.5,32.5
2025-08-10 03:10:00,particulate_cpm,333.4815848804395,4.5,32.5
2025-08-10 03:11:00,particulate_cpm,392.65621021196233,4.5,32.5
2025-08-10 03:12:00,particulate_cpm,368.80082117573,4.5,32.5
2025-08-10 03:13:00,particulate_cpm,363.80082117573,4.5,32.5
2025-08-10 03:14:00,particulate_cpm,400.65621021196233,4.5,32.5
2025-08-10 03:15:00,particulate_cpm,392.1923629529042,4.5,32.5
2025-08-10 03:16:00,particulate_cpm,382.7285156938461,4.5,32.5
2025-08-10 03:17:00,particulate_cpm,447.4392937663108,4.5,32.5
2025-08-10 03:18:00,particulate_cpm,396.1923629529042,4.5,32.5
2025-08-10 03:19:00,particulate_cpm,366.3369739166719,4.5,32.5
2025-08-10 03:20:00,particulate_cpm,372.26466843478806,4.5,32.5
2025-08-10 03:21:00,particulate_cpm,354.8731266576138,4.5,32.5
2025-08-10 03:22:00,particulate_cpm,391.65621021196233,4.5,32.5
2025-08-10 03:23:00,particulate_cpm,417.0477519891366,4.5,32.5
2025-08-10 03:24:00,particulate_cpm,417.0477519891366,4.5,32.5
2025-08-10 03:25:00,particulate_cpm,389.1923629529042,4.5,32.5
2025-08-10 03:26:00,particulate_cpm,312.0900431032653,4.5,32.5
2025-08-10 03:27:00,particulate_cpm,350.4092793985557,4.5,32.5
2025-08-10 03:28:00,particulate_cpm,267.77080680797485,4.5,32.5
2025-08-10 03:29:00,particulate_cpm,430.5115992481946,4.5,32.5
2025-08-10 03:30:00,particulate_cpm,360.3369739166719,4.5,32.5
2025-08-10 03:31:00,particulate_cpm,344.4092793985557,4.5,32.5
2025-08-10 03:32:00,particulate_cpm,425.5115992481946,4.5,32.5
2025-08-10 03:33:00,particulate_cpm,460.366988284427,4.5,32.5
2025-08-10 03:34:00,particulate_cpm,427.0477519891366,4.5,32.5
2025-08-10 03:35:00,particulate_cpm,357.8731266576138,4.5,32.5
2025-08-10 03:36:00,particulate_cpm,396.65621021196233,4.5,32.5
2025-08-10 03:37:00,particulate_cpm,309.0900431032653,4.5,32.5
2025-08-10 03:38:00,particulate_cpm,326.4815848804395,4.5,32.5
2025-08-10 03:39:00,particulate_cpm,403.65621021196233,4.5,32.5
2025-08-10 03:40:00,particulate_cpm,432.5115992481946,4.5,32.5
2025-08-10 03:41:00,particulate_cpm,425.5115992481946,4.5,32.5
2025-08-10 03:42:00,particulate_cpm,366.80082117573,4.5,32.5
2025-08-10 03:43:00,particulate_cpm,398.1200574710204,4.5,32.5
2025-08-10 03:44:00,particulate_cpm,402.1200574710204,4.5,32.5
2025-08-10 03:45:00,particulate_cpm,428.5115992481946,4.5,32.5
2025-08-10 03:46:00,particulate_cpm,472.2946828025432,4.5,32.5
2025-08-10 03:47:00,particulate_cpm,362.3369739166719,4.5,32.5
2025-08-10 03:48:00,particulate_cpm,475.2946828025432,4.5,32.5
2025-08-10 03:49:00,particulate_cpm,367.80082117573,4.5,32.5
2025-08-10 03:50:00,particulate_cpm,378.26466843478806,4.5,32.5
2025-08-10 03:51:00,particulate_cpm,412.5839047300785,4.5,32.5
2025-08-10 03:52:00,particulate_cpm,266.3069595489168,4.5,32.5
2025-08-10 03:53:00,particulate_cpm,447.4392937663108,4.5,32.5
2025-08-10 03:54:00,particulate_cpm,363.8731266576138,4.5,32.5
2025-08-10 03:55:00,particulate_cpm,470.2946828025432,4.5,32.5
2025-08-10 03:56:00,particulate_cpm,335.4815848804395,4.5,32.5
2025-08-10 03:57:00,particulate_cpm,358.8731266576138,4.5,32.5
2025-08-10 03:58:00,particulate_cpm,452.9031410253689,4.5,32.5
2025-08-10 03:59:00,particulate_cpm,424.5115992481946,4.5,32.5
2025-08-10 04:00:00,particulate_cpm,324.01773762138146,4.5,32.5
2025-08-10 04:01:00,particulate_cpm,372.80082117573,4.5,32.5
2025-08-10 04:02:00,particulate_cpm,338.94543213949765,4.5,32.5
2025-08-10 04:03:00,particulate_cpm,369.80082117573,4.5,32.5
2025-08-10 04:04:00,particulate_cpm,490.22237732065935,4.5,32.5
2025-08-10 04:05:00,particulate_cpm,306.62619584420725,4.5,32.5
2025-08-10 04:06:00,particulate_cpm,421.0477519891366,4.5,32.5
2025-08-11 06:30:00,particulate_cpm,33.0,4.5,32.5
2025-08-11 06:37:00,particulate_cpm,33.0,4.5,32.5
2025-08-11 14:22:00,particulate_cpm,34.0,4.5,32.5
2025-08-11 17:47:00,particulate_cpm,35.0,4.5,32.5
2025-08-12 16:40:00,particulate_cpm,33.0,4.5,32.5
2025-08-12 17:42:00,particulate_cpm,34.0,4.5,32.5
2025-08-12 21:53:00,particulate_cpm,33.0,4.5,32.5
2025-08-13 16:27:00,particulate_cpm,34.0,4.5,32.5
2025-08-13 20:56:00,particulate_cpm,308.31300215362097,4.5,32.5
2025-08-13 20:57:00,particulate_cpm,372.85275877645535,4.5,32.5
2025-08-13 20:58:00,particulate_cpm,454.3925153992897,4.5,32.5
2025-08-13 20:59:00,particulate_cpm,354.2368561273216,4.5,32.5
2025-08-13 21:00:00,particulate_cpm,412.46866142558906,4.5,32.5
2025-08-13 21:01:00,particulate_cpm,313.31300215362097,4.5,32.5
2025-08-13 21:02:00,particulate_cpm,382.85275877645535,4.5,32.5
2025-08-13 21:03:00,particulate_cpm,424.776612750156,4.5,32.5
2025-08-13 21:04:00,particulate_cpm,315.31300215362097,4.5,32.5
2025-08-13 21:05:00,particulate_cpm,356.39083178960504,4.5,32.5
2025-08-13 21:06:00,particulate_cpm,364.54480745188846,4.5,32.5
2025-08-13 21:07:00,particulate_cpm,363.390831789605,4.5,32.5
2025-08-13 21:08:00,particulate_cpm,329.6209534781878,4.5,32.5
2025-08-13 21:09:00,particulate_cpm,368.390831789605,4.5,32.5
2025-08-13 21:10:00,particulate_cpm,429.776612750156,4.5,32.5
2025-08-13 21:11:00,particulate_cpm,339.9289048027547,4.5,32.5
2025-08-13 21:12:00,particulate_cpm,451.2385397370063,4.5,32.5
2025-08-13 21:13:00,particulate_cpm,323.6209534781878,4.5,32.5
2025-08-13 21:14:00,particulate_cpm,433.9305884124394,4.5,32.5
2025-08-13 21:15:00,particulate_cpm,345.08288046503816,4.5,32.5
2025-08-13 21:16:00,particulate_cpm,325.6209534781878,4.5,32.5
2025-08-13 21:17:00,particulate_cpm,403.16071010102223,4.5,32.5
2025-08-13 21:18:00,particulate_cpm,291.8510751667706,4.5,32.5
2025-08-13 21:19:00,particulate_cpm,347.08288046503816,4.5,32.5
2025-08-13 21:20:00,particulate_cpm,332.9289048027547,4.5,32.5
2025-08-13 21:21:00,particulate_cpm,447.0845640747228,4.5,32.5
2025-08-13 21:22:00,particulate_cpm,389.0067344387388,4.5,32.5
2025-08-13 21:23:00,particulate_cpm,389.0067344387388,4.5,32.5
2025-08-13 21:24:00,particulate_cpm,428.776612750156,4.5,32.5
2025-08-13 21:25:00,particulate_cpm,317.31300215362097,4.5,32.5
2025-08-13 21:26:00,particulate_cpm,372.6987831141719,4.5,32.5
2025-08-13 21:27:00,particulate_cpm,326.6209534781878,4.5,32.5
2025-08-13 21:28:00,particulate_cpm,408.46866142558906,4.5,32.5
2025-08-13 21:29:00,particulate_cpm,434.9305884124394,4.5,32.5
2025-08-13 21:30:00,particulate_cpm,381.85275877645535,4.5,32.5
2025-08-13 21:31:00,particulate_cpm,344.08288046503816,4.5,32.5
2025-08-13 21:32:00,particulate_cpm,364.54480745188846,4.5,32.5
2025-08-13 21:33:00,particulate_cpm,358.2368561273216,4.5,32.5
2025-08-13 21:34:00,particulate_cpm,398.0067344387388,4.5,32.5
2025-08-13 21:35:00,particulate_cpm,347.08288046503816,4.5,32.5
2025-08-13 21:36:00,particulate_cpm,400.0067344387388,4.5,32.5
2025-08-13 21:37:00,particulate_cpm,401.3146857633057,4.5,32.5
2025-08-13 21:38:00,particulate_cpm,347.08288046503816,4.5,32.5
2025-08-13 21:39:00,particulate_cpm,365.54480745188846,4.5,32.5
2025-08-13 21:40:00,particulate_cpm,394.16071010102223,4.5,32.5
2025-08-13 21:41:00,particulate_cpm,334.9289048027547,4.5,32.5
2025-08-13 21:42:00,particulate_cpm,354.2368561273216,4.5,32.5
2025-08-13 21:43:00,particulate_cpm,396.16071010102223,4.5,32.5
2025-08-13 21:44:00,particulate_cpm,288.8510751667706,4.5,32.5
2025-08-13 21:45:00,particulate_cpm,395.16071010102223,4.5,32.5
2025-08-13 21:46:00,particulate_cpm,348.08288046503816,4.5,32.5
2025-08-13 21:47:00,particulate_cpm,353.2368561273216,4.5,32.5
2025-08-13 21:48:00,particulate_cpm,388.0067344387388,4.5,32.5
2025-08-13 21:49:00,particulate_cpm,331.7749291404713,4.5,32.5
2025-08-13 21:50:00,particulate_cpm,342.08288046503816,4.5,32.5
2025-08-13 21:51:00,particulate_cpm,327.7749291404713,4.5,32.5
2025-08-13 21:52:00,particulate_cpm,480.1623937107069,4.5,32.5
2025-08-13 21:53:00,particulate_cpm,349.08288046503816,4.5,32.5
2025-08-13 21:54:00,particulate_cpm,316.31300215362097,4.5,32.5
2025-08-13 21:55:00,particulate_cpm,355.2368561273216,4.5,32.5
2025-08-13 21:56:00,particulate_cpm,313.31300215362097,4.5,32.5
2025-08-13 21:57:00,particulate_cpm,293.8510751667706,4.5,32.5
2025-08-13 21:58:00,particulate_cpm,300.0050508290541,4.5,32.5
2025-08-13 21:59:00,particulate_cpm,307.1590264913375,4.5,32.5
2025-08-13 22:00:00,particulate_cpm,406.3146857633057,4.5,32.5
2025-08-13 22:01:00,particulate_cpm,437.776612750156,4.5,32.5
2025-08-13 22:02:00,particulate_cpm,419.776612750156,4.5,32.5
2025-08-13 22:03:00,particulate_cpm,482.0084180484234,4.5,32.5
2025-08-13 22:04:00,particulate_cpm,478.0084180484234,4.5,32.5
2025-08-13 22:05:00,particulate_cpm,393.16071010102223,4.5,32.5
2025-08-13 22:06:00,particulate_cpm,404.16071010102223,4.5,32.5
2025-08-13 22:07:00,particulate_cpm,396.16071010102223,4.5,32.5
2025-08-13 22:08:00,particulate_cpm,348.2368561273216,4.5,32.5
2025-08-13 22:09:00,particulate_cpm,440.9305884124394,4.5,32.5
2025-08-13 22:10:00,particulate_cpm,504.4703450352738,4.5,32.5
2025-08-13 22:11:00,particulate_cpm,317.4669778159044,4.5,32.5
2025-08-13 22:12:00,particulate_cpm,425.776612750156,4.5,32.5
2025-08-13 22:13:00,particulate_cpm,434.9305884124394,4.5,32.5
2025-08-13 22:14:00,particulate_cpm,317.4669778159044,4.5,32.5
2025-08-13 22:15:00,particulate_cpm,346.08288046503816,4.5,32.5
2025-08-13 22:16:00,particulate_cpm,399.16071010102223,4.5,32.5
2025-08-13 22:17:00,particulate_cpm,351.2368561273216,4.5,32.5
2025-08-13 22:18:00,particulate_cpm,391.16071010102223,4.5,32.5
2025-08-13 22:19:00,particulate_cpm,362.390831789605,4.5,32.5
2025-08-13 22:20:00,particulate_cpm,411.6226370878725,4.5,32.5
2025-08-13 22:21:00,particulate_cpm,336.7749291404713,4.5,32.5
2025-08-13 22:22:00,particulate_cpm,302.1590264913375,4.5,32.5
2025-08-13 22:23:00,particulate_cpm,412.6226370878725,4.5,32.5
2025-08-13 22:24:00,particulate_cpm,382.85275877645535,4.5,32.5
2025-08-13 22:25:00,particulate_cpm,339.9289048027547,4.5,32.5
2025-08-13 22:26:00,particulate_cpm,376.6987831141719,4.5,32.5
2025-08-13 22:27:00,particulate_cpm,374.54480745188846,4.5,32.5
2025-08-13 22:28:00,particulate_cpm,360.2368561273216,4.5,32.5
2025-08-13 22:29:00,particulate_cpm,398.16071010102223,4.5,32.5
2025-08-13 22:30:00,particulate_cpm,407.46866142558906,4.5,32.5
2025-08-13 22:31:00,particulate_cpm,370.54480745188846,4.5,32.5
2025-08-13 22:32:00,particulate_cpm,313.31300215362097,4.5,32.5
2025-08-13 22:33:00,particulate_cpm,416.6226370878725,4.5,32.5
2025-08-13 22:34:00,particulate_cpm,373.54480745188846,4.5,32.5
2025-08-13 22:35:00,particulate_cpm,318.4669778159044,4.5,32.5
2025-08-13 22:36:00,particulate_cpm,386.0067344387388,4.5,32.5
2025-08-13 22:37:00,particulate_cpm,427.9305884124394,4.5,32.5
2025-08-13 22:38:00,particulate_cpm,327.6209534781878,4.5,32.5
2025-08-13 22:39:00,particulate_cpm,377.6987831141719,4.5,32.5
2025-08-13 22:40:00,particulate_cpm,335.7749291404713,4.5,32.5
2025-08-13 22:41:00,particulate_cpm,406.3146857633057,4.5,32.5
2025-08-13 22:42:00,particulate_cpm,342.9289048027547,4.5,32.5
2025-08-13 22:43:00,particulate_cpm,454.3925153992897,4.5,32.5
2025-08-13 22:44:00,particulate_cpm,404.3146857633057,4.5,32.5
2025-08-13 22:45:00,particulate_cpm,409.46866142558906,4.5,32.5
2025-08-13 22:46:00,particulate_cpm,360.390831789605,4.5,32.5
2025-08-13 22:47:00,particulate_cpm,333.9289048027547,4.5,32.5
2025-08-13 22:48:00,particulate_cpm,323.6209534781878,4.5,32.5
2025-08-13 22:49:00,particulate_cpm,411.6226370878725,4.5,32.5
2025-08-13 22:50:00,particulate_cpm,346.08288046503816,4.5,32.5
2025-08-13 22:51:00,particulate_cpm,328.6209534781878,4.5,32.5
2025-08-13 22:52:00,particulate_cpm,406.46866142558906,4.5,32.5
2025-08-13 22:53:00,particulate_cpm,337.9289048027547,4.5,32.5
2025-08-13 22:54:00,particulate_cpm,383.85275877645535,4.5,32.5
2025-08-13 22:55:00,particulate_cpm,410.46866142558906,4.5,32.5
2025-08-13 22:56:00,particulate_cpm,386.85275877645535,4.5,32.5
2025-08-13 22:57:00,particulate_cpm,415.6226370878725,4.5,32.5
2025-08-13 22:58:00,particulate_cpm,415.6226370878725,4.5,32.5
2025-08-13 22:59:00,particulate_cpm,375.6987831141719,4.5,32.5
2025-08-13 23:00:00,particulate_cpm,353.2368561273216,4.5,32.5
2025-08-13 23:01:00,particulate_cpm,391.0067344387388,4.5,32.5
2025-08-13 23:02:00,particulate_cpm,391.0067344387388,4.5,32.5
2025-08-13 23:03:00,particulate_cpm,357.39083178960504,4.5,32.5
2025-08-13 23:04:00,particulate_cpm,374.6987831141719,4.5,32.5
2025-08-13 23:05:00,particulate_cpm,405.3146857633057,4.5,32.5
2025-08-13 23:06:00,particulate_cpm,367.54480745188846,4.5,32.5
2025-08-13 23:07:00,particulate_cpm,367.390831789605,4.5,32.5
2025-08-13 23:08:00,particulate_cpm,409.46866142558906,4.5,32.5
2025-08-13 23:09:00,particulate_cpm,246.92722119307,4.5,32.5
2025-08-13 23:10:00,particulate_cpm,331.7749291404713,4.5,32.5
2025-08-13 23:11:00,particulate_cpm,461.54649106157314,4.5,32.5
2025-08-13 23:12:00,particulate_cpm,287.8510751667706,4.5,32.5
2025-08-13 23:13:00,particulate_cpm,375.6987831141719,4.5,32.5
2025-08-13 23:14:00,particulate_cpm,415.46866142558906,4.5,32.5
2025-08-13 23:15:00,particulate_cpm,374.6987831141719,4.5,32.5
2025-08-13 23:16:00,particulate_cpm,442.0845640747228,4.5,32.5
2025-08-13 23:17:00,particulate_cpm,355.2368561273216,4.5,32.5
2025-08-13 23:18:00,particulate_cpm,355.2368561273216,4.5,32.5
2025-08-13 23:19:00,particulate_cpm,421.6226370878725,4.5,32.5
2025-08-13 23:20:00,particulate_cpm,393.16071010102223,4.5,32.5
2025-08-13 23:21:00,particulate_cpm,395.16071010102223,4.5,32.5
2025-08-13 23:22:00,particulate_cpm,355.2368561273216,4.5,32.5
2025-08-13 23:23:00,particulate_cpm,319.6209534781878,4.5,32.5
2025-08-13 23:24:00,particulate_cpm,391.16071010102223,4.5,32.5
2025-08-13 23:25:00,particulate_cpm,321.4669778159044,4.5,32.5
2025-08-13 23:26:00,particulate_cpm,396.3146857633057,4.5,32.5
2025-08-13 23:27:00,particulate_cpm,396.3146857633057,4.5,32.5
2025-08-13 23:28:00,particulate_cpm,399.3146857633057,4.5,32.5
2025-08-13 23:29:00,particulate_cpm,357.2368561273216,4.5,32.5
2025-08-13 23:30:00,particulate_cpm,371.6987831141719,4.5,32.5
2025-08-13 23:31:00,particulate_cpm,353.2368561273216,4.5,32.5
2025-08-13 23:32:00,particulate_cpm,414.6226370878725,4.5,32.5
2025-08-13 23:33:00,particulate_cpm,349.2368561273216,4.5,32.5
2025-08-13 23:34:00,particulate_cpm,369.54480745188846,4.5,32.5
2025-08-13 23:35:00,particulate_cpm,418.6226370878725,4.5,32.5
2025-08-13 23:36:00,particulate_cpm,502.4703450352738,4.5,32.5
2025-08-13 23:37:00,particulate_cpm,407.6226370878725,4.5,32.5
2025-08-13 23:38:00,particulate_cpm,410.46866142558906,4.5,32.5
2025-08-13 23:39:00,particulate_cpm,417.46866142558906,4.5,32.5
2025-08-13 23:40:00,particulate_cpm,369.6987831141719,4.5,32.5
2025-08-13 23:41:00,particulate_cpm,385.0067344387388,4.5,32.5
2025-08-13 23:42:00,particulate_cpm,341.9289048027547,4.5,32.5
2025-08-13 23:43:00,particulate_cpm,323.4669778159044,4.5,32.5
2025-08-13 23:44:00,particulate_cpm,378.6987831141719,4.5,32.5
2025-08-13 23:45:00,particulate_cpm,302.0050508290541,4.5,32.5
2025-08-13 23:46:00,particulate_cpm,378.85275877645535,4.5,32.5
2025-08-13 23:47:00,particulate_cpm,314.4669778159044,4.5,32.5
2025-08-13 23:48:00,particulate_cpm,374.6987831141719,4.5,32.5
2025-08-13 23:49:00,particulate_cpm,374.6987831141719,4.5,32.5
2025-08-13 23:50:00,particulate_cpm,355.2368561273216,4.5,32.5
2025-08-13 23:51:00,particulate_cpm,410.46866142558906,4.5,32.5
2025-08-13 23:52:00,particulate_cpm,392.0067344387388,4.5,32.5
2025-08-13 23:53:00,particulate_cpm,501.3163693729903,4.5,32.5
2025-08-13 23:54:00,particulate_cpm,399.16071010102223,4.5,32.5
2025-08-13 23:55:00,particulate_cpm,343.9289048027547,4.5,32.5
2025-08-13 23:56:00,particulate_cpm,490.1623937107069,4.5,32.5
2025-08-13 23:57:00,particulate_cpm,311.31300215362097,4.5,32.5
2025-08-13 23:58:00,particulate_cpm,345.2368561273216,4.5,32.5
2025-08-14 08:38:00,particulate_cpm,33.0,4.5,32.5
